row_id,language,language_name,review_date,created_at,updated_at,created_ms,updated_ms,recommended,eventually_edited,playtime_hours
1,1,English,2024-03-18,2024-03-18 00:03:00,2024-03-18 00:03:00,2026339380000,2026339380000,1,0,13
2,1,English,2024-03-18,2024-03-18 02:03:00,2024-03-18 02:03:00,2026346580000,2026346580000,1,0,24
3,1,English,2024-03-18,2024-03-18 04:03:00,2024-03-18 04:03:00,2026353780000,2026353780000,1,0,35
4,1,English,2024-03-18,2024-03-18 06:03:00,2024-03-19 07:03:00,2026360980000,2026450980000,1,1,46
5,1,English,2024-03-18,2024-03-18 08:03:00,2024-03-18 08:03:00,2026368180000,2026368180000,1,0,57
6,1,English,2024-03-18,2024-03-18 10:03:00,2024-03-18 10:03:00,2026375380000,2026375380000,1,0,68
7,1,English,2024-03-18,2024-03-18 12:03:00,2024-03-18 12:03:00,2026382580000,2026382580000,1,0,79
8,1,English,2024-03-18,2024-03-18 14:03:00,2024-03-18 14:03:00,2026389780000,2026389780000,1,0,90
9,1,English,2024-03-18,2024-03-18 16:03:00,2024-03-18 16:03:00,2026396980000,2026396980000,1,0,101
10,1,English,2024-03-18,2024-03-18 18:03:00,2024-03-18 18:03:00,2026404180000,2026404180000,0,0,112
11,1,English,2024-03-18,2024-03-18 20:03:00,2024-03-20 21:03:00,2026411380000,2026587780000,1,1,123
12,1,English,2024-03-18,2024-03-18 22:03:00,2024-03-18 22:03:00,2026418580000,2026418580000,1,0,134
13,2,Simplified Chinese,2024-03-18,2024-03-18 00:06:00,2024-03-18 00:06:00,2026339560000,2026339560000,1,0,18
14,2,Simplified Chinese,2024-03-18,2024-03-18 02:06:00,2024-03-18 02:06:00,2026346760000,2026346760000,1,0,29
15,2,Simplified Chinese,2024-03-18,2024-03-18 04:06:00,2024-03-18 04:06:00,2026353960000,2026353960000,0,0,40
16,2,Simplified Chinese,2024-03-18,2024-03-18 06:06:00,2024-03-18 06:06:00,2026361160000,2026361160000,1,0,51
17,2,Simplified Chinese,2024-03-18,2024-03-18 08:06:00,2024-03-18 08:06:00,2026368360000,2026368360000,1,0,62
18,2,Simplified Chinese,2024-03-18,2024-03-18 10:06:00,2024-03-18 10:06:00,2026375560000,2026375560000,1,0,73
19,2,Simplified Chinese,2024-03-18,2024-03-18 12:06:00,2024-03-19 14:06:00,2026382760000,2026476360000,1,1,84
20,2,Simplified Chinese,2024-03-18,2024-03-18 14:06:00,2024-03-18 14:06:00,2026389960000,2026389960000,1,0,95
21,2,Simplified Chinese,2024-03-18,2024-03-18 16:06:00,2024-03-18 16:06:00,2026397160000,2026397160000,1,0,106
22,2,Simplified Chinese,2024-03-18,2024-03-18 18:06:00,2024-03-18 18:06:00,2026404360000,2026404360000,1,0,117
23,2,Simplified Chinese,2024-03-18,2024-03-18 20:06:00,2024-03-18 20:06:00,2026411560000,2026411560000,1,0,128
24,2,Simplified Chinese,2024-03-18,2024-03-18 22:06:00,2024-03-18 22:06:00,2026418760000,2026418760000,1,0,139
25,3,Spanish,2024-03-18,2024-03-18 00:09:00,2024-03-18 00:09:00,2026339740000,2026339740000,1,0,23
26,3,Spanish,2024-03-18,2024-03-18 02:09:00,2024-03-18 02:09:00,2026346940000,2026346940000,1,0,34
27,3,Spanish,2024-03-18,2024-03-18 04:09:00,2024-03-18 04:09:00,2026354140000,2026354140000,1,0,45
28,3,Spanish,2024-03-18,2024-03-18 06:09:00,2024-03-18 06:09:00,2026361340000,2026361340000,1,0,56
29,3,Spanish,2024-03-18,2024-03-18 08:09:00,2024-03-18 08:09:00,2026368540000,2026368540000,1,0,67
30,3,Spanish,2024-03-18,2024-03-18 10:09:00,2024-03-18 10:09:00,2026375740000,2026375740000,1,0,78
31,3,Spanish,2024-03-18,2024-03-18 12:09:00,2024-03-18 12:09:00,2026382940000,2026382940000,1,0,89
32,3,Spanish,2024-03-18,2024-03-18 14:09:00,2024-03-18 14:09:00,2026390140000,2026390140000,1,0,100
33,3,Spanish,2024-03-18,2024-03-18 16:09:00,2024-03-18 16:09:00,2026397340000,2026397340000,0,0,111
34,3,Spanish,2024-03-18,2024-03-18 18:09:00,2024-03-19 21:09:00,2026404540000,2026501740000,1,1,122
35,3,Spanish,2024-03-18,2024-03-18 20:09:00,2024-03-18 20:09:00,2026411740000,2026411740000,1,0,133
36,3,Spanish,2024-03-18,2024-03-18 22:09:00,2024-03-18 22:09:00,2026418940000,2026418940000,1,0,144
37,4,Japanese,2024-03-18,2024-03-18 00:12:00,2024-03-18 00:12:00,2026339920000,2026339920000,1,0,28
38,4,Japanese,2024-03-18,2024-03-18 02:12:00,2024-03-18 02:12:00,2026347120000,2026347120000,0,0,39
39,4,Japanese,2024-03-18,2024-03-18 04:12:00,2024-03-18 04:12:00,2026354320000,2026354320000,1,0,50
40,4,Japanese,2024-03-18,2024-03-18 06:12:00,2024-03-18 06:12:00,2026361520000,2026361520000,1,0,61
41,4,Japanese,2024-03-18,2024-03-18 08:12:00,2024-03-18 08:12:00,2026368720000,2026368720000,1,0,72
42,4,Japanese,2024-03-18,2024-03-18 10:12:00,2024-03-18 10:12:00,2026375920000,2026375920000,1,0,83
43,4,Japanese,2024-03-18,2024-03-18 12:12:00,2024-03-18 12:12:00,2026383120000,2026383120000,1,0,94
44,4,Japanese,2024-03-18,2024-03-18 14:12:00,2024-03-18 14:12:00,2026390320000,2026390320000,1,0,105
45,4,Japanese,2024-03-18,2024-03-18 16:12:00,2024-03-18 16:12:00,2026397520000,2026397520000,1,0,116
46,4,Japanese,2024-03-18,2024-03-18 18:12:00,2024-03-18 18:12:00,2026404720000,2026404720000,1,0,127
47,4,Japanese,2024-03-18,2024-03-18 20:12:00,2024-03-18 20:12:00,2026411920000,2026411920000,1,0,138
48,4,Japanese,2024-03-18,2024-03-18 22:12:00,2024-03-18 22:12:00,2026419120000,2026419120000,1,0,149
49,1,English,2024-03-19,2024-03-19 00:03:00,2024-03-19 00:03:00,2026425780000,2026425780000,1,0,20
50,1,English,2024-03-19,2024-03-19 02:03:00,2024-03-19 02:03:00,2026432980000,2026432980000,1,0,31
51,1,English,2024-03-19,2024-03-19 04:03:00,2024-03-19 04:03:00,2026440180000,2026440180000,0,0,42
52,1,English,2024-03-19,2024-03-19 06:03:00,2024-03-19 06:03:00,2026447380000,2026447380000,1,0,53
53,1,English,2024-03-19,2024-03-19 08:03:00,2024-03-19 08:03:00,2026454580000,2026454580000,1,0,64
54,1,English,2024-03-19,2024-03-19 10:03:00,2024-03-19 10:03:00,2026461780000,2026461780000,1,0,75
55,1,English,2024-03-19,2024-03-19 12:03:00,2024-03-19 12:03:00,2026468980000,2026468980000,1,0,86
56,1,English,2024-03-19,2024-03-19 14:03:00,2024-03-19 14:03:00,2026476180000,2026476180000,1,0,97
57,1,English,2024-03-19,2024-03-19 16:03:00,2024-03-19 16:03:00,2026483380000,2026483380000,1,0,108
58,1,English,2024-03-19,2024-03-19 18:03:00,2024-03-19 18:03:00,2026490580000,2026490580000,1,0,119
59,1,English,2024-03-19,2024-03-19 20:03:00,2024-03-19 20:03:00,2026497780000,2026497780000,1,0,130
60,1,English,2024-03-19,2024-03-19 22:03:00,2024-03-19 22:03:00,2026504980000,2026504980000,1,0,141
61,2,Simplified Chinese,2024-03-19,2024-03-19 00:06:00,2024-03-19 00:06:00,2026425960000,2026425960000,1,0,25
62,2,Simplified Chinese,2024-03-19,2024-03-19 02:06:00,2024-03-19 02:06:00,2026433160000,2026433160000,1,0,36
63,2,Simplified Chinese,2024-03-19,2024-03-19 04:06:00,2024-03-22 06:06:00,2026440360000,2026706760000,1,1,47
64,2,Simplified Chinese,2024-03-19,2024-03-19 06:06:00,2024-03-19 06:06:00,2026447560000,2026447560000,1,0,58
65,2,Simplified Chinese,2024-03-19,2024-03-19 08:06:00,2024-03-19 08:06:00,2026454760000,2026454760000,1,0,69
66,2,Simplified Chinese,2024-03-19,2024-03-19 10:06:00,2024-03-19 10:06:00,2026461960000,2026461960000,1,0,80
67,2,Simplified Chinese,2024-03-19,2024-03-19 12:06:00,2024-03-19 12:06:00,2026469160000,2026469160000,1,0,91
68,2,Simplified Chinese,2024-03-19,2024-03-19 14:06:00,2024-03-19 14:06:00,2026476360000,2026476360000,1,0,102
69,2,Simplified Chinese,2024-03-19,2024-03-19 16:06:00,2024-03-19 16:06:00,2026483560000,2026483560000,1,0,113
70,2,Simplified Chinese,2024-03-19,2024-03-19 18:06:00,2024-03-19 18:06:00,2026490760000,2026490760000,1,0,124
71,2,Simplified Chinese,2024-03-19,2024-03-19 20:06:00,2024-03-19 20:06:00,2026497960000,2026497960000,1,0,135
72,2,Simplified Chinese,2024-03-19,2024-03-19 22:06:00,2024-03-19 22:06:00,2026505160000,2026505160000,1,0,146
73,3,Spanish,2024-03-19,2024-03-19 00:09:00,2024-03-19 00:09:00,2026426140000,2026426140000,1,0,30
74,3,Spanish,2024-03-19,2024-03-19 02:09:00,2024-03-19 02:09:00,2026433340000,2026433340000,1,0,41
75,3,Spanish,2024-03-19,2024-03-19 04:09:00,2024-03-19 04:09:00,2026440540000,2026440540000,1,0,52
76,3,Spanish,2024-03-19,2024-03-19 06:09:00,2024-03-19 06:09:00,2026447740000,2026447740000,1,0,63
77,3,Spanish,2024-03-19,2024-03-19 08:09:00,2024-03-19 08:09:00,2026454940000,2026454940000,1,0,74
78,3,Spanish,2024-03-19,2024-03-19 10:09:00,2024-03-19 10:09:00,2026462140000,2026462140000,1,0,85
79,3,Spanish,2024-03-19,2024-03-19 12:09:00,2024-03-19 12:09:00,2026469340000,2026469340000,1,0,96
80,3,Spanish,2024-03-19,2024-03-19 14:09:00,2024-03-19 14:09:00,2026476540000,2026476540000,1,0,107
81,3,Spanish,2024-03-19,2024-03-19 16:09:00,2024-03-19 16:09:00,2026483740000,2026483740000,1,0,118
82,3,Spanish,2024-03-19,2024-03-19 18:09:00,2024-03-19 18:09:00,2026490940000,2026490940000,1,0,129
83,3,Spanish,2024-03-19,2024-03-19 20:09:00,2024-03-19 20:09:00,2026498140000,2026498140000,1,0,140
84,3,Spanish,2024-03-19,2024-03-19 22:09:00,2024-03-19 22:09:00,2026505340000,2026505340000,1,0,151
85,4,Japanese,2024-03-19,2024-03-19 00:12:00,2024-03-19 00:12:00,2026426320000,2026426320000,1,0,35
86,4,Japanese,2024-03-19,2024-03-19 02:12:00,2024-03-21 06:12:00,2026433520000,2026620720000,1,1,46
87,4,Japanese,2024-03-19,2024-03-19 04:12:00,2024-03-19 04:12:00,2026440720000,2026440720000,1,0,57
88,4,Japanese,2024-03-19,2024-03-19 06:12:00,2024-03-19 06:12:00,2026447920000,2026447920000,1,0,68
89,4,Japanese,2024-03-19,2024-03-19 08:12:00,2024-03-19 08:12:00,2026455120000,2026455120000,1,0,79
90,4,Japanese,2024-03-19,2024-03-19 10:12:00,2024-03-19 10:12:00,2026462320000,2026462320000,1,0,90
91,4,Japanese,2024-03-19,2024-03-19 12:12:00,2024-03-19 12:12:00,2026469520000,2026469520000,1,0,101
92,4,Japanese,2024-03-19,2024-03-19 14:12:00,2024-03-19 14:12:00,2026476720000,2026476720000,1,0,112
93,4,Japanese,2024-03-19,2024-03-19 16:12:00,2024-03-19 16:12:00,2026483920000,2026483920000,1,0,123
94,4,Japanese,2024-03-19,2024-03-19 18:12:00,2024-03-19 18:12:00,2026491120000,2026491120000,1,0,134
95,4,Japanese,2024-03-19,2024-03-19 20:12:00,2024-03-19 20:12:00,2026498320000,2026498320000,0,0,145
96,4,Japanese,2024-03-19,2024-03-19 22:12:00,2024-03-19 22:12:00,2026505520000,2026505520000,1,0,156
97,1,English,2024-03-20,2024-03-20 00:03:00,2024-03-20 00:03:00,2026512180000,2026512180000,1,0,27
98,1,English,2024-03-20,2024-03-20 02:03:00,2024-03-20 02:03:00,2026519380000,2026519380000,1,0,38
99,1,English,2024-03-20,2024-03-20 04:03:00,2024-03-20 04:03:00,2026526580000,2026526580000,1,0,49
100,1,English,2024-03-20,2024-03-20 06:03:00,2024-03-20 06:03:00,2026533780000,2026533780000,1,0,60
101,1,English,2024-03-20,2024-03-20 08:03:00,2024-03-20 08:03:00,2026540980000,2026540980000,1,0,71
102,1,English,2024-03-20,2024-03-20 10:03:00,2024-03-23 11:03:00,2026548180000,2026810980000,1,1,82
103,1,English,2024-03-20,2024-03-20 12:03:00,2024-03-20 12:03:00,2026555380000,2026555380000,1,0,93
104,1,English,2024-03-20,2024-03-20 14:03:00,2024-03-20 14:03:00,2026562580000,2026562580000,1,0,104
105,1,English,2024-03-20,2024-03-20 16:03:00,2024-03-20 16:03:00,2026569780000,2026569780000,1,0,115
106,1,English,2024-03-20,2024-03-20 18:03:00,2024-03-20 18:03:00,2026576980000,2026576980000,1,0,126
107,1,English,2024-03-20,2024-03-20 20:03:00,2024-03-20 20:03:00,2026584180000,2026584180000,1,0,137
108,1,English,2024-03-20,2024-03-20 22:03:00,2024-03-20 22:03:00,2026591380000,2026591380000,0,0,148
109,2,Simplified Chinese,2024-03-20,2024-03-20 00:06:00,2024-03-20 00:06:00,2026512360000,2026512360000,1,0,32
110,2,Simplified Chinese,2024-03-20,2024-03-20 02:06:00,2024-03-22 04:06:00,2026519560000,2026699560000,1,1,43
111,2,Simplified Chinese,2024-03-20,2024-03-20 04:06:00,2024-03-20 04:06:00,2026526760000,2026526760000,1,0,54
112,2,Simplified Chinese,2024-03-20,2024-03-20 06:06:00,2024-03-20 06:06:00,2026533960000,2026533960000,1,0,65
113,2,Simplified Chinese,2024-03-20,2024-03-20 08:06:00,2024-03-20 08:06:00,2026541160000,2026541160000,0,0,76
114,2,Simplified Chinese,2024-03-20,2024-03-20 10:06:00,2024-03-20 10:06:00,2026548360000,2026548360000,1,0,87
115,2,Simplified Chinese,2024-03-20,2024-03-20 12:06:00,2024-03-20 12:06:00,2026555560000,2026555560000,1,0,98
116,2,Simplified Chinese,2024-03-20,2024-03-20 14:06:00,2024-03-20 14:06:00,2026562760000,2026562760000,1,0,109
117,2,Simplified Chinese,2024-03-20,2024-03-20 16:06:00,2024-03-23 18:06:00,2026569960000,2026836360000,1,1,120
118,2,Simplified Chinese,2024-03-20,2024-03-20 18:06:00,2024-03-20 18:06:00,2026577160000,2026577160000,1,0,131
119,2,Simplified Chinese,2024-03-20,2024-03-20 20:06:00,2024-03-20 20:06:00,2026584360000,2026584360000,1,0,142
120,2,Simplified Chinese,2024-03-20,2024-03-20 22:06:00,2024-03-20 22:06:00,2026591560000,2026591560000,1,0,153
121,3,Spanish,2024-03-20,2024-03-20 00:09:00,2024-03-20 00:09:00,2026512540000,2026512540000,1,0,37
122,3,Spanish,2024-03-20,2024-03-20 02:09:00,2024-03-20 02:09:00,2026519740000,2026519740000,1,0,48
123,3,Spanish,2024-03-20,2024-03-20 04:09:00,2024-03-20 04:09:00,2026526940000,2026526940000,1,0,59
124,3,Spanish,2024-03-20,2024-03-20 06:09:00,2024-03-20 06:09:00,2026534140000,2026534140000,1,0,70
125,3,Spanish,2024-03-20,2024-03-20 08:09:00,2024-03-22 11:09:00,2026541340000,2026724940000,1,1,81
126,3,Spanish,2024-03-20,2024-03-20 10:09:00,2024-03-20 10:09:00,2026548540000,2026548540000,1,0,92
127,3,Spanish,2024-03-20,2024-03-20 12:09:00,2024-03-20 12:09:00,2026555740000,2026555740000,1,0,103
128,3,Spanish,2024-03-20,2024-03-20 14:09:00,2024-03-20 14:09:00,2026562940000,2026562940000,1,0,114
129,3,Spanish,2024-03-20,2024-03-20 16:09:00,2024-03-20 16:09:00,2026570140000,2026570140000,1,0,125
130,3,Spanish,2024-03-20,2024-03-20 18:09:00,2024-03-20 18:09:00,2026577340000,2026577340000,1,0,136
131,3,Spanish,2024-03-20,2024-03-20 20:09:00,2024-03-20 20:09:00,2026584540000,2026584540000,0,0,147
132,3,Spanish,2024-03-20,2024-03-20 22:09:00,2024-03-24 01:09:00,2026591740000,2026861740000,1,1,158
133,4,Japanese,2024-03-20,2024-03-20 00:12:00,2024-03-20 00:12:00,2026512720000,2026512720000,1,0,42
134,4,Japanese,2024-03-20,2024-03-20 02:12:00,2024-03-20 02:12:00,2026519920000,2026519920000,1,0,53
135,4,Japanese,2024-03-20,2024-03-20 04:12:00,2024-03-20 04:12:00,2026527120000,2026527120000,1,0,64
136,4,Japanese,2024-03-20,2024-03-20 06:12:00,2024-03-20 06:12:00,2026534320000,2026534320000,0,0,75
137,4,Japanese,2024-03-20,2024-03-20 08:12:00,2024-03-20 08:12:00,2026541520000,2026541520000,1,0,86
138,4,Japanese,2024-03-20,2024-03-20 10:12:00,2024-03-20 10:12:00,2026548720000,2026548720000,1,0,97
139,4,Japanese,2024-03-20,2024-03-20 12:12:00,2024-03-20 12:12:00,2026555920000,2026555920000,1,0,108
140,4,Japanese,2024-03-20,2024-03-20 14:12:00,2024-03-22 18:12:00,2026563120000,2026750320000,1,1,119
141,4,Japanese,2024-03-20,2024-03-20 16:12:00,2024-03-20 16:12:00,2026570320000,2026570320000,1,0,130
142,4,Japanese,2024-03-20,2024-03-20 18:12:00,2024-03-20 18:12:00,2026577520000,2026577520000,1,0,141
143,4,Japanese,2024-03-20,2024-03-20 20:12:00,2024-03-20 20:12:00,2026584720000,2026584720000,1,0,152
144,4,Japanese,2024-03-20,2024-03-20 22:12:00,2024-03-20 22:12:00,2026591920000,2026591920000,1,0,163
145,1,English,2024-03-21,2024-03-21 00:03:00,2024-03-21 00:03:00,2026598580000,2026598580000,1,0,34
146,1,English,2024-03-21,2024-03-21 02:03:00,2024-03-21 02:03:00,2026605780000,2026605780000,1,0,45
147,1,English,2024-03-21,2024-03-21 04:03:00,2024-03-21 04:03:00,2026612980000,2026612980000,1,0,56
148,1,English,2024-03-21,2024-03-21 06:03:00,2024-03-21 06:03:00,2026620180000,2026620180000,1,0,67
149,1,English,2024-03-21,2024-03-21 08:03:00,2024-03-21 08:03:00,2026627380000,2026627380000,0,0,78
150,1,English,2024-03-21,2024-03-21 10:03:00,2024-03-21 10:03:00,2026634580000,2026634580000,1,0,89
151,1,English,2024-03-21,2024-03-21 12:03:00,2024-03-21 12:03:00,2026641780000,2026641780000,1,0,100
152,1,English,2024-03-21,2024-03-21 14:03:00,2024-03-21 14:03:00,2026648980000,2026648980000,1,0,111
153,1,English,2024-03-21,2024-03-21 16:03:00,2024-03-21 16:03:00,2026656180000,2026656180000,1,0,122
154,1,English,2024-03-21,2024-03-21 18:03:00,2024-03-21 18:03:00,2026663380000,2026663380000,1,0,133
155,1,English,2024-03-21,2024-03-21 20:03:00,2024-03-21 20:03:00,2026670580000,2026670580000,1,0,144
156,1,English,2024-03-21,2024-03-21 22:03:00,2024-03-24 23:03:00,2026677780000,2026940580000,1,1,155
157,2,Simplified Chinese,2024-03-21,2024-03-21 00:06:00,2024-03-21 00:06:00,2026598760000,2026598760000,1,0,39
158,2,Simplified Chinese,2024-03-21,2024-03-21 02:06:00,2024-03-21 02:06:00,2026605960000,2026605960000,1,0,50
159,2,Simplified Chinese,2024-03-21,2024-03-21 04:06:00,2024-03-21 04:06:00,2026613160000,2026613160000,1,0,61
160,2,Simplified Chinese,2024-03-21,2024-03-21 06:06:00,2024-03-21 06:06:00,2026620360000,2026620360000,1,0,72
161,2,Simplified Chinese,2024-03-21,2024-03-21 08:06:00,2024-03-21 08:06:00,2026627560000,2026627560000,1,0,83
162,2,Simplified Chinese,2024-03-21,2024-03-21 10:06:00,2024-03-21 10:06:00,2026634760000,2026634760000,1,0,94
163,2,Simplified Chinese,2024-03-21,2024-03-21 12:06:00,2024-03-21 12:06:00,2026641960000,2026641960000,1,0,105
164,2,Simplified Chinese,2024-03-21,2024-03-21 14:06:00,2024-03-21 14:06:00,2026649160000,2026649160000,1,0,116
165,2,Simplified Chinese,2024-03-21,2024-03-21 16:06:00,2024-03-21 16:06:00,2026656360000,2026656360000,1,0,127
166,2,Simplified Chinese,2024-03-21,2024-03-21 18:06:00,2024-03-21 18:06:00,2026663560000,2026663560000,1,0,138
167,2,Simplified Chinese,2024-03-21,2024-03-21 20:06:00,2024-03-21 20:06:00,2026670760000,2026670760000,1,0,149
168,2,Simplified Chinese,2024-03-21,2024-03-21 22:06:00,2024-03-21 22:06:00,2026677960000,2026677960000,1,0,160
169,3,Spanish,2024-03-21,2024-03-21 00:09:00,2024-03-21 00:09:00,2026598940000,2026598940000,1,0,44
170,3,Spanish,2024-03-21,2024-03-21 02:09:00,2024-03-21 02:09:00,2026606140000,2026606140000,1,0,55
171,3,Spanish,2024-03-21,2024-03-21 04:09:00,2024-03-21 04:09:00,2026613340000,2026613340000,1,0,66
172,3,Spanish,2024-03-21,2024-03-21 06:09:00,2024-03-21 06:09:00,2026620540000,2026620540000,1,0,77
173,3,Spanish,2024-03-21,2024-03-21 08:09:00,2024-03-21 08:09:00,2026627740000,2026627740000,1,0,88
174,3,Spanish,2024-03-21,2024-03-21 10:09:00,2024-03-21 10:09:00,2026634940000,2026634940000,1,0,99
175,3,Spanish,2024-03-21,2024-03-21 12:09:00,2024-03-21 12:09:00,2026642140000,2026642140000,1,0,110
176,3,Spanish,2024-03-21,2024-03-21 14:09:00,2024-03-21 14:09:00,2026649340000,2026649340000,1,0,121
177,3,Spanish,2024-03-21,2024-03-21 16:09:00,2024-03-21 16:09:00,2026656540000,2026656540000,1,0,132
178,3,Spanish,2024-03-21,2024-03-21 18:09:00,2024-03-21 18:09:00,2026663740000,2026663740000,1,0,143
179,3,Spanish,2024-03-21,2024-03-21 20:09:00,2024-03-21 20:09:00,2026670940000,2026670940000,1,0,154
180,3,Spanish,2024-03-21,2024-03-21 22:09:00,2024-03-21 22:09:00,2026678140000,2026678140000,1,0,165
181,4,Japanese,2024-03-21,2024-03-21 00:12:00,2024-03-21 00:12:00,2026599120000,2026599120000,1,0,49
182,4,Japanese,2024-03-21,2024-03-21 02:12:00,2024-03-21 02:12:00,2026606320000,2026606320000,1,0,60
183,4,Japanese,2024-03-21,2024-03-21 04:12:00,2024-03-21 04:12:00,2026613520000,2026613520000,1,0,71
184,4,Japanese,2024-03-21,2024-03-21 06:12:00,2024-03-21 06:12:00,2026620720000,2026620720000,1,0,82
185,4,Japanese,2024-03-21,2024-03-21 08:12:00,2024-03-21 08:12:00,2026627920000,2026627920000,1,0,93
186,4,Japanese,2024-03-21,2024-03-21 10:12:00,2024-03-21 10:12:00,2026635120000,2026635120000,1,0,104
187,4,Japanese,2024-03-21,2024-03-21 12:12:00,2024-03-21 12:12:00,2026642320000,2026642320000,1,0,115
188,4,Japanese,2024-03-21,2024-03-21 14:12:00,2024-03-21 14:12:00,2026649520000,2026649520000,1,0,126
189,4,Japanese,2024-03-21,2024-03-21 16:12:00,2024-03-21 16:12:00,2026656720000,2026656720000,1,0,137
190,4,Japanese,2024-03-21,2024-03-21 18:12:00,2024-03-21 18:12:00,2026663920000,2026663920000,1,0,148
191,4,Japanese,2024-03-21,2024-03-21 20:12:00,2024-03-21 20:12:00,2026671120000,2026671120000,1,0,159
192,4,Japanese,2024-03-21,2024-03-21 22:12:00,2024-03-21 22:12:00,2026678320000,2026678320000,1,0,170
193,1,English,2024-03-22,2024-03-22 00:03:00,2024-03-22 00:03:00,2026684980000,2026684980000,1,0,41
194,1,English,2024-03-22,2024-03-22 02:03:00,2024-03-22 02:03:00,2026692180000,2026692180000,1,0,52
195,1,English,2024-03-22,2024-03-22 04:03:00,2024-03-22 04:03:00,2026699380000,2026699380000,1,0,63
196,1,English,2024-03-22,2024-03-22 06:03:00,2024-03-22 06:03:00,2026706580000,2026706580000,1,0,74
197,1,English,2024-03-22,2024-03-22 08:03:00,2024-03-22 08:03:00,2026713780000,2026713780000,1,0,85
198,1,English,2024-03-22,2024-03-22 10:03:00,2024-03-22 10:03:00,2026720980000,2026720980000,1,0,96
199,1,English,2024-03-22,2024-03-22 12:03:00,2024-03-22 12:03:00,2026728180000,2026728180000,1,0,107
200,1,English,2024-03-22,2024-03-22 14:03:00,2024-03-22 14:03:00,2026735380000,2026735380000,1,0,118
201,1,English,2024-03-22,2024-03-22 16:03:00,2024-03-22 16:03:00,2026742580000,2026742580000,1,0,129
202,1,English,2024-03-22,2024-03-22 18:03:00,2024-03-22 18:03:00,2026749780000,2026749780000,1,0,140
203,1,English,2024-03-22,2024-03-22 20:03:00,2024-03-22 20:03:00,2026756980000,2026756980000,1,0,151
204,1,English,2024-03-22,2024-03-22 22:03:00,2024-03-22 22:03:00,2026764180000,2026764180000,1,0,162
205,2,Simplified Chinese,2024-03-22,2024-03-22 00:06:00,2024-03-22 00:06:00,2026685160000,2026685160000,1,0,46
206,2,Simplified Chinese,2024-03-22,2024-03-22 02:06:00,2024-03-22 02:06:00,2026692360000,2026692360000,1,0,57
207,2,Simplified Chinese,2024-03-22,2024-03-22 04:06:00,2024-03-22 04:06:00,2026699560000,2026699560000,1,0,68
208,2,Simplified Chinese,2024-03-22,2024-03-22 06:06:00,2024-03-23 08:06:00,2026706760000,2026800360000,1,1,79
209,2,Simplified Chinese,2024-03-22,2024-03-22 08:06:00,2024-03-22 08:06:00,2026713960000,2026713960000,1,0,90
210,2,Simplified Chinese,2024-03-22,2024-03-22 10:06:00,2024-03-22 10:06:00,2026721160000,2026721160000,1,0,101
211,2,Simplified Chinese,2024-03-22,2024-03-22 12:06:00,2024-03-22 12:06:00,2026728360000,2026728360000,0,0,112
212,2,Simplified Chinese,2024-03-22,2024-03-22 14:06:00,2024-03-22 14:06:00,2026735560000,2026735560000,1,0,123
213,2,Simplified Chinese,2024-03-22,2024-03-22 16:06:00,2024-03-22 16:06:00,2026742760000,2026742760000,1,0,134
214,2,Simplified Chinese,2024-03-22,2024-03-22 18:06:00,2024-03-22 18:06:00,2026749960000,2026749960000,1,0,145
215,2,Simplified Chinese,2024-03-22,2024-03-22 20:06:00,2024-03-22 20:06:00,2026757160000,2026757160000,1,0,156
216,2,Simplified Chinese,2024-03-22,2024-03-22 22:06:00,2024-03-22 22:06:00,2026764360000,2026764360000,1,0,167
217,3,Spanish,2024-03-22,2024-03-22 00:09:00,2024-03-22 00:09:00,2026685340000,2026685340000,1,0,51
218,3,Spanish,2024-03-22,2024-03-22 02:09:00,2024-03-22 02:09:00,2026692540000,2026692540000,1,0,62
219,3,Spanish,2024-03-22,2024-03-22 04:09:00,2024-03-22 04:09:00,2026699740000,2026699740000,1,0,73
220,3,Spanish,2024-03-22,2024-03-22 06:09:00,2024-03-22 06:09:00,2026706940000,2026706940000,1,0,84
221,3,Spanish,2024-03-22,2024-03-22 08:09:00,2024-03-22 08:09:00,2026714140000,2026714140000,1,0,95
222,3,Spanish,2024-03-22,2024-03-22 10:09:00,2024-03-22 10:09:00,2026721340000,2026721340000,1,0,106
223,3,Spanish,2024-03-22,2024-03-22 12:09:00,2024-03-23 15:09:00,2026728540000,2026825740000,1,1,117
224,3,Spanish,2024-03-22,2024-03-22 14:09:00,2024-03-22 14:09:00,2026735740000,2026735740000,1,0,128
225,3,Spanish,2024-03-22,2024-03-22 16:09:00,2024-03-22 16:09:00,2026742940000,2026742940000,1,0,139
226,3,Spanish,2024-03-22,2024-03-22 18:09:00,2024-03-22 18:09:00,2026750140000,2026750140000,1,0,150
227,3,Spanish,2024-03-22,2024-03-22 20:09:00,2024-03-22 20:09:00,2026757340000,2026757340000,1,0,161
228,3,Spanish,2024-03-22,2024-03-22 22:09:00,2024-03-22 22:09:00,2026764540000,2026764540000,1,0,172
229,4,Japanese,2024-03-22,2024-03-22 00:12:00,2024-03-22 00:12:00,2026685520000,2026685520000,1,0,56
230,4,Japanese,2024-03-22,2024-03-22 02:12:00,2024-03-22 02:12:00,2026692720000,2026692720000,1,0,67
231,4,Japanese,2024-03-22,2024-03-22 04:12:00,2024-03-25 08:12:00,2026699920000,2026973520000,1,1,78
232,4,Japanese,2024-03-22,2024-03-22 06:12:00,2024-03-22 06:12:00,2026707120000,2026707120000,1,0,89
233,4,Japanese,2024-03-22,2024-03-22 08:12:00,2024-03-22 08:12:00,2026714320000,2026714320000,1,0,100
234,4,Japanese,2024-03-22,2024-03-22 10:12:00,2024-03-22 10:12:00,2026721520000,2026721520000,0,0,111
235,4,Japanese,2024-03-22,2024-03-22 12:12:00,2024-03-22 12:12:00,2026728720000,2026728720000,1,0,122
236,4,Japanese,2024-03-22,2024-03-22 14:12:00,2024-03-22 14:12:00,2026735920000,2026735920000,1,0,133
237,4,Japanese,2024-03-22,2024-03-22 16:12:00,2024-03-22 16:12:00,2026743120000,2026743120000,1,0,144
238,4,Japanese,2024-03-22,2024-03-22 18:12:00,2024-03-22 18:12:00,2026750320000,2026750320000,1,0,155
239,4,Japanese,2024-03-22,2024-03-22 20:12:00,2024-03-22 20:12:00,2026757520000,2026757520000,1,0,166
240,4,Japanese,2024-03-22,2024-03-22 22:12:00,2024-03-22 22:12:00,2026764720000,2026764720000,1,0,177
241,1,English,2024-03-23,2024-03-23 00:03:00,2024-03-23 00:03:00,2026771380000,2026771380000,1,0,48
242,1,English,2024-03-23,2024-03-23 02:03:00,2024-03-23 02:03:00,2026778580000,2026778580000,1,0,59
243,1,English,2024-03-23,2024-03-23 04:03:00,2024-03-23 04:03:00,2026785780000,2026785780000,1,0,70
244,1,English,2024-03-23,2024-03-23 06:03:00,2024-03-23 06:03:00,2026792980000,2026792980000,1,0,81
245,1,English,2024-03-23,2024-03-23 08:03:00,2024-03-23 08:03:00,2026800180000,2026800180000,1,0,92
246,1,English,2024-03-23,2024-03-23 10:03:00,2024-03-23 10:03:00,2026807380000,2026807380000,1,0,103
247,1,English,2024-03-23,2024-03-23 12:03:00,2024-03-24 13:03:00,2026814580000,2026904580000,0,1,114
248,1,English,2024-03-23,2024-03-23 14:03:00,2024-03-23 14:03:00,2026821780000,2026821780000,1,0,125
249,1,English,2024-03-23,2024-03-23 16:03:00,2024-03-23 16:03:00,2026828980000,2026828980000,1,0,136
250,1,English,2024-03-23,2024-03-23 18:03:00,2024-03-23 18:03:00,2026836180000,2026836180000,1,0,147
251,1,English,2024-03-23,2024-03-23 20:03:00,2024-03-23 20:03:00,2026843380000,2026843380000,1,0,158
252,1,English,2024-03-23,2024-03-23 22:03:00,2024-03-23 22:03:00,2026850580000,2026850580000,1,0,169
253,2,Simplified Chinese,2024-03-23,2024-03-23 00:06:00,2024-03-23 00:06:00,2026771560000,2026771560000,1,0,53
254,2,Simplified Chinese,2024-03-23,2024-03-23 02:06:00,2024-03-23 02:06:00,2026778760000,2026778760000,1,0,64
255,2,Simplified Chinese,2024-03-23,2024-03-23 04:06:00,2024-03-23 04:06:00,2026785960000,2026785960000,1,0,75
256,2,Simplified Chinese,2024-03-23,2024-03-23 06:06:00,2024-03-23 06:06:00,2026793160000,2026793160000,1,0,86
257,2,Simplified Chinese,2024-03-23,2024-03-23 08:06:00,2024-03-23 08:06:00,2026800360000,2026800360000,1,0,97
258,2,Simplified Chinese,2024-03-23,2024-03-23 10:06:00,2024-03-23 10:06:00,2026807560000,2026807560000,1,0,108
259,2,Simplified Chinese,2024-03-23,2024-03-23 12:06:00,2024-03-23 12:06:00,2026814760000,2026814760000,1,0,119
260,2,Simplified Chinese,2024-03-23,2024-03-23 14:06:00,2024-03-23 14:06:00,2026821960000,2026821960000,1,0,130
261,2,Simplified Chinese,2024-03-23,2024-03-23 16:06:00,2024-03-23 16:06:00,2026829160000,2026829160000,1,0,141
262,2,Simplified Chinese,2024-03-23,2024-03-23 18:06:00,2024-03-24 20:06:00,2026836360000,2026929960000,1,1,152
263,2,Simplified Chinese,2024-03-23,2024-03-23 20:06:00,2024-03-23 20:06:00,2026843560000,2026843560000,1,0,163
264,2,Simplified Chinese,2024-03-23,2024-03-23 22:06:00,2024-03-23 22:06:00,2026850760000,2026850760000,1,0,174
265,3,Spanish,2024-03-23,2024-03-23 00:09:00,2024-03-23 00:09:00,2026771740000,2026771740000,1,0,58
266,3,Spanish,2024-03-23,2024-03-23 02:09:00,2024-03-23 02:09:00,2026778940000,2026778940000,1,0,69
267,3,Spanish,2024-03-23,2024-03-23 04:09:00,2024-03-23 04:09:00,2026786140000,2026786140000,1,0,80
268,3,Spanish,2024-03-23,2024-03-23 06:09:00,2024-03-23 06:09:00,2026793340000,2026793340000,1,0,91
269,3,Spanish,2024-03-23,2024-03-23 08:09:00,2024-03-23 08:09:00,2026800540000,2026800540000,1,0,102
270,3,Spanish,2024-03-23,2024-03-23 10:09:00,2024-03-23 10:09:00,2026807740000,2026807740000,1,0,113
271,3,Spanish,2024-03-23,2024-03-23 12:09:00,2024-03-23 12:09:00,2026814940000,2026814940000,1,0,124
272,3,Spanish,2024-03-23,2024-03-23 14:09:00,2024-03-23 14:09:00,2026822140000,2026822140000,1,0,135
273,3,Spanish,2024-03-23,2024-03-23 16:09:00,2024-03-23 16:09:00,2026829340000,2026829340000,1,0,146
274,3,Spanish,2024-03-23,2024-03-23 18:09:00,2024-03-23 18:09:00,2026836540000,2026836540000,1,0,157
275,3,Spanish,2024-03-23,2024-03-23 20:09:00,2024-03-23 20:09:00,2026843740000,2026843740000,1,0,168
276,3,Spanish,2024-03-23,2024-03-23 22:09:00,2024-03-23 22:09:00,2026850940000,2026850940000,1,0,179
277,4,Japanese,2024-03-23,2024-03-23 00:12:00,2024-03-23 00:12:00,2026771920000,2026771920000,1,0,63
278,4,Japanese,2024-03-23,2024-03-23 02:12:00,2024-03-23 02:12:00,2026779120000,2026779120000,0,0,74
279,4,Japanese,2024-03-23,2024-03-23 04:12:00,2024-03-23 04:12:00,2026786320000,2026786320000,1,0,85
280,4,Japanese,2024-03-23,2024-03-23 06:12:00,2024-03-23 06:12:00,2026793520000,2026793520000,1,0,96
281,4,Japanese,2024-03-23,2024-03-23 08:12:00,2024-03-23 08:12:00,2026800720000,2026800720000,1,0,107
282,4,Japanese,2024-03-23,2024-03-23 10:12:00,2024-03-23 10:12:00,2026807920000,2026807920000,1,0,118
283,4,Japanese,2024-03-23,2024-03-23 12:12:00,2024-03-23 12:12:00,2026815120000,2026815120000,1,0,129
284,4,Japanese,2024-03-23,2024-03-23 14:12:00,2024-03-23 14:12:00,2026822320000,2026822320000,1,0,140
285,4,Japanese,2024-03-23,2024-03-23 16:12:00,2024-03-23 16:12:00,2026829520000,2026829520000,1,0,151
286,4,Japanese,2024-03-23,2024-03-23 18:12:00,2024-03-23 18:12:00,2026836720000,2026836720000,1,0,162
287,4,Japanese,2024-03-23,2024-03-23 20:12:00,2024-03-23 20:12:00,2026843920000,2026843920000,1,0,173
288,4,Japanese,2024-03-23,2024-03-23 22:12:00,2024-03-23 22:12:00,2026851120000,2026851120000,1,0,184
289,1,English,2024-03-24,2024-03-24 00:03:00,2024-03-24 00:03:00,2026857780000,2026857780000,1,0,55
290,1,English,2024-03-24,2024-03-24 02:03:00,2024-03-24 02:03:00,2026864980000,2026864980000,1,0,66
291,1,English,2024-03-24,2024-03-24 04:03:00,2024-03-24 04:03:00,2026872180000,2026872180000,1,0,77
292,1,English,2024-03-24,2024-03-24 06:03:00,2024-03-24 06:03:00,2026879380000,2026879380000,1,0,88
293,1,English,2024-03-24,2024-03-24 08:03:00,2024-03-24 08:03:00,2026886580000,2026886580000,1,0,99
294,1,English,2024-03-24,2024-03-24 10:03:00,2024-03-24 10:03:00,2026893780000,2026893780000,1,0,110
295,1,English,2024-03-24,2024-03-24 12:03:00,2024-03-24 12:03:00,2026900980000,2026900980000,1,0,121
296,1,English,2024-03-24,2024-03-24 14:03:00,2024-03-24 14:03:00,2026908180000,2026908180000,1,0,132
297,1,English,2024-03-24,2024-03-24 16:03:00,2024-03-24 16:03:00,2026915380000,2026915380000,1,0,143
298,1,English,2024-03-24,2024-03-24 18:03:00,2024-03-24 18:03:00,2026922580000,2026922580000,1,0,154
299,1,English,2024-03-24,2024-03-24 20:03:00,2024-03-24 20:03:00,2026929780000,2026929780000,1,0,165
300,1,English,2024-03-24,2024-03-24 22:03:00,2024-03-24 22:03:00,2026936980000,2026936980000,1,0,176
301,2,Simplified Chinese,2024-03-24,2024-03-24 00:06:00,2024-03-24 00:06:00,2026857960000,2026857960000,1,0,60
302,2,Simplified Chinese,2024-03-24,2024-03-24 02:06:00,2024-03-24 02:06:00,2026865160000,2026865160000,1,0,71
303,2,Simplified Chinese,2024-03-24,2024-03-24 04:06:00,2024-03-24 04:06:00,2026872360000,2026872360000,1,0,82
304,2,Simplified Chinese,2024-03-24,2024-03-24 06:06:00,2024-03-24 06:06:00,2026879560000,2026879560000,1,0,93
305,2,Simplified Chinese,2024-03-24,2024-03-24 08:06:00,2024-03-24 08:06:00,2026886760000,2026886760000,1,0,104
306,2,Simplified Chinese,2024-03-24,2024-03-24 10:06:00,2024-03-24 10:06:00,2026893960000,2026893960000,1,0,115
307,2,Simplified Chinese,2024-03-24,2024-03-24 12:06:00,2024-03-24 12:06:00,2026901160000,2026901160000,1,0,126
308,2,Simplified Chinese,2024-03-24,2024-03-24 14:06:00,2024-03-24 14:06:00,2026908360000,2026908360000,1,0,137
309,2,Simplified Chinese,2024-03-24,2024-03-24 16:06:00,2024-03-24 16:06:00,2026915560000,2026915560000,0,0,148
310,2,Simplified Chinese,2024-03-24,2024-03-24 18:06:00,2024-03-24 18:06:00,2026922760000,2026922760000,1,0,159
311,2,Simplified Chinese,2024-03-24,2024-03-24 20:06:00,2024-03-24 20:06:00,2026929960000,2026929960000,1,0,170
312,2,Simplified Chinese,2024-03-24,2024-03-24 22:06:00,2024-03-24 22:06:00,2026937160000,2026937160000,1,0,181
313,3,Spanish,2024-03-24,2024-03-24 00:09:00,2024-03-24 00:09:00,2026858140000,2026858140000,1,0,65
314,3,Spanish,2024-03-24,2024-03-24 02:09:00,2024-03-24 02:09:00,2026865340000,2026865340000,0,0,76
315,3,Spanish,2024-03-24,2024-03-24 04:09:00,2024-03-24 04:09:00,2026872540000,2026872540000,1,0,87
316,3,Spanish,2024-03-24,2024-03-24 06:09:00,2024-03-24 06:09:00,2026879740000,2026879740000,1,0,98
317,3,Spanish,2024-03-24,2024-03-24 08:09:00,2024-03-24 08:09:00,2026886940000,2026886940000,1,0,109
318,3,Spanish,2024-03-24,2024-03-24 10:09:00,2024-03-24 10:09:00,2026894140000,2026894140000,1,0,120
319,3,Spanish,2024-03-24,2024-03-24 12:09:00,2024-03-24 12:09:00,2026901340000,2026901340000,1,0,131
320,3,Spanish,2024-03-24,2024-03-24 14:09:00,2024-03-24 14:09:00,2026908540000,2026908540000,1,0,142
321,3,Spanish,2024-03-24,2024-03-24 16:09:00,2024-03-24 16:09:00,2026915740000,2026915740000,1,0,153
322,3,Spanish,2024-03-24,2024-03-24 18:09:00,2024-03-24 18:09:00,2026922940000,2026922940000,1,0,164
323,3,Spanish,2024-03-24,2024-03-24 20:09:00,2024-03-24 20:09:00,2026930140000,2026930140000,1,0,175
324,3,Spanish,2024-03-24,2024-03-24 22:09:00,2024-03-24 22:09:00,2026937340000,2026937340000,1,0,186
325,4,Japanese,2024-03-24,2024-03-24 00:12:00,2024-03-24 00:12:00,2026858320000,2026858320000,1,0,70
326,4,Japanese,2024-03-24,2024-03-24 02:12:00,2024-03-24 02:12:00,2026865520000,2026865520000,1,0,81
327,4,Japanese,2024-03-24,2024-03-24 04:12:00,2024-03-24 04:12:00,2026872720000,2026872720000,1,0,92
328,4,Japanese,2024-03-24,2024-03-24 06:12:00,2024-03-24 06:12:00,2026879920000,2026879920000,1,0,103
329,4,Japanese,2024-03-24,2024-03-24 08:12:00,2024-03-24 08:12:00,2026887120000,2026887120000,1,0,114
330,4,Japanese,2024-03-24,2024-03-24 10:12:00,2024-03-24 10:12:00,2026894320000,2026894320000,1,0,125
331,4,Japanese,2024-03-24,2024-03-24 12:12:00,2024-03-24 12:12:00,2026901520000,2026901520000,1,0,136
332,4,Japanese,2024-03-24,2024-03-24 14:12:00,2024-03-24 14:12:00,2026908720000,2026908720000,0,0,147
333,4,Japanese,2024-03-24,2024-03-24 16:12:00,2024-03-24 16:12:00,2026915920000,2026915920000,1,0,158
334,4,Japanese,2024-03-24,2024-03-24 18:12:00,2024-03-24 18:12:00,2026923120000,2026923120000,1,0,169
335,4,Japanese,2024-03-24,2024-03-24 20:12:00,2024-03-24 20:12:00,2026930320000,2026930320000,1,0,180
336,4,Japanese,2024-03-24,2024-03-24 22:12:00,2024-03-24 22:12:00,2026937520000,2026937520000,1,0,191
337,1,English,2024-03-25,2024-03-25 00:03:00,2024-03-25 00:03:00,2026944180000,2026944180000,1,0,62
338,1,English,2024-03-25,2024-03-25 02:03:00,2024-03-27 03:03:00,2026951380000,2027127780000,1,1,73
339,1,English,2024-03-25,2024-03-25 04:03:00,2024-03-25 04:03:00,2026958580000,2026958580000,1,0,84
340,1,English,2024-03-25,2024-03-25 06:03:00,2024-03-25 06:03:00,2026965780000,2026965780000,1,0,95
341,1,English,2024-03-25,2024-03-25 08:03:00,2024-03-25 08:03:00,2026972980000,2026972980000,1,0,106
342,1,English,2024-03-25,2024-03-25 10:03:00,2024-03-25 10:03:00,2026980180000,2026980180000,1,0,117
343,1,English,2024-03-25,2024-03-25 12:03:00,2024-03-25 12:03:00,2026987380000,2026987380000,1,0,128
344,1,English,2024-03-25,2024-03-25 14:03:00,2024-03-25 14:03:00,2026994580000,2026994580000,1,0,139
345,1,English,2024-03-25,2024-03-25 16:03:00,2024-03-25 16:03:00,2027001780000,2027001780000,0,0,150
346,1,English,2024-03-25,2024-03-25 18:03:00,2024-03-25 18:03:00,2027008980000,2027008980000,1,0,161
347,1,English,2024-03-25,2024-03-25 20:03:00,2024-03-25 20:03:00,2027016180000,2027016180000,1,0,172
348,1,English,2024-03-25,2024-03-25 22:03:00,2024-03-25 22:03:00,2027023380000,2027023380000,1,0,183
349,2,Simplified Chinese,2024-03-25,2024-03-25 00:06:00,2024-03-25 00:06:00,2026944360000,2026944360000,1,0,67
350,2,Simplified Chinese,2024-03-25,2024-03-25 02:06:00,2024-03-25 02:06:00,2026951560000,2026951560000,0,0,78
351,2,Simplified Chinese,2024-03-25,2024-03-25 04:06:00,2024-03-25 04:06:00,2026958760000,2026958760000,1,0,89
352,2,Simplified Chinese,2024-03-25,2024-03-25 06:06:00,2024-03-25 06:06:00,2026965960000,2026965960000,1,0,100
353,2,Simplified Chinese,2024-03-25,2024-03-25 08:06:00,2024-03-27 10:06:00,2026973160000,2027153160000,1,1,111
354,2,Simplified Chinese,2024-03-25,2024-03-25 10:06:00,2024-03-25 10:06:00,2026980360000,2026980360000,1,0,122
355,2,Simplified Chinese,2024-03-25,2024-03-25 12:06:00,2024-03-25 12:06:00,2026987560000,2026987560000,1,0,133
356,2,Simplified Chinese,2024-03-25,2024-03-25 14:06:00,2024-03-25 14:06:00,2026994760000,2026994760000,1,0,144
357,2,Simplified Chinese,2024-03-25,2024-03-25 16:06:00,2024-03-25 16:06:00,2027001960000,2027001960000,1,0,155
358,2,Simplified Chinese,2024-03-25,2024-03-25 18:06:00,2024-03-25 18:06:00,2027009160000,2027009160000,1,0,166
359,2,Simplified Chinese,2024-03-25,2024-03-25 20:06:00,2024-03-25 20:06:00,2027016360000,2027016360000,1,0,177
360,2,Simplified Chinese,2024-03-25,2024-03-25 22:06:00,2024-03-29 00:06:00,2027023560000,2027289960000,1,1,188
361,3,Spanish,2024-03-25,2024-03-25 00:09:00,2024-03-26 03:09:00,2026944540000,2027041740000,1,1,72
362,3,Spanish,2024-03-25,2024-03-25 02:09:00,2024-03-25 02:09:00,2026951740000,2026951740000,1,0,83
363,3,Spanish,2024-03-25,2024-03-25 04:09:00,2024-03-25 04:09:00,2026958940000,2026958940000,1,0,94
364,3,Spanish,2024-03-25,2024-03-25 06:09:00,2024-03-25 06:09:00,2026966140000,2026966140000,1,0,105
365,3,Spanish,2024-03-25,2024-03-25 08:09:00,2024-03-25 08:09:00,2026973340000,2026973340000,1,0,116
366,3,Spanish,2024-03-25,2024-03-25 10:09:00,2024-03-25 10:09:00,2026980540000,2026980540000,1,0,127
367,3,Spanish,2024-03-25,2024-03-25 12:09:00,2024-03-25 12:09:00,2026987740000,2026987740000,1,0,138
368,3,Spanish,2024-03-25,2024-03-25 14:09:00,2024-03-27 17:09:00,2026994940000,2027178540000,1,1,149
369,3,Spanish,2024-03-25,2024-03-25 16:09:00,2024-03-25 16:09:00,2027002140000,2027002140000,1,0,160
370,3,Spanish,2024-03-25,2024-03-25 18:09:00,2024-03-25 18:09:00,2027009340000,2027009340000,1,0,171
371,3,Spanish,2024-03-25,2024-03-25 20:09:00,2024-03-25 20:09:00,2027016540000,2027016540000,1,0,182
372,3,Spanish,2024-03-25,2024-03-25 22:09:00,2024-03-25 22:09:00,2027023740000,2027023740000,1,0,193
373,4,Japanese,2024-03-25,2024-03-25 00:12:00,2024-03-25 00:12:00,2026944720000,2026944720000,1,0,77
374,4,Japanese,2024-03-25,2024-03-25 02:12:00,2024-03-25 02:12:00,2026951920000,2026951920000,1,0,88
375,4,Japanese,2024-03-25,2024-03-25 04:12:00,2024-03-25 04:12:00,2026959120000,2026959120000,1,0,99
376,4,Japanese,2024-03-25,2024-03-25 06:12:00,2024-03-26 10:12:00,2026966320000,2027067120000,0,1,110
377,4,Japanese,2024-03-25,2024-03-25 08:12:00,2024-03-25 08:12:00,2026973520000,2026973520000,1,0,121
378,4,Japanese,2024-03-25,2024-03-25 10:12:00,2024-03-25 10:12:00,2026980720000,2026980720000,1,0,132
379,4,Japanese,2024-03-25,2024-03-25 12:12:00,2024-03-25 12:12:00,2026987920000,2026987920000,1,0,143
380,4,Japanese,2024-03-25,2024-03-25 14:12:00,2024-03-25 14:12:00,2026995120000,2026995120000,1,0,154
381,4,Japanese,2024-03-25,2024-03-25 16:12:00,2024-03-25 16:12:00,2027002320000,2027002320000,1,0,165
382,4,Japanese,2024-03-25,2024-03-25 18:12:00,2024-03-25 18:12:00,2027009520000,2027009520000,1,0,176
383,4,Japanese,2024-03-25,2024-03-25 20:12:00,2024-03-28 00:12:00,2027016720000,2027203920000,1,1,187
384,4,Japanese,2024-03-25,2024-03-25 22:12:00,2024-03-25 22:12:00,2027023920000,2027023920000,1,0,198
385,1,English,2024-03-26,2024-03-26 00:03:00,2024-03-26 00:03:00,2027030580000,2027030580000,1,0,69
386,1,English,2024-03-26,2024-03-26 02:03:00,2024-03-26 02:03:00,2027037780000,2027037780000,1,0,80
387,1,English,2024-03-26,2024-03-26 04:03:00,2024-03-26 04:03:00,2027044980000,2027044980000,1,0,91
388,1,English,2024-03-26,2024-03-26 06:03:00,2024-03-26 06:03:00,2027052180000,2027052180000,1,0,102
389,1,English,2024-03-26,2024-03-26 08:03:00,2024-03-26 08:03:00,2027059380000,2027059380000,1,0,113
390,1,English,2024-03-26,2024-03-26 10:03:00,2024-03-26 10:03:00,2027066580000,2027066580000,1,0,124
391,1,English,2024-03-26,2024-03-26 12:03:00,2024-03-26 12:03:00,2027073780000,2027073780000,1,0,135
392,1,English,2024-03-26,2024-03-26 14:03:00,2024-03-28 15:03:00,2027080980000,2027257380000,1,1,146
393,1,English,2024-03-26,2024-03-26 16:03:00,2024-03-26 16:03:00,2027088180000,2027088180000,1,0,157
394,1,English,2024-03-26,2024-03-26 18:03:00,2024-03-26 18:03:00,2027095380000,2027095380000,1,0,168
395,1,English,2024-03-26,2024-03-26 20:03:00,2024-03-26 20:03:00,2027102580000,2027102580000,1,0,179
396,1,English,2024-03-26,2024-03-26 22:03:00,2024-03-26 22:03:00,2027109780000,2027109780000,1,0,190
397,2,Simplified Chinese,2024-03-26,2024-03-26 00:06:00,2024-03-26 00:06:00,2027030760000,2027030760000,1,0,74
398,2,Simplified Chinese,2024-03-26,2024-03-26 02:06:00,2024-03-26 02:06:00,2027037960000,2027037960000,1,0,85
399,2,Simplified Chinese,2024-03-26,2024-03-26 04:06:00,2024-03-26 04:06:00,2027045160000,2027045160000,1,0,96
400,2,Simplified Chinese,2024-03-26,2024-03-26 06:06:00,2024-03-26 06:06:00,2027052360000,2027052360000,1,0,107
401,2,Simplified Chinese,2024-03-26,2024-03-26 08:06:00,2024-03-26 08:06:00,2027059560000,2027059560000,1,0,118
402,2,Simplified Chinese,2024-03-26,2024-03-26 10:06:00,2024-03-26 10:06:00,2027066760000,2027066760000,1,0,129
403,2,Simplified Chinese,2024-03-26,2024-03-26 12:06:00,2024-03-26 12:06:00,2027073960000,2027073960000,1,0,140
404,2,Simplified Chinese,2024-03-26,2024-03-26 14:06:00,2024-03-26 14:06:00,2027081160000,2027081160000,1,0,151
405,2,Simplified Chinese,2024-03-26,2024-03-26 16:06:00,2024-03-26 16:06:00,2027088360000,2027088360000,1,0,162
406,2,Simplified Chinese,2024-03-26,2024-03-26 18:06:00,2024-03-26 18:06:00,2027095560000,2027095560000,1,0,173
407,2,Simplified Chinese,2024-03-26,2024-03-26 20:06:00,2024-03-28 22:06:00,2027102760000,2027282760000,0,1,184
408,2,Simplified Chinese,2024-03-26,2024-03-26 22:06:00,2024-03-26 22:06:00,2027109960000,2027109960000,1,0,195
409,3,Spanish,2024-03-26,2024-03-26 00:09:00,2024-03-26 00:09:00,2027030940000,2027030940000,1,0,79
410,3,Spanish,2024-03-26,2024-03-26 02:09:00,2024-03-26 02:09:00,2027038140000,2027038140000,1,0,90
411,3,Spanish,2024-03-26,2024-03-26 04:09:00,2024-03-26 04:09:00,2027045340000,2027045340000,1,0,101
412,3,Spanish,2024-03-26,2024-03-26 06:09:00,2024-03-26 06:09:00,2027052540000,2027052540000,0,0,112
413,3,Spanish,2024-03-26,2024-03-26 08:09:00,2024-03-26 08:09:00,2027059740000,2027059740000,1,0,123
414,3,Spanish,2024-03-26,2024-03-26 10:09:00,2024-03-26 10:09:00,2027066940000,2027066940000,1,0,134
415,3,Spanish,2024-03-26,2024-03-26 12:09:00,2024-03-26 12:09:00,2027074140000,2027074140000,1,0,145
416,3,Spanish,2024-03-26,2024-03-26 14:09:00,2024-03-26 14:09:00,2027081340000,2027081340000,1,0,156
417,3,Spanish,2024-03-26,2024-03-26 16:09:00,2024-03-26 16:09:00,2027088540000,2027088540000,1,0,167
418,3,Spanish,2024-03-26,2024-03-26 18:09:00,2024-03-26 18:09:00,2027095740000,2027095740000,1,0,178
419,3,Spanish,2024-03-26,2024-03-26 20:09:00,2024-03-26 20:09:00,2027102940000,2027102940000,1,0,189
420,3,Spanish,2024-03-26,2024-03-26 22:09:00,2024-03-26 22:09:00,2027110140000,2027110140000,1,0,200
421,4,Japanese,2024-03-26,2024-03-26 00:12:00,2024-03-26 00:12:00,2027031120000,2027031120000,1,0,84
422,4,Japanese,2024-03-26,2024-03-26 02:12:00,2024-03-26 02:12:00,2027038320000,2027038320000,1,0,95
423,4,Japanese,2024-03-26,2024-03-26 04:12:00,2024-03-26 04:12:00,2027045520000,2027045520000,1,0,106
424,4,Japanese,2024-03-26,2024-03-26 06:12:00,2024-03-26 06:12:00,2027052720000,2027052720000,1,0,117
425,4,Japanese,2024-03-26,2024-03-26 08:12:00,2024-03-26 08:12:00,2027059920000,2027059920000,1,0,128
426,4,Japanese,2024-03-26,2024-03-26 10:12:00,2024-03-26 10:12:00,2027067120000,2027067120000,1,0,139
427,4,Japanese,2024-03-26,2024-03-26 12:12:00,2024-03-26 12:12:00,2027074320000,2027074320000,1,0,150
428,4,Japanese,2024-03-26,2024-03-26 14:12:00,2024-03-26 14:12:00,2027081520000,2027081520000,1,0,161
429,4,Japanese,2024-03-26,2024-03-26 16:12:00,2024-03-26 16:12:00,2027088720000,2027088720000,1,0,172
430,4,Japanese,2024-03-26,2024-03-26 18:12:00,2024-03-26 18:12:00,2027095920000,2027095920000,0,0,183
431,4,Japanese,2024-03-26,2024-03-26 20:12:00,2024-03-26 20:12:00,2027103120000,2027103120000,1,0,194
432,4,Japanese,2024-03-26,2024-03-26 22:12:00,2024-03-26 22:12:00,2027110320000,2027110320000,1,0,205
433,1,English,2024-03-27,2024-03-27 00:03:00,2024-03-27 00:03:00,2027116980000,2027116980000,1,0,76
434,1,English,2024-03-27,2024-03-27 02:03:00,2024-03-27 02:03:00,2027124180000,2027124180000,1,0,87
435,1,English,2024-03-27,2024-03-27 04:03:00,2024-03-27 04:03:00,2027131380000,2027131380000,1,0,98
436,1,English,2024-03-27,2024-03-27 06:03:00,2024-03-27 06:03:00,2027138580000,2027138580000,1,0,109
437,1,English,2024-03-27,2024-03-27 08:03:00,2024-03-27 08:03:00,2027145780000,2027145780000,1,0,120
438,1,English,2024-03-27,2024-03-27 10:03:00,2024-03-27 10:03:00,2027152980000,2027152980000,1,0,131
439,1,English,2024-03-27,2024-03-27 12:03:00,2024-03-27 12:03:00,2027160180000,2027160180000,1,0,142
440,1,English,2024-03-27,2024-03-27 14:03:00,2024-03-27 14:03:00,2027167380000,2027167380000,1,0,153
441,1,English,2024-03-27,2024-03-27 16:03:00,2024-03-27 16:03:00,2027174580000,2027174580000,1,0,164
442,1,English,2024-03-27,2024-03-27 18:03:00,2024-03-27 18:03:00,2027181780000,2027181780000,1,0,175
443,1,English,2024-03-27,2024-03-27 20:03:00,2024-03-27 20:03:00,2027188980000,2027188980000,0,0,186
444,1,English,2024-03-27,2024-03-27 22:03:00,2024-03-27 22:03:00,2027196180000,2027196180000,1,0,197
445,2,Simplified Chinese,2024-03-27,2024-03-27 00:06:00,2024-03-27 00:06:00,2027117160000,2027117160000,1,0,81
446,2,Simplified Chinese,2024-03-27,2024-03-27 02:06:00,2024-03-27 02:06:00,2027124360000,2027124360000,1,0,92
447,2,Simplified Chinese,2024-03-27,2024-03-27 04:06:00,2024-03-27 04:06:00,2027131560000,2027131560000,1,0,103
448,2,Simplified Chinese,2024-03-27,2024-03-27 06:06:00,2024-03-27 06:06:00,2027138760000,2027138760000,0,0,114
449,2,Simplified Chinese,2024-03-27,2024-03-27 08:06:00,2024-03-27 08:06:00,2027145960000,2027145960000,1,0,125
450,2,Simplified Chinese,2024-03-27,2024-03-27 10:06:00,2024-03-27 10:06:00,2027153160000,2027153160000,1,0,136
451,2,Simplified Chinese,2024-03-27,2024-03-27 12:06:00,2024-03-28 14:06:00,2027160360000,2027253960000,1,1,147
452,2,Simplified Chinese,2024-03-27,2024-03-27 14:06:00,2024-03-27 14:06:00,2027167560000,2027167560000,1,0,158
453,2,Simplified Chinese,2024-03-27,2024-03-27 16:06:00,2024-03-27 16:06:00,2027174760000,2027174760000,1,0,169
454,2,Simplified Chinese,2024-03-27,2024-03-27 18:06:00,2024-03-27 18:06:00,2027181960000,2027181960000,1,0,180
455,2,Simplified Chinese,2024-03-27,2024-03-27 20:06:00,2024-03-27 20:06:00,2027189160000,2027189160000,1,0,191
456,2,Simplified Chinese,2024-03-27,2024-03-27 22:06:00,2024-03-27 22:06:00,2027196360000,2027196360000,1,0,202
457,3,Spanish,2024-03-27,2024-03-27 00:09:00,2024-03-27 00:09:00,2027117340000,2027117340000,1,0,86
458,3,Spanish,2024-03-27,2024-03-27 02:09:00,2024-03-27 02:09:00,2027124540000,2027124540000,1,0,97
459,3,Spanish,2024-03-27,2024-03-27 04:09:00,2024-03-30 07:09:00,2027131740000,2027401740000,1,1,108
460,3,Spanish,2024-03-27,2024-03-27 06:09:00,2024-03-27 06:09:00,2027138940000,2027138940000,1,0,119
461,3,Spanish,2024-03-27,2024-03-27 08:09:00,2024-03-27 08:09:00,2027146140000,2027146140000,1,0,130
462,3,Spanish,2024-03-27,2024-03-27 10:09:00,2024-03-27 10:09:00,2027153340000,2027153340000,1,0,141
463,3,Spanish,2024-03-27,2024-03-27 12:09:00,2024-03-27 12:09:00,2027160540000,2027160540000,1,0,152
464,3,Spanish,2024-03-27,2024-03-27 14:09:00,2024-03-27 14:09:00,2027167740000,2027167740000,1,0,163
465,3,Spanish,2024-03-27,2024-03-27 16:09:00,2024-03-27 16:09:00,2027174940000,2027174940000,1,0,174
466,3,Spanish,2024-03-27,2024-03-27 18:09:00,2024-03-27 18:09:00,2027182140000,2027182140000,1,0,185
467,3,Spanish,2024-03-27,2024-03-27 20:09:00,2024-03-27 20:09:00,2027189340000,2027189340000,1,0,196
468,3,Spanish,2024-03-27,2024-03-27 22:09:00,2024-03-27 22:09:00,2027196540000,2027196540000,1,0,207
469,4,Japanese,2024-03-27,2024-03-27 00:12:00,2024-03-27 00:12:00,2027117520000,2027117520000,1,0,91
470,4,Japanese,2024-03-27,2024-03-27 02:12:00,2024-03-27 02:12:00,2027124720000,2027124720000,1,0,102
471,4,Japanese,2024-03-27,2024-03-27 04:12:00,2024-03-27 04:12:00,2027131920000,2027131920000,1,0,113
472,4,Japanese,2024-03-27,2024-03-27 06:12:00,2024-03-27 06:12:00,2027139120000,2027139120000,1,0,124
473,4,Japanese,2024-03-27,2024-03-27 08:12:00,2024-03-27 08:12:00,2027146320000,2027146320000,1,0,135
474,4,Japanese,2024-03-27,2024-03-27 10:12:00,2024-03-30 14:12:00,2027153520000,2027427120000,0,1,146
475,4,Japanese,2024-03-27,2024-03-27 12:12:00,2024-03-27 12:12:00,2027160720000,2027160720000,1,0,157
476,4,Japanese,2024-03-27,2024-03-27 14:12:00,2024-03-27 14:12:00,2027167920000,2027167920000,1,0,168
477,4,Japanese,2024-03-27,2024-03-27 16:12:00,2024-03-27 16:12:00,2027175120000,2027175120000,1,0,179
478,4,Japanese,2024-03-27,2024-03-27 18:12:00,2024-03-27 18:12:00,2027182320000,2027182320000,1,0,190
479,4,Japanese,2024-03-27,2024-03-27 20:12:00,2024-03-27 20:12:00,2027189520000,2027189520000,1,0,201
480,4,Japanese,2024-03-27,2024-03-27 22:12:00,2024-03-27 22:12:00,2027196720000,2027196720000,1,0,212
481,1,English,2024-03-28,2024-03-28 00:03:00,2024-03-28 00:03:00,2027203380000,2027203380000,1,0,83
482,1,English,2024-03-28,2024-03-28 02:03:00,2024-03-28 02:03:00,2027210580000,2027210580000,1,0,94
483,1,English,2024-03-28,2024-03-28 04:03:00,2024-03-31 05:03:00,2027217780000,2027480580000,1,1,105
484,1,English,2024-03-28,2024-03-28 06:03:00,2024-03-28 06:03:00,2027224980000,2027224980000,1,0,116
485,1,English,2024-03-28,2024-03-28 08:03:00,2024-03-28 08:03:00,2027232180000,2027232180000,1,0,127
486,1,English,2024-03-28,2024-03-28 10:03:00,2024-03-28 10:03:00,2027239380000,2027239380000,1,0,138
487,1,English,2024-03-28,2024-03-28 12:03:00,2024-03-28 12:03:00,2027246580000,2027246580000,1,0,149
488,1,English,2024-03-28,2024-03-28 14:03:00,2024-03-28 14:03:00,2027253780000,2027253780000,1,0,160
489,1,English,2024-03-28,2024-03-28 16:03:00,2024-03-28 16:03:00,2027260980000,2027260980000,1,0,171
490,1,English,2024-03-28,2024-03-28 18:03:00,2024-03-29 19:03:00,2027268180000,2027358180000,1,1,182
491,1,English,2024-03-28,2024-03-28 20:03:00,2024-03-28 20:03:00,2027275380000,2027275380000,1,0,193
492,1,English,2024-03-28,2024-03-28 22:03:00,2024-03-28 22:03:00,2027282580000,2027282580000,1,0,204
493,2,Simplified Chinese,2024-03-28,2024-03-28 00:06:00,2024-03-28 00:06:00,2027203560000,2027203560000,1,0,88
494,2,Simplified Chinese,2024-03-28,2024-03-28 02:06:00,2024-03-28 02:06:00,2027210760000,2027210760000,1,0,99
495,2,Simplified Chinese,2024-03-28,2024-03-28 04:06:00,2024-03-28 04:06:00,2027217960000,2027217960000,1,0,110
496,2,Simplified Chinese,2024-03-28,2024-03-28 06:06:00,2024-03-28 06:06:00,2027225160000,2027225160000,1,0,121
497,2,Simplified Chinese,2024-03-28,2024-03-28 08:06:00,2024-03-28 08:06:00,2027232360000,2027232360000,1,0,132
498,2,Simplified Chinese,2024-03-28,2024-03-28 10:06:00,2024-03-31 12:06:00,2027239560000,2027505960000,1,1,143
499,2,Simplified Chinese,2024-03-28,2024-03-28 12:06:00,2024-03-28 12:06:00,2027246760000,2027246760000,1,0,154
500,2,Simplified Chinese,2024-03-28,2024-03-28 14:06:00,2024-03-28 14:06:00,2027253960000,2027253960000,1,0,165
501,2,Simplified Chinese,2024-03-28,2024-03-28 16:06:00,2024-03-28 16:06:00,2027261160000,2027261160000,1,0,176
502,2,Simplified Chinese,2024-03-28,2024-03-28 18:06:00,2024-03-28 18:06:00,2027268360000,2027268360000,1,0,187
503,2,Simplified Chinese,2024-03-28,2024-03-28 20:06:00,2024-03-28 20:06:00,2027275560000,2027275560000,1,0,198
504,2,Simplified Chinese,2024-03-28,2024-03-28 22:06:00,2024-03-28 22:06:00,2027282760000,2027282760000,1,0,209
505,3,Spanish,2024-03-28,2024-03-28 00:09:00,2024-03-28 00:09:00,2027203740000,2027203740000,1,0,93
506,3,Spanish,2024-03-28,2024-03-28 02:09:00,2024-03-28 02:09:00,2027210940000,2027210940000,1,0,104
507,3,Spanish,2024-03-28,2024-03-28 04:09:00,2024-03-28 04:09:00,2027218140000,2027218140000,1,0,115
508,3,Spanish,2024-03-28,2024-03-28 06:09:00,2024-03-28 06:09:00,2027225340000,2027225340000,1,0,126
509,3,Spanish,2024-03-28,2024-03-28 08:09:00,2024-03-28 08:09:00,2027232540000,2027232540000,1,0,137
510,3,Spanish,2024-03-28,2024-03-28 10:09:00,2024-03-28 10:09:00,2027239740000,2027239740000,0,0,148
511,3,Spanish,2024-03-28,2024-03-28 12:09:00,2024-03-28 12:09:00,2027246940000,2027246940000,1,0,159
512,3,Spanish,2024-03-28,2024-03-28 14:09:00,2024-03-28 14:09:00,2027254140000,2027254140000,1,0,170
513,3,Spanish,2024-03-28,2024-03-28 16:09:00,2024-03-31 19:09:00,2027261340000,2027531340000,1,1,181
514,3,Spanish,2024-03-28,2024-03-28 18:09:00,2024-03-28 18:09:00,2027268540000,2027268540000,1,0,192
515,3,Spanish,2024-03-28,2024-03-28 20:09:00,2024-03-28 20:09:00,2027275740000,2027275740000,1,0,203
516,3,Spanish,2024-03-28,2024-03-28 22:09:00,2024-03-28 22:09:00,2027282940000,2027282940000,1,0,214
517,4,Japanese,2024-03-28,2024-03-28 00:12:00,2024-03-28 00:12:00,2027203920000,2027203920000,1,0,98
518,4,Japanese,2024-03-28,2024-03-28 02:12:00,2024-03-28 02:12:00,2027211120000,2027211120000,1,0,109
519,4,Japanese,2024-03-28,2024-03-28 04:12:00,2024-03-28 04:12:00,2027218320000,2027218320000,1,0,120
520,4,Japanese,2024-03-28,2024-03-28 06:12:00,2024-03-28 06:12:00,2027225520000,2027225520000,1,0,131
521,4,Japanese,2024-03-28,2024-03-28 08:12:00,2024-03-28 08:12:00,2027232720000,2027232720000,1,0,142
522,4,Japanese,2024-03-28,2024-03-28 10:12:00,2024-03-28 10:12:00,2027239920000,2027239920000,1,0,153
523,4,Japanese,2024-03-28,2024-03-28 12:12:00,2024-03-28 12:12:00,2027247120000,2027247120000,1,0,164
524,4,Japanese,2024-03-28,2024-03-28 14:12:00,2024-03-28 14:12:00,2027254320000,2027254320000,1,0,175
525,4,Japanese,2024-03-28,2024-03-28 16:12:00,2024-03-28 16:12:00,2027261520000,2027261520000,1,0,186
526,4,Japanese,2024-03-28,2024-03-28 18:12:00,2024-03-28 18:12:00,2027268720000,2027268720000,1,0,197
527,4,Japanese,2024-03-28,2024-03-28 20:12:00,2024-03-28 20:12:00,2027275920000,2027275920000,1,0,208
528,4,Japanese,2024-03-28,2024-03-28 22:12:00,2024-04-01 02:12:00,2027283120000,2027556720000,0,1,219
529,1,English,2024-03-29,2024-03-29 00:03:00,2024-03-29 00:03:00,2027289780000,2027289780000,1,0,90
530,1,English,2024-03-29,2024-03-29 02:03:00,2024-03-29 02:03:00,2027296980000,2027296980000,1,0,101
531,1,English,2024-03-29,2024-03-29 04:03:00,2024-03-29 04:03:00,2027304180000,2027304180000,1,0,112
532,1,English,2024-03-29,2024-03-29 06:03:00,2024-03-29 06:03:00,2027311380000,2027311380000,1,0,123
533,1,English,2024-03-29,2024-03-29 08:03:00,2024-03-29 08:03:00,2027318580000,2027318580000,1,0,134
534,1,English,2024-03-29,2024-03-29 10:03:00,2024-03-29 10:03:00,2027325780000,2027325780000,1,0,145
535,1,English,2024-03-29,2024-03-29 12:03:00,2024-03-29 12:03:00,2027332980000,2027332980000,1,0,156
536,1,English,2024-03-29,2024-03-29 14:03:00,2024-03-29 14:03:00,2027340180000,2027340180000,1,0,167
537,1,English,2024-03-29,2024-03-29 16:03:00,2024-03-29 16:03:00,2027347380000,2027347380000,1,0,178
538,1,English,2024-03-29,2024-03-29 18:03:00,2024-03-29 18:03:00,2027354580000,2027354580000,1,0,189
539,1,English,2024-03-29,2024-03-29 20:03:00,2024-03-29 20:03:00,2027361780000,2027361780000,1,0,200
540,1,English,2024-03-29,2024-03-29 22:03:00,2024-03-29 22:03:00,2027368980000,2027368980000,1,0,211
541,2,Simplified Chinese,2024-03-29,2024-03-29 00:06:00,2024-03-29 00:06:00,2027289960000,2027289960000,1,0,95
542,2,Simplified Chinese,2024-03-29,2024-03-29 02:06:00,2024-03-29 02:06:00,2027297160000,2027297160000,1,0,106
543,2,Simplified Chinese,2024-03-29,2024-03-29 04:06:00,2024-03-29 04:06:00,2027304360000,2027304360000,1,0,117
544,2,Simplified Chinese,2024-03-29,2024-03-29 06:06:00,2024-03-29 06:06:00,2027311560000,2027311560000,1,0,128
545,2,Simplified Chinese,2024-03-29,2024-03-29 08:06:00,2024-03-29 08:06:00,2027318760000,2027318760000,1,0,139
546,2,Simplified Chinese,2024-03-29,2024-03-29 10:06:00,2024-03-29 10:06:00,2027325960000,2027325960000,0,0,150
547,2,Simplified Chinese,2024-03-29,2024-03-29 12:06:00,2024-03-29 12:06:00,2027333160000,2027333160000,1,0,161
548,2,Simplified Chinese,2024-03-29,2024-03-29 14:06:00,2024-03-29 14:06:00,2027340360000,2027340360000,1,0,172
549,2,Simplified Chinese,2024-03-29,2024-03-29 16:06:00,2024-03-29 16:06:00,2027347560000,2027347560000,1,0,183
550,2,Simplified Chinese,2024-03-29,2024-03-29 18:06:00,2024-03-29 18:06:00,2027354760000,2027354760000,1,0,194
551,2,Simplified Chinese,2024-03-29,2024-03-29 20:06:00,2024-03-29 20:06:00,2027361960000,2027361960000,1,0,205
552,2,Simplified Chinese,2024-03-29,2024-03-29 22:06:00,2024-03-29 22:06:00,2027369160000,2027369160000,1,0,216
553,3,Spanish,2024-03-29,2024-03-29 00:09:00,2024-03-29 00:09:00,2027290140000,2027290140000,1,0,100
554,3,Spanish,2024-03-29,2024-03-29 02:09:00,2024-03-29 02:09:00,2027297340000,2027297340000,1,0,111
555,3,Spanish,2024-03-29,2024-03-29 04:09:00,2024-03-29 04:09:00,2027304540000,2027304540000,1,0,122
556,3,Spanish,2024-03-29,2024-03-29 06:09:00,2024-03-29 06:09:00,2027311740000,2027311740000,1,0,133
557,3,Spanish,2024-03-29,2024-03-29 08:09:00,2024-03-29 08:09:00,2027318940000,2027318940000,1,0,144
558,3,Spanish,2024-03-29,2024-03-29 10:09:00,2024-03-29 10:09:00,2027326140000,2027326140000,1,0,155
559,3,Spanish,2024-03-29,2024-03-29 12:09:00,2024-03-29 12:09:00,2027333340000,2027333340000,1,0,166
560,3,Spanish,2024-03-29,2024-03-29 14:09:00,2024-03-29 14:09:00,2027340540000,2027340540000,1,0,177
561,3,Spanish,2024-03-29,2024-03-29 16:09:00,2024-03-29 16:09:00,2027347740000,2027347740000,1,0,188
562,3,Spanish,2024-03-29,2024-03-29 18:09:00,2024-03-29 18:09:00,2027354940000,2027354940000,1,0,199
563,3,Spanish,2024-03-29,2024-03-29 20:09:00,2024-03-29 20:09:00,2027362140000,2027362140000,1,0,210
564,3,Spanish,2024-03-29,2024-03-29 22:09:00,2024-03-29 22:09:00,2027369340000,2027369340000,1,0,221
565,4,Japanese,2024-03-29,2024-03-29 00:12:00,2024-03-29 00:12:00,2027290320000,2027290320000,1,0,105
566,4,Japanese,2024-03-29,2024-03-29 02:12:00,2024-03-29 02:12:00,2027297520000,2027297520000,1,0,116
567,4,Japanese,2024-03-29,2024-03-29 04:12:00,2024-03-29 04:12:00,2027304720000,2027304720000,1,0,127
568,4,Japanese,2024-03-29,2024-03-29 06:12:00,2024-03-29 06:12:00,2027311920000,2027311920000,1,0,138
569,4,Japanese,2024-03-29,2024-03-29 08:12:00,2024-03-29 08:12:00,2027319120000,2027319120000,1,0,149
570,4,Japanese,2024-03-29,2024-03-29 10:12:00,2024-03-29 10:12:00,2027326320000,2027326320000,1,0,160
571,4,Japanese,2024-03-29,2024-03-29 12:12:00,2024-03-29 12:12:00,2027333520000,2027333520000,1,0,171
572,4,Japanese,2024-03-29,2024-03-29 14:12:00,2024-03-29 14:12:00,2027340720000,2027340720000,0,0,182
573,4,Japanese,2024-03-29,2024-03-29 16:12:00,2024-03-29 16:12:00,2027347920000,2027347920000,1,0,193
574,4,Japanese,2024-03-29,2024-03-29 18:12:00,2024-03-29 18:12:00,2027355120000,2027355120000,1,0,204
575,4,Japanese,2024-03-29,2024-03-29 20:12:00,2024-03-29 20:12:00,2027362320000,2027362320000,1,0,215
576,4,Japanese,2024-03-29,2024-03-29 22:12:00,2024-03-29 22:12:00,2027369520000,2027369520000,1,0,226
577,1,English,2024-03-30,2024-03-30 00:03:00,2024-03-30 00:03:00,2027376180000,2027376180000,1,0,97
578,1,English,2024-03-30,2024-03-30 02:03:00,2024-03-30 02:03:00,2027383380000,2027383380000,1,0,108
579,1,English,2024-03-30,2024-03-30 04:03:00,2024-03-30 04:03:00,2027390580000,2027390580000,1,0,119
580,1,English,2024-03-30,2024-03-30 06:03:00,2024-03-30 06:03:00,2027397780000,2027397780000,1,0,130
581,1,English,2024-03-30,2024-03-30 08:03:00,2024-03-30 08:03:00,2027404980000,2027404980000,1,0,141
582,1,English,2024-03-30,2024-03-30 10:03:00,2024-03-30 10:03:00,2027412180000,2027412180000,1,0,152
583,1,English,2024-03-30,2024-03-30 12:03:00,2024-03-30 12:03:00,2027419380000,2027419380000,1,0,163
584,1,English,2024-03-30,2024-03-30 14:03:00,2024-03-30 14:03:00,2027426580000,2027426580000,1,0,174
585,1,English,2024-03-30,2024-03-30 16:03:00,2024-03-30 16:03:00,2027433780000,2027433780000,1,0,185
586,1,English,2024-03-30,2024-03-30 18:03:00,2024-03-30 18:03:00,2027440980000,2027440980000,1,0,196
587,1,English,2024-03-30,2024-03-30 20:03:00,2024-03-30 20:03:00,2027448180000,2027448180000,1,0,207
588,1,English,2024-03-30,2024-03-30 22:03:00,2024-03-30 22:03:00,2027455380000,2027455380000,1,0,218
589,2,Simplified Chinese,2024-03-30,2024-03-30 00:06:00,2024-03-31 02:06:00,2027376360000,2027469960000,1,1,102
590,2,Simplified Chinese,2024-03-30,2024-03-30 02:06:00,2024-03-30 02:06:00,2027383560000,2027383560000,1,0,113
591,2,Simplified Chinese,2024-03-30,2024-03-30 04:06:00,2024-03-30 04:06:00,2027390760000,2027390760000,1,0,124
592,2,Simplified Chinese,2024-03-30,2024-03-30 06:06:00,2024-03-30 06:06:00,2027397960000,2027397960000,1,0,135
593,2,Simplified Chinese,2024-03-30,2024-03-30 08:06:00,2024-03-30 08:06:00,2027405160000,2027405160000,1,0,146
594,2,Simplified Chinese,2024-03-30,2024-03-30 10:06:00,2024-03-30 10:06:00,2027412360000,2027412360000,1,0,157
595,2,Simplified Chinese,2024-03-30,2024-03-30 12:06:00,2024-03-30 12:06:00,2027419560000,2027419560000,1,0,168
596,2,Simplified Chinese,2024-03-30,2024-03-30 14:06:00,2024-04-01 16:06:00,2027426760000,2027606760000,1,1,179
597,2,Simplified Chinese,2024-03-30,2024-03-30 16:06:00,2024-03-30 16:06:00,2027433960000,2027433960000,1,0,190
598,2,Simplified Chinese,2024-03-30,2024-03-30 18:06:00,2024-03-30 18:06:00,2027441160000,2027441160000,1,0,201
599,2,Simplified Chinese,2024-03-30,2024-03-30 20:06:00,2024-03-30 20:06:00,2027448360000,2027448360000,1,0,212
600,2,Simplified Chinese,2024-03-30,2024-03-30 22:06:00,2024-03-30 22:06:00,2027455560000,2027455560000,1,0,223
601,3,Spanish,2024-03-30,2024-03-30 00:09:00,2024-03-30 00:09:00,2027376540000,2027376540000,1,0,107
602,3,Spanish,2024-03-30,2024-03-30 02:09:00,2024-03-30 02:09:00,2027383740000,2027383740000,1,0,118
603,3,Spanish,2024-03-30,2024-03-30 04:09:00,2024-03-30 04:09:00,2027390940000,2027390940000,1,0,129
604,3,Spanish,2024-03-30,2024-03-30 06:09:00,2024-03-31 09:09:00,2027398140000,2027495340000,1,1,140
605,3,Spanish,2024-03-30,2024-03-30 08:09:00,2024-03-30 08:09:00,2027405340000,2027405340000,1,0,151
606,3,Spanish,2024-03-30,2024-03-30 10:09:00,2024-03-30 10:09:00,2027412540000,2027412540000,1,0,162
607,3,Spanish,2024-03-30,2024-03-30 12:09:00,2024-03-30 12:09:00,2027419740000,2027419740000,1,0,173
608,3,Spanish,2024-03-30,2024-03-30 14:09:00,2024-03-30 14:09:00,2027426940000,2027426940000,0,0,184
609,3,Spanish,2024-03-30,2024-03-30 16:09:00,2024-03-30 16:09:00,2027434140000,2027434140000,1,0,195
610,3,Spanish,2024-03-30,2024-03-30 18:09:00,2024-03-30 18:09:00,2027441340000,2027441340000,1,0,206
611,3,Spanish,2024-03-30,2024-03-30 20:09:00,2024-04-01 23:09:00,2027448540000,2027632140000,1,1,217
612,3,Spanish,2024-03-30,2024-03-30 22:09:00,2024-03-30 22:09:00,2027455740000,2027455740000,1,0,228
613,4,Japanese,2024-03-30,2024-03-30 00:12:00,2024-03-30 00:12:00,2027376720000,2027376720000,0,0,112
614,4,Japanese,2024-03-30,2024-03-30 02:12:00,2024-03-30 02:12:00,2027383920000,2027383920000,1,0,123
615,4,Japanese,2024-03-30,2024-03-30 04:12:00,2024-03-30 04:12:00,2027391120000,2027391120000,1,0,134
616,4,Japanese,2024-03-30,2024-03-30 06:12:00,2024-03-30 06:12:00,2027398320000,2027398320000,1,0,145
617,4,Japanese,2024-03-30,2024-03-30 08:12:00,2024-03-30 08:12:00,2027405520000,2027405520000,1,0,156
618,4,Japanese,2024-03-30,2024-03-30 10:12:00,2024-03-30 10:12:00,2027412720000,2027412720000,1,0,167
619,4,Japanese,2024-03-30,2024-03-30 12:12:00,2024-03-31 16:12:00,2027419920000,2027520720000,1,1,178
620,4,Japanese,2024-03-30,2024-03-30 14:12:00,2024-03-30 14:12:00,2027427120000,2027427120000,1,0,189
621,4,Japanese,2024-03-30,2024-03-30 16:12:00,2024-03-30 16:12:00,2027434320000,2027434320000,1,0,200
622,4,Japanese,2024-03-30,2024-03-30 18:12:00,2024-03-30 18:12:00,2027441520000,2027441520000,1,0,211
623,4,Japanese,2024-03-30,2024-03-30 20:12:00,2024-03-30 20:12:00,2027448720000,2027448720000,1,0,222
624,4,Japanese,2024-03-30,2024-03-30 22:12:00,2024-03-30 22:12:00,2027455920000,2027455920000,1,0,233
625,1,English,2024-03-31,2024-03-31 00:03:00,2024-03-31 00:03:00,2027462580000,2027462580000,1,0,104
626,1,English,2024-03-31,2024-03-31 02:03:00,2024-03-31 02:03:00,2027469780000,2027469780000,1,0,115
627,1,English,2024-03-31,2024-03-31 04:03:00,2024-03-31 04:03:00,2027476980000,2027476980000,1,0,126
628,1,English,2024-03-31,2024-03-31 06:03:00,2024-03-31 06:03:00,2027484180000,2027484180000,1,0,137
629,1,English,2024-03-31,2024-03-31 08:03:00,2024-03-31 08:03:00,2027491380000,2027491380000,1,0,148
630,1,English,2024-03-31,2024-03-31 10:03:00,2024-03-31 10:03:00,2027498580000,2027498580000,1,0,159
631,1,English,2024-03-31,2024-03-31 12:03:00,2024-03-31 12:03:00,2027505780000,2027505780000,1,0,170
632,1,English,2024-03-31,2024-03-31 14:03:00,2024-03-31 14:03:00,2027512980000,2027512980000,1,0,181
633,1,English,2024-03-31,2024-03-31 16:03:00,2024-03-31 16:03:00,2027520180000,2027520180000,1,0,192
634,1,English,2024-03-31,2024-03-31 18:03:00,2024-03-31 18:03:00,2027527380000,2027527380000,1,0,203
635,1,English,2024-03-31,2024-03-31 20:03:00,2024-04-02 21:03:00,2027534580000,2027710980000,1,1,214
636,1,English,2024-03-31,2024-03-31 22:03:00,2024-03-31 22:03:00,2027541780000,2027541780000,1,0,225
637,2,Simplified Chinese,2024-03-31,2024-03-31 00:06:00,2024-03-31 00:06:00,2027462760000,2027462760000,1,0,109
638,2,Simplified Chinese,2024-03-31,2024-03-31 02:06:00,2024-03-31 02:06:00,2027469960000,2027469960000,1,0,120
639,2,Simplified Chinese,2024-03-31,2024-03-31 04:06:00,2024-03-31 04:06:00,2027477160000,2027477160000,1,0,131
640,2,Simplified Chinese,2024-03-31,2024-03-31 06:06:00,2024-03-31 06:06:00,2027484360000,2027484360000,1,0,142
641,2,Simplified Chinese,2024-03-31,2024-03-31 08:06:00,2024-03-31 08:06:00,2027491560000,2027491560000,1,0,153
642,2,Simplified Chinese,2024-03-31,2024-03-31 10:06:00,2024-03-31 10:06:00,2027498760000,2027498760000,1,0,164
643,2,Simplified Chinese,2024-03-31,2024-03-31 12:06:00,2024-03-31 12:06:00,2027505960000,2027505960000,1,0,175
644,2,Simplified Chinese,2024-03-31,2024-03-31 14:06:00,2024-03-31 14:06:00,2027513160000,2027513160000,0,0,186
645,2,Simplified Chinese,2024-03-31,2024-03-31 16:06:00,2024-03-31 16:06:00,2027520360000,2027520360000,1,0,197
646,2,Simplified Chinese,2024-03-31,2024-03-31 18:06:00,2024-03-31 18:06:00,2027527560000,2027527560000,1,0,208
647,2,Simplified Chinese,2024-03-31,2024-03-31 20:06:00,2024-03-31 20:06:00,2027534760000,2027534760000,1,0,219
648,2,Simplified Chinese,2024-03-31,2024-03-31 22:06:00,2024-03-31 22:06:00,2027541960000,2027541960000,1,0,230
649,3,Spanish,2024-03-31,2024-03-31 00:09:00,2024-03-31 00:09:00,2027462940000,2027462940000,0,0,114
650,3,Spanish,2024-03-31,2024-03-31 02:09:00,2024-03-31 02:09:00,2027470140000,2027470140000,1,0,125
651,3,Spanish,2024-03-31,2024-03-31 04:09:00,2024-03-31 04:09:00,2027477340000,2027477340000,1,0,136
652,3,Spanish,2024-03-31,2024-03-31 06:09:00,2024-03-31 06:09:00,2027484540000,2027484540000,1,0,147
653,3,Spanish,2024-03-31,2024-03-31 08:09:00,2024-03-31 08:09:00,2027491740000,2027491740000,1,0,158
654,3,Spanish,2024-03-31,2024-03-31 10:09:00,2024-03-31 10:09:00,2027498940000,2027498940000,1,0,169
655,3,Spanish,2024-03-31,2024-03-31 12:09:00,2024-03-31 12:09:00,2027506140000,2027506140000,1,0,180
656,3,Spanish,2024-03-31,2024-03-31 14:09:00,2024-03-31 14:09:00,2027513340000,2027513340000,1,0,191
657,3,Spanish,2024-03-31,2024-03-31 16:09:00,2024-03-31 16:09:00,2027520540000,2027520540000,1,0,202
658,3,Spanish,2024-03-31,2024-03-31 18:09:00,2024-03-31 18:09:00,2027527740000,2027527740000,1,0,213
659,3,Spanish,2024-03-31,2024-03-31 20:09:00,2024-03-31 20:09:00,2027534940000,2027534940000,1,0,224
660,3,Spanish,2024-03-31,2024-03-31 22:09:00,2024-03-31 22:09:00,2027542140000,2027542140000,1,0,235
661,4,Japanese,2024-03-31,2024-03-31 00:12:00,2024-03-31 00:12:00,2027463120000,2027463120000,1,0,119
662,4,Japanese,2024-03-31,2024-03-31 02:12:00,2024-03-31 02:12:00,2027470320000,2027470320000,1,0,130
663,4,Japanese,2024-03-31,2024-03-31 04:12:00,2024-03-31 04:12:00,2027477520000,2027477520000,1,0,141
664,4,Japanese,2024-03-31,2024-03-31 06:12:00,2024-03-31 06:12:00,2027484720000,2027484720000,1,0,152
665,4,Japanese,2024-03-31,2024-03-31 08:12:00,2024-03-31 08:12:00,2027491920000,2027491920000,1,0,163
666,4,Japanese,2024-03-31,2024-03-31 10:12:00,2024-03-31 10:12:00,2027499120000,2027499120000,1,0,174
667,4,Japanese,2024-03-31,2024-03-31 12:12:00,2024-03-31 12:12:00,2027506320000,2027506320000,1,0,185
668,4,Japanese,2024-03-31,2024-03-31 14:12:00,2024-03-31 14:12:00,2027513520000,2027513520000,1,0,196
669,4,Japanese,2024-03-31,2024-03-31 16:12:00,2024-03-31 16:12:00,2027520720000,2027520720000,1,0,207
670,4,Japanese,2024-03-31,2024-03-31 18:12:00,2024-03-31 18:12:00,2027527920000,2027527920000,0,0,218
671,4,Japanese,2024-03-31,2024-03-31 20:12:00,2024-03-31 20:12:00,2027535120000,2027535120000,1,0,229
672,4,Japanese,2024-03-31,2024-03-31 22:12:00,2024-03-31 22:12:00,2027542320000,2027542320000,1,0,240
673,1,English,2024-04-01,2024-04-01 00:03:00,2024-04-01 00:03:00,2027548980000,2027548980000,1,0,111
674,1,English,2024-04-01,2024-04-01 02:03:00,2024-04-01 02:03:00,2027556180000,2027556180000,1,0,122
675,1,English,2024-04-01,2024-04-01 04:03:00,2024-04-01 04:03:00,2027563380000,2027563380000,1,0,133
676,1,English,2024-04-01,2024-04-01 06:03:00,2024-04-01 06:03:00,2027570580000,2027570580000,1,0,144
677,1,English,2024-04-01,2024-04-01 08:03:00,2024-04-01 08:03:00,2027577780000,2027577780000,1,0,155
678,1,English,2024-04-01,2024-04-01 10:03:00,2024-04-01 10:03:00,2027584980000,2027584980000,1,0,166
679,1,English,2024-04-01,2024-04-01 12:03:00,2024-04-01 12:03:00,2027592180000,2027592180000,1,0,177
680,1,English,2024-04-01,2024-04-01 14:03:00,2024-04-01 14:03:00,2027599380000,2027599380000,1,0,188
681,1,English,2024-04-01,2024-04-01 16:03:00,2024-04-01 16:03:00,2027606580000,2027606580000,1,0,199
682,1,English,2024-04-01,2024-04-01 18:03:00,2024-04-01 18:03:00,2027613780000,2027613780000,1,0,210
683,1,English,2024-04-01,2024-04-01 20:03:00,2024-04-01 20:03:00,2027620980000,2027620980000,1,0,221
684,1,English,2024-04-01,2024-04-01 22:03:00,2024-04-01 22:03:00,2027628180000,2027628180000,1,0,232
685,2,Simplified Chinese,2024-04-01,2024-04-01 00:06:00,2024-04-01 00:06:00,2027549160000,2027549160000,1,0,116
686,2,Simplified Chinese,2024-04-01,2024-04-01 02:06:00,2024-04-01 02:06:00,2027556360000,2027556360000,1,0,127
687,2,Simplified Chinese,2024-04-01,2024-04-01 04:06:00,2024-04-04 06:06:00,2027563560000,2027829960000,1,1,138
688,2,Simplified Chinese,2024-04-01,2024-04-01 06:06:00,2024-04-01 06:06:00,2027570760000,2027570760000,1,0,149
689,2,Simplified Chinese,2024-04-01,2024-04-01 08:06:00,2024-04-01 08:06:00,2027577960000,2027577960000,1,0,160
690,2,Simplified Chinese,2024-04-01,2024-04-01 10:06:00,2024-04-01 10:06:00,2027585160000,2027585160000,1,0,171
691,2,Simplified Chinese,2024-04-01,2024-04-01 12:06:00,2024-04-01 12:06:00,2027592360000,2027592360000,1,0,182
692,2,Simplified Chinese,2024-04-01,2024-04-01 14:06:00,2024-04-01 14:06:00,2027599560000,2027599560000,1,0,193
693,2,Simplified Chinese,2024-04-01,2024-04-01 16:06:00,2024-04-01 16:06:00,2027606760000,2027606760000,1,0,204
694,2,Simplified Chinese,2024-04-01,2024-04-01 18:06:00,2024-04-01 18:06:00,2027613960000,2027613960000,1,0,215
695,2,Simplified Chinese,2024-04-01,2024-04-01 20:06:00,2024-04-01 20:06:00,2027621160000,2027621160000,1,0,226
696,2,Simplified Chinese,2024-04-01,2024-04-01 22:06:00,2024-04-01 22:06:00,2027628360000,2027628360000,1,0,237
697,3,Spanish,2024-04-01,2024-04-01 00:09:00,2024-04-01 00:09:00,2027549340000,2027549340000,1,0,121
698,3,Spanish,2024-04-01,2024-04-01 02:09:00,2024-04-01 02:09:00,2027556540000,2027556540000,1,0,132
699,3,Spanish,2024-04-01,2024-04-01 04:09:00,2024-04-01 04:09:00,2027563740000,2027563740000,1,0,143
700,3,Spanish,2024-04-01,2024-04-01 06:09:00,2024-04-01 06:09:00,2027570940000,2027570940000,1,0,154
701,3,Spanish,2024-04-01,2024-04-01 08:09:00,2024-04-01 08:09:00,2027578140000,2027578140000,1,0,165
702,3,Spanish,2024-04-01,2024-04-01 10:09:00,2024-04-01 10:09:00,2027585340000,2027585340000,1,0,176
703,3,Spanish,2024-04-01,2024-04-01 12:09:00,2024-04-01 12:09:00,2027592540000,2027592540000,1,0,187
704,3,Spanish,2024-04-01,2024-04-01 14:09:00,2024-04-01 14:09:00,2027599740000,2027599740000,1,0,198
705,3,Spanish,2024-04-01,2024-04-01 16:09:00,2024-04-01 16:09:00,2027606940000,2027606940000,1,0,209
706,3,Spanish,2024-04-01,2024-04-01 18:09:00,2024-04-01 18:09:00,2027614140000,2027614140000,0,0,220
707,3,Spanish,2024-04-01,2024-04-01 20:09:00,2024-04-01 20:09:00,2027621340000,2027621340000,1,0,231
708,3,Spanish,2024-04-01,2024-04-01 22:09:00,2024-04-01 22:09:00,2027628540000,2027628540000,1,0,242
709,4,Japanese,2024-04-01,2024-04-01 00:12:00,2024-04-01 00:12:00,2027549520000,2027549520000,1,0,126
710,4,Japanese,2024-04-01,2024-04-01 02:12:00,2024-04-03 06:12:00,2027556720000,2027743920000,1,1,137
711,4,Japanese,2024-04-01,2024-04-01 04:12:00,2024-04-01 04:12:00,2027563920000,2027563920000,0,0,148
712,4,Japanese,2024-04-01,2024-04-01 06:12:00,2024-04-01 06:12:00,2027571120000,2027571120000,1,0,159
713,4,Japanese,2024-04-01,2024-04-01 08:12:00,2024-04-01 08:12:00,2027578320000,2027578320000,1,0,170
714,4,Japanese,2024-04-01,2024-04-01 10:12:00,2024-04-01 10:12:00,2027585520000,2027585520000,1,0,181
715,4,Japanese,2024-04-01,2024-04-01 12:12:00,2024-04-01 12:12:00,2027592720000,2027592720000,1,0,192
716,4,Japanese,2024-04-01,2024-04-01 14:12:00,2024-04-01 14:12:00,2027599920000,2027599920000,1,0,203
717,4,Japanese,2024-04-01,2024-04-01 16:12:00,2024-04-01 16:12:00,2027607120000,2027607120000,1,0,214
718,4,Japanese,2024-04-01,2024-04-01 18:12:00,2024-04-01 18:12:00,2027614320000,2027614320000,1,0,225
719,4,Japanese,2024-04-01,2024-04-01 20:12:00,2024-04-01 20:12:00,2027621520000,2027621520000,1,0,236
720,4,Japanese,2024-04-01,2024-04-01 22:12:00,2024-04-01 22:12:00,2027628720000,2027628720000,1,0,247
721,1,English,2024-04-02,2024-04-02 00:03:00,2024-04-02 00:03:00,2027635380000,2027635380000,1,0,118
722,1,English,2024-04-02,2024-04-02 02:03:00,2024-04-02 02:03:00,2027642580000,2027642580000,1,0,129
723,1,English,2024-04-02,2024-04-02 04:03:00,2024-04-02 04:03:00,2027649780000,2027649780000,1,0,140
724,1,English,2024-04-02,2024-04-02 06:03:00,2024-04-02 06:03:00,2027656980000,2027656980000,1,0,151
725,1,English,2024-04-02,2024-04-02 08:03:00,2024-04-02 08:03:00,2027664180000,2027664180000,1,0,162
726,1,English,2024-04-02,2024-04-02 10:03:00,2024-04-05 11:03:00,2027671380000,2027934180000,1,1,173
727,1,English,2024-04-02,2024-04-02 12:03:00,2024-04-02 12:03:00,2027678580000,2027678580000,1,0,184
728,1,English,2024-04-02,2024-04-02 14:03:00,2024-04-02 14:03:00,2027685780000,2027685780000,1,0,195
729,1,English,2024-04-02,2024-04-02 16:03:00,2024-04-02 16:03:00,2027692980000,2027692980000,1,0,206
730,1,English,2024-04-02,2024-04-02 18:03:00,2024-04-02 18:03:00,2027700180000,2027700180000,1,0,217
731,1,English,2024-04-02,2024-04-02 20:03:00,2024-04-02 20:03:00,2027707380000,2027707380000,1,0,228
732,1,English,2024-04-02,2024-04-02 22:03:00,2024-04-02 22:03:00,2027714580000,2027714580000,1,0,239
733,2,Simplified Chinese,2024-04-02,2024-04-02 00:06:00,2024-04-02 00:06:00,2027635560000,2027635560000,1,0,123
734,2,Simplified Chinese,2024-04-02,2024-04-02 02:06:00,2024-04-04 04:06:00,2027642760000,2027822760000,1,1,134
735,2,Simplified Chinese,2024-04-02,2024-04-02 04:06:00,2024-04-02 04:06:00,2027649960000,2027649960000,1,0,145
736,2,Simplified Chinese,2024-04-02,2024-04-02 06:06:00,2024-04-02 06:06:00,2027657160000,2027657160000,1,0,156
737,2,Simplified Chinese,2024-04-02,2024-04-02 08:06:00,2024-04-02 08:06:00,2027664360000,2027664360000,1,0,167
738,2,Simplified Chinese,2024-04-02,2024-04-02 10:06:00,2024-04-02 10:06:00,2027671560000,2027671560000,1,0,178
739,2,Simplified Chinese,2024-04-02,2024-04-02 12:06:00,2024-04-02 12:06:00,2027678760000,2027678760000,1,0,189
740,2,Simplified Chinese,2024-04-02,2024-04-02 14:06:00,2024-04-02 14:06:00,2027685960000,2027685960000,1,0,200
741,2,Simplified Chinese,2024-04-02,2024-04-02 16:06:00,2024-04-05 18:06:00,2027693160000,2027959560000,1,1,211
742,2,Simplified Chinese,2024-04-02,2024-04-02 18:06:00,2024-04-02 18:06:00,2027700360000,2027700360000,0,0,222
743,2,Simplified Chinese,2024-04-02,2024-04-02 20:06:00,2024-04-02 20:06:00,2027707560000,2027707560000,1,0,233
744,2,Simplified Chinese,2024-04-02,2024-04-02 22:06:00,2024-04-02 22:06:00,2027714760000,2027714760000,1,0,244
745,3,Spanish,2024-04-02,2024-04-02 00:09:00,2024-04-02 00:09:00,2027635740000,2027635740000,1,0,128
746,3,Spanish,2024-04-02,2024-04-02 02:09:00,2024-04-02 02:09:00,2027642940000,2027642940000,1,0,139
747,3,Spanish,2024-04-02,2024-04-02 04:09:00,2024-04-02 04:09:00,2027650140000,2027650140000,0,0,150
748,3,Spanish,2024-04-02,2024-04-02 06:09:00,2024-04-02 06:09:00,2027657340000,2027657340000,1,0,161
749,3,Spanish,2024-04-02,2024-04-02 08:09:00,2024-04-04 11:09:00,2027664540000,2027848140000,1,1,172
750,3,Spanish,2024-04-02,2024-04-02 10:09:00,2024-04-02 10:09:00,2027671740000,2027671740000,1,0,183
751,3,Spanish,2024-04-02,2024-04-02 12:09:00,2024-04-02 12:09:00,2027678940000,2027678940000,1,0,194
752,3,Spanish,2024-04-02,2024-04-02 14:09:00,2024-04-02 14:09:00,2027686140000,2027686140000,1,0,205
753,3,Spanish,2024-04-02,2024-04-02 16:09:00,2024-04-02 16:09:00,2027693340000,2027693340000,1,0,216
754,3,Spanish,2024-04-02,2024-04-02 18:09:00,2024-04-02 18:09:00,2027700540000,2027700540000,1,0,227
755,3,Spanish,2024-04-02,2024-04-02 20:09:00,2024-04-02 20:09:00,2027707740000,2027707740000,1,0,238
756,3,Spanish,2024-04-02,2024-04-02 22:09:00,2024-04-06 01:09:00,2027714940000,2027984940000,1,1,249
757,4,Japanese,2024-04-02,2024-04-02 00:12:00,2024-04-02 00:12:00,2027635920000,2027635920000,1,0,133
758,4,Japanese,2024-04-02,2024-04-02 02:12:00,2024-04-02 02:12:00,2027643120000,2027643120000,1,0,144
759,4,Japanese,2024-04-02,2024-04-02 04:12:00,2024-04-02 04:12:00,2027650320000,2027650320000,1,0,155
760,4,Japanese,2024-04-02,2024-04-02 06:12:00,2024-04-02 06:12:00,2027657520000,2027657520000,1,0,166
761,4,Japanese,2024-04-02,2024-04-02 08:12:00,2024-04-02 08:12:00,2027664720000,2027664720000,1,0,177
762,4,Japanese,2024-04-02,2024-04-02 10:12:00,2024-04-02 10:12:00,2027671920000,2027671920000,1,0,188
763,4,Japanese,2024-04-02,2024-04-02 12:12:00,2024-04-02 12:12:00,2027679120000,2027679120000,1,0,199
764,4,Japanese,2024-04-02,2024-04-02 14:12:00,2024-04-04 18:12:00,2027686320000,2027873520000,1,1,210
765,4,Japanese,2024-04-02,2024-04-02 16:12:00,2024-04-02 16:12:00,2027693520000,2027693520000,1,0,221
766,4,Japanese,2024-04-02,2024-04-02 18:12:00,2024-04-02 18:12:00,2027700720000,2027700720000,1,0,232
767,4,Japanese,2024-04-02,2024-04-02 20:12:00,2024-04-02 20:12:00,2027707920000,2027707920000,1,0,243
768,4,Japanese,2024-04-02,2024-04-02 22:12:00,2024-04-02 22:12:00,2027715120000,2027715120000,0,0,254
769,1,English,2024-04-03,2024-04-03 00:03:00,2024-04-03 00:03:00,2027721780000,2027721780000,1,0,125
770,1,English,2024-04-03,2024-04-03 02:03:00,2024-04-03 02:03:00,2027728980000,2027728980000,1,0,136
771,1,English,2024-04-03,2024-04-03 04:03:00,2024-04-03 04:03:00,2027736180000,2027736180000,1,0,147
772,1,English,2024-04-03,2024-04-03 06:03:00,2024-04-03 06:03:00,2027743380000,2027743380000,1,0,158
773,1,English,2024-04-03,2024-04-03 08:03:00,2024-04-03 08:03:00,2027750580000,2027750580000,1,0,169
774,1,English,2024-04-03,2024-04-03 10:03:00,2024-04-03 10:03:00,2027757780000,2027757780000,1,0,180
775,1,English,2024-04-03,2024-04-03 12:03:00,2024-04-03 12:03:00,2027764980000,2027764980000,1,0,191
776,1,English,2024-04-03,2024-04-03 14:03:00,2024-04-03 14:03:00,2027772180000,2027772180000,1,0,202
777,1,English,2024-04-03,2024-04-03 16:03:00,2024-04-03 16:03:00,2027779380000,2027779380000,1,0,213
778,1,English,2024-04-03,2024-04-03 18:03:00,2024-04-03 18:03:00,2027786580000,2027786580000,1,0,224
779,1,English,2024-04-03,2024-04-03 20:03:00,2024-04-03 20:03:00,2027793780000,2027793780000,1,0,235
780,1,English,2024-04-03,2024-04-03 22:03:00,2024-04-06 23:03:00,2027800980000,2028063780000,1,1,246
781,2,Simplified Chinese,2024-04-03,2024-04-03 00:06:00,2024-04-03 00:06:00,2027721960000,2027721960000,1,0,130
782,2,Simplified Chinese,2024-04-03,2024-04-03 02:06:00,2024-04-03 02:06:00,2027729160000,2027729160000,1,0,141
783,2,Simplified Chinese,2024-04-03,2024-04-03 04:06:00,2024-04-03 04:06:00,2027736360000,2027736360000,1,0,152
784,2,Simplified Chinese,2024-04-03,2024-04-03 06:06:00,2024-04-03 06:06:00,2027743560000,2027743560000,1,0,163
785,2,Simplified Chinese,2024-04-03,2024-04-03 08:06:00,2024-04-03 08:06:00,2027750760000,2027750760000,1,0,174
786,2,Simplified Chinese,2024-04-03,2024-04-03 10:06:00,2024-04-03 10:06:00,2027757960000,2027757960000,1,0,185
787,2,Simplified Chinese,2024-04-03,2024-04-03 12:06:00,2024-04-03 12:06:00,2027765160000,2027765160000,1,0,196
788,2,Simplified Chinese,2024-04-03,2024-04-03 14:06:00,2024-04-03 14:06:00,2027772360000,2027772360000,1,0,207
789,2,Simplified Chinese,2024-04-03,2024-04-03 16:06:00,2024-04-03 16:06:00,2027779560000,2027779560000,1,0,218
790,2,Simplified Chinese,2024-04-03,2024-04-03 18:06:00,2024-04-03 18:06:00,2027786760000,2027786760000,1,0,229
791,2,Simplified Chinese,2024-04-03,2024-04-03 20:06:00,2024-04-03 20:06:00,2027793960000,2027793960000,1,0,240
792,2,Simplified Chinese,2024-04-03,2024-04-03 22:06:00,2024-04-03 22:06:00,2027801160000,2027801160000,1,0,251
793,3,Spanish,2024-04-03,2024-04-03 00:09:00,2024-04-03 00:09:00,2027722140000,2027722140000,1,0,135
794,3,Spanish,2024-04-03,2024-04-03 02:09:00,2024-04-03 02:09:00,2027729340000,2027729340000,1,0,146
795,3,Spanish,2024-04-03,2024-04-03 04:09:00,2024-04-03 04:09:00,2027736540000,2027736540000,1,0,157
796,3,Spanish,2024-04-03,2024-04-03 06:09:00,2024-04-03 06:09:00,2027743740000,2027743740000,1,0,168
797,3,Spanish,2024-04-03,2024-04-03 08:09:00,2024-04-03 08:09:00,2027750940000,2027750940000,1,0,179
798,3,Spanish,2024-04-03,2024-04-03 10:09:00,2024-04-03 10:09:00,2027758140000,2027758140000,1,0,190
799,3,Spanish,2024-04-03,2024-04-03 12:09:00,2024-04-03 12:09:00,2027765340000,2027765340000,1,0,201
800,3,Spanish,2024-04-03,2024-04-03 14:09:00,2024-04-03 14:09:00,2027772540000,2027772540000,1,0,212
801,3,Spanish,2024-04-03,2024-04-03 16:09:00,2024-04-03 16:09:00,2027779740000,2027779740000,1,0,223
802,3,Spanish,2024-04-03,2024-04-03 18:09:00,2024-04-03 18:09:00,2027786940000,2027786940000,1,0,234
803,3,Spanish,2024-04-03,2024-04-03 20:09:00,2024-04-03 20:09:00,2027794140000,2027794140000,1,0,245
804,3,Spanish,2024-04-03,2024-04-03 22:09:00,2024-04-03 22:09:00,2027801340000,2027801340000,0,0,256
805,4,Japanese,2024-04-03,2024-04-03 00:12:00,2024-04-03 00:12:00,2027722320000,2027722320000,1,0,140
806,4,Japanese,2024-04-03,2024-04-03 02:12:00,2024-04-03 02:12:00,2027729520000,2027729520000,1,0,151
807,4,Japanese,2024-04-03,2024-04-03 04:12:00,2024-04-03 04:12:00,2027736720000,2027736720000,1,0,162
808,4,Japanese,2024-04-03,2024-04-03 06:12:00,2024-04-03 06:12:00,2027743920000,2027743920000,1,0,173
809,4,Japanese,2024-04-03,2024-04-03 08:12:00,2024-04-03 08:12:00,2027751120000,2027751120000,0,0,184
810,4,Japanese,2024-04-03,2024-04-03 10:12:00,2024-04-03 10:12:00,2027758320000,2027758320000,1,0,195
811,4,Japanese,2024-04-03,2024-04-03 12:12:00,2024-04-03 12:12:00,2027765520000,2027765520000,1,0,206
812,4,Japanese,2024-04-03,2024-04-03 14:12:00,2024-04-03 14:12:00,2027772720000,2027772720000,1,0,217
813,4,Japanese,2024-04-03,2024-04-03 16:12:00,2024-04-03 16:12:00,2027779920000,2027779920000,1,0,228
814,4,Japanese,2024-04-03,2024-04-03 18:12:00,2024-04-03 18:12:00,2027787120000,2027787120000,1,0,239
815,4,Japanese,2024-04-03,2024-04-03 20:12:00,2024-04-03 20:12:00,2027794320000,2027794320000,1,0,250
816,4,Japanese,2024-04-03,2024-04-03 22:12:00,2024-04-03 22:12:00,2027801520000,2027801520000,1,0,261
817,1,English,2024-04-04,2024-04-04 00:03:00,2024-04-05 01:03:00,2027808180000,2027898180000,1,1,132
818,1,English,2024-04-04,2024-04-04 02:03:00,2024-04-04 02:03:00,2027815380000,2027815380000,1,0,143
819,1,English,2024-04-04,2024-04-04 04:03:00,2024-04-04 04:03:00,2027822580000,2027822580000,1,0,154
820,1,English,2024-04-04,2024-04-04 06:03:00,2024-04-04 06:03:00,2027829780000,2027829780000,1,0,165
821,1,English,2024-04-04,2024-04-04 08:03:00,2024-04-04 08:03:00,2027836980000,2027836980000,1,0,176
822,1,English,2024-04-04,2024-04-04 10:03:00,2024-04-04 10:03:00,2027844180000,2027844180000,1,0,187
823,1,English,2024-04-04,2024-04-04 12:03:00,2024-04-04 12:03:00,2027851380000,2027851380000,1,0,198
824,1,English,2024-04-04,2024-04-04 14:03:00,2024-04-04 14:03:00,2027858580000,2027858580000,1,0,209
825,1,English,2024-04-04,2024-04-04 16:03:00,2024-04-04 16:03:00,2027865780000,2027865780000,1,0,220
826,1,English,2024-04-04,2024-04-04 18:03:00,2024-04-04 18:03:00,2027872980000,2027872980000,1,0,231
827,1,English,2024-04-04,2024-04-04 20:03:00,2024-04-04 20:03:00,2027880180000,2027880180000,1,0,242
828,1,English,2024-04-04,2024-04-04 22:03:00,2024-04-04 22:03:00,2027887380000,2027887380000,1,0,253
829,2,Simplified Chinese,2024-04-04,2024-04-04 00:06:00,2024-04-04 00:06:00,2027808360000,2027808360000,1,0,137
830,2,Simplified Chinese,2024-04-04,2024-04-04 02:06:00,2024-04-04 02:06:00,2027815560000,2027815560000,1,0,148
831,2,Simplified Chinese,2024-04-04,2024-04-04 04:06:00,2024-04-04 04:06:00,2027822760000,2027822760000,1,0,159
832,2,Simplified Chinese,2024-04-04,2024-04-04 06:06:00,2024-04-05 08:06:00,2027829960000,2027923560000,1,1,170
833,2,Simplified Chinese,2024-04-04,2024-04-04 08:06:00,2024-04-04 08:06:00,2027837160000,2027837160000,1,0,181
834,2,Simplified Chinese,2024-04-04,2024-04-04 10:06:00,2024-04-04 10:06:00,2027844360000,2027844360000,1,0,192
835,2,Simplified Chinese,2024-04-04,2024-04-04 12:06:00,2024-04-04 12:06:00,2027851560000,2027851560000,1,0,203
836,2,Simplified Chinese,2024-04-04,2024-04-04 14:06:00,2024-04-04 14:06:00,2027858760000,2027858760000,1,0,214
837,2,Simplified Chinese,2024-04-04,2024-04-04 16:06:00,2024-04-04 16:06:00,2027865960000,2027865960000,1,0,225
838,2,Simplified Chinese,2024-04-04,2024-04-04 18:06:00,2024-04-04 18:06:00,2027873160000,2027873160000,1,0,236
839,2,Simplified Chinese,2024-04-04,2024-04-04 20:06:00,2024-04-06 22:06:00,2027880360000,2028060360000,1,1,247
840,2,Simplified Chinese,2024-04-04,2024-04-04 22:06:00,2024-04-04 22:06:00,2027887560000,2027887560000,0,0,258
841,3,Spanish,2024-04-04,2024-04-04 00:09:00,2024-04-04 00:09:00,2027808540000,2027808540000,1,0,142
842,3,Spanish,2024-04-04,2024-04-04 02:09:00,2024-04-04 02:09:00,2027815740000,2027815740000,1,0,153
843,3,Spanish,2024-04-04,2024-04-04 04:09:00,2024-04-04 04:09:00,2027822940000,2027822940000,1,0,164
844,3,Spanish,2024-04-04,2024-04-04 06:09:00,2024-04-04 06:09:00,2027830140000,2027830140000,1,0,175
845,3,Spanish,2024-04-04,2024-04-04 08:09:00,2024-04-04 08:09:00,2027837340000,2027837340000,0,0,186
846,3,Spanish,2024-04-04,2024-04-04 10:09:00,2024-04-04 10:09:00,2027844540000,2027844540000,1,0,197
847,3,Spanish,2024-04-04,2024-04-04 12:09:00,2024-04-05 15:09:00,2027851740000,2027948940000,1,1,208
848,3,Spanish,2024-04-04,2024-04-04 14:09:00,2024-04-04 14:09:00,2027858940000,2027858940000,1,0,219
849,3,Spanish,2024-04-04,2024-04-04 16:09:00,2024-04-04 16:09:00,2027866140000,2027866140000,1,0,230
850,3,Spanish,2024-04-04,2024-04-04 18:09:00,2024-04-04 18:09:00,2027873340000,2027873340000,1,0,241
851,3,Spanish,2024-04-04,2024-04-04 20:09:00,2024-04-04 20:09:00,2027880540000,2027880540000,1,0,252
852,3,Spanish,2024-04-04,2024-04-04 22:09:00,2024-04-04 22:09:00,2027887740000,2027887740000,1,0,263
853,4,Japanese,2024-04-04,2024-04-04 00:12:00,2024-04-04 00:12:00,2027808720000,2027808720000,1,0,147
854,4,Japanese,2024-04-04,2024-04-04 02:12:00,2024-04-04 02:12:00,2027815920000,2027815920000,1,0,158
855,4,Japanese,2024-04-04,2024-04-04 04:12:00,2024-04-07 08:12:00,2027823120000,2028096720000,1,1,169
856,4,Japanese,2024-04-04,2024-04-04 06:12:00,2024-04-04 06:12:00,2027830320000,2027830320000,1,0,180
857,4,Japanese,2024-04-04,2024-04-04 08:12:00,2024-04-04 08:12:00,2027837520000,2027837520000,1,0,191
858,4,Japanese,2024-04-04,2024-04-04 10:12:00,2024-04-04 10:12:00,2027844720000,2027844720000,1,0,202
859,4,Japanese,2024-04-04,2024-04-04 12:12:00,2024-04-04 12:12:00,2027851920000,2027851920000,1,0,213
860,4,Japanese,2024-04-04,2024-04-04 14:12:00,2024-04-04 14:12:00,2027859120000,2027859120000,1,0,224
861,4,Japanese,2024-04-04,2024-04-04 16:12:00,2024-04-04 16:12:00,2027866320000,2027866320000,1,0,235
862,4,Japanese,2024-04-04,2024-04-04 18:12:00,2024-04-05 22:12:00,2027873520000,2027974320000,1,1,246
863,4,Japanese,2024-04-04,2024-04-04 20:12:00,2024-04-04 20:12:00,2027880720000,2027880720000,1,0,257
864,4,Japanese,2024-04-04,2024-04-04 22:12:00,2024-04-04 22:12:00,2027887920000,2027887920000,1,0,268
865,1,English,2024-04-05,2024-04-05 00:03:00,2024-04-05 00:03:00,2027894580000,2027894580000,1,0,139
866,1,English,2024-04-05,2024-04-05 02:03:00,2024-04-05 02:03:00,2027901780000,2027901780000,1,0,150
867,1,English,2024-04-05,2024-04-05 04:03:00,2024-04-05 04:03:00,2027908980000,2027908980000,1,0,161
868,1,English,2024-04-05,2024-04-05 06:03:00,2024-04-05 06:03:00,2027916180000,2027916180000,1,0,172
869,1,English,2024-04-05,2024-04-05 08:03:00,2024-04-05 08:03:00,2027923380000,2027923380000,1,0,183
870,1,English,2024-04-05,2024-04-05 10:03:00,2024-04-05 10:03:00,2027930580000,2027930580000,1,0,194
871,1,English,2024-04-05,2024-04-05 12:03:00,2024-04-06 13:03:00,2027937780000,2028027780000,1,1,205
872,1,English,2024-04-05,2024-04-05 14:03:00,2024-04-05 14:03:00,2027944980000,2027944980000,1,0,216
873,1,English,2024-04-05,2024-04-05 16:03:00,2024-04-05 16:03:00,2027952180000,2027952180000,1,0,227
874,1,English,2024-04-05,2024-04-05 18:03:00,2024-04-05 18:03:00,2027959380000,2027959380000,1,0,238
875,1,English,2024-04-05,2024-04-05 20:03:00,2024-04-05 20:03:00,2027966580000,2027966580000,1,0,249
876,1,English,2024-04-05,2024-04-05 22:03:00,2024-04-05 22:03:00,2027973780000,2027973780000,1,0,260
877,2,Simplified Chinese,2024-04-05,2024-04-05 00:06:00,2024-04-05 00:06:00,2027894760000,2027894760000,1,0,144
878,2,Simplified Chinese,2024-04-05,2024-04-05 02:06:00,2024-04-05 02:06:00,2027901960000,2027901960000,1,0,155
879,2,Simplified Chinese,2024-04-05,2024-04-05 04:06:00,2024-04-05 04:06:00,2027909160000,2027909160000,1,0,166
880,2,Simplified Chinese,2024-04-05,2024-04-05 06:06:00,2024-04-05 06:06:00,2027916360000,2027916360000,1,0,177
881,2,Simplified Chinese,2024-04-05,2024-04-05 08:06:00,2024-04-05 08:06:00,2027923560000,2027923560000,1,0,188
882,2,Simplified Chinese,2024-04-05,2024-04-05 10:06:00,2024-04-05 10:06:00,2027930760000,2027930760000,1,0,199
883,2,Simplified Chinese,2024-04-05,2024-04-05 12:06:00,2024-04-05 12:06:00,2027937960000,2027937960000,1,0,210
884,2,Simplified Chinese,2024-04-05,2024-04-05 14:06:00,2024-04-05 14:06:00,2027945160000,2027945160000,1,0,221
885,2,Simplified Chinese,2024-04-05,2024-04-05 16:06:00,2024-04-05 16:06:00,2027952360000,2027952360000,1,0,232
886,2,Simplified Chinese,2024-04-05,2024-04-05 18:06:00,2024-04-06 20:06:00,2027959560000,2028053160000,1,1,243
887,2,Simplified Chinese,2024-04-05,2024-04-05 20:06:00,2024-04-05 20:06:00,2027966760000,2027966760000,1,0,254
888,2,Simplified Chinese,2024-04-05,2024-04-05 22:06:00,2024-04-05 22:06:00,2027973960000,2027973960000,1,0,265
889,3,Spanish,2024-04-05,2024-04-05 00:09:00,2024-04-05 00:09:00,2027894940000,2027894940000,1,0,149
890,3,Spanish,2024-04-05,2024-04-05 02:09:00,2024-04-05 02:09:00,2027902140000,2027902140000,1,0,160
891,3,Spanish,2024-04-05,2024-04-05 04:09:00,2024-04-05 04:09:00,2027909340000,2027909340000,1,0,171
892,3,Spanish,2024-04-05,2024-04-05 06:09:00,2024-04-05 06:09:00,2027916540000,2027916540000,1,0,182
893,3,Spanish,2024-04-05,2024-04-05 08:09:00,2024-04-05 08:09:00,2027923740000,2027923740000,1,0,193
894,3,Spanish,2024-04-05,2024-04-05 10:09:00,2024-04-05 10:09:00,2027930940000,2027930940000,1,0,204
895,3,Spanish,2024-04-05,2024-04-05 12:09:00,2024-04-05 12:09:00,2027938140000,2027938140000,1,0,215
896,3,Spanish,2024-04-05,2024-04-05 14:09:00,2024-04-05 14:09:00,2027945340000,2027945340000,1,0,226
897,3,Spanish,2024-04-05,2024-04-05 16:09:00,2024-04-05 16:09:00,2027952540000,2027952540000,1,0,237
898,3,Spanish,2024-04-05,2024-04-05 18:09:00,2024-04-05 18:09:00,2027959740000,2027959740000,1,0,248
899,3,Spanish,2024-04-05,2024-04-05 20:09:00,2024-04-05 20:09:00,2027966940000,2027966940000,1,0,259
900,3,Spanish,2024-04-05,2024-04-05 22:09:00,2024-04-05 22:09:00,2027974140000,2027974140000,1,0,270
901,4,Japanese,2024-04-05,2024-04-05 00:12:00,2024-04-05 00:12:00,2027895120000,2027895120000,1,0,154
902,4,Japanese,2024-04-05,2024-04-05 02:12:00,2024-04-05 02:12:00,2027902320000,2027902320000,1,0,165
903,4,Japanese,2024-04-05,2024-04-05 04:12:00,2024-04-05 04:12:00,2027909520000,2027909520000,1,0,176
904,4,Japanese,2024-04-05,2024-04-05 06:12:00,2024-04-05 06:12:00,2027916720000,2027916720000,1,0,187
905,4,Japanese,2024-04-05,2024-04-05 08:12:00,2024-04-05 08:12:00,2027923920000,2027923920000,1,0,198
906,4,Japanese,2024-04-05,2024-04-05 10:12:00,2024-04-05 10:12:00,2027931120000,2027931120000,1,0,209
907,4,Japanese,2024-04-05,2024-04-05 12:12:00,2024-04-05 12:12:00,2027938320000,2027938320000,0,0,220
908,4,Japanese,2024-04-05,2024-04-05 14:12:00,2024-04-05 14:12:00,2027945520000,2027945520000,1,0,231
909,4,Japanese,2024-04-05,2024-04-05 16:12:00,2024-04-05 16:12:00,2027952720000,2027952720000,1,0,242
910,4,Japanese,2024-04-05,2024-04-05 18:12:00,2024-04-05 18:12:00,2027959920000,2027959920000,1,0,253
911,4,Japanese,2024-04-05,2024-04-05 20:12:00,2024-04-05 20:12:00,2027967120000,2027967120000,1,0,264
912,4,Japanese,2024-04-05,2024-04-05 22:12:00,2024-04-05 22:12:00,2027974320000,2027974320000,1,0,275
913,1,English,2024-04-06,2024-04-06 00:03:00,2024-04-06 00:03:00,2027980980000,2027980980000,1,0,146
914,1,English,2024-04-06,2024-04-06 02:03:00,2024-04-06 02:03:00,2027988180000,2027988180000,1,0,157
915,1,English,2024-04-06,2024-04-06 04:03:00,2024-04-06 04:03:00,2027995380000,2027995380000,1,0,168
916,1,English,2024-04-06,2024-04-06 06:03:00,2024-04-06 06:03:00,2028002580000,2028002580000,1,0,179
917,1,English,2024-04-06,2024-04-06 08:03:00,2024-04-06 08:03:00,2028009780000,2028009780000,1,0,190
918,1,English,2024-04-06,2024-04-06 10:03:00,2024-04-06 10:03:00,2028016980000,2028016980000,1,0,201
919,1,English,2024-04-06,2024-04-06 12:03:00,2024-04-06 12:03:00,2028024180000,2028024180000,1,0,212
920,1,English,2024-04-06,2024-04-06 14:03:00,2024-04-06 14:03:00,2028031380000,2028031380000,1,0,223
921,1,English,2024-04-06,2024-04-06 16:03:00,2024-04-06 16:03:00,2028038580000,2028038580000,1,0,234
922,1,English,2024-04-06,2024-04-06 18:03:00,2024-04-06 18:03:00,2028045780000,2028045780000,1,0,245
923,1,English,2024-04-06,2024-04-06 20:03:00,2024-04-06 20:03:00,2028052980000,2028052980000,1,0,256
924,1,English,2024-04-06,2024-04-06 22:03:00,2024-04-06 22:03:00,2028060180000,2028060180000,1,0,267
925,2,Simplified Chinese,2024-04-06,2024-04-06 00:06:00,2024-04-06 00:06:00,2027981160000,2027981160000,0,0,151
926,2,Simplified Chinese,2024-04-06,2024-04-06 02:06:00,2024-04-06 02:06:00,2027988360000,2027988360000,1,0,162
927,2,Simplified Chinese,2024-04-06,2024-04-06 04:06:00,2024-04-06 04:06:00,2027995560000,2027995560000,1,0,173
928,2,Simplified Chinese,2024-04-06,2024-04-06 06:06:00,2024-04-06 06:06:00,2028002760000,2028002760000,1,0,184
929,2,Simplified Chinese,2024-04-06,2024-04-06 08:06:00,2024-04-06 08:06:00,2028009960000,2028009960000,1,0,195
930,2,Simplified Chinese,2024-04-06,2024-04-06 10:06:00,2024-04-06 10:06:00,2028017160000,2028017160000,1,0,206
931,2,Simplified Chinese,2024-04-06,2024-04-06 12:06:00,2024-04-06 12:06:00,2028024360000,2028024360000,1,0,217
932,2,Simplified Chinese,2024-04-06,2024-04-06 14:06:00,2024-04-06 14:06:00,2028031560000,2028031560000,1,0,228
933,2,Simplified Chinese,2024-04-06,2024-04-06 16:06:00,2024-04-06 16:06:00,2028038760000,2028038760000,1,0,239
934,2,Simplified Chinese,2024-04-06,2024-04-06 18:06:00,2024-04-06 18:06:00,2028045960000,2028045960000,1,0,250
935,2,Simplified Chinese,2024-04-06,2024-04-06 20:06:00,2024-04-06 20:06:00,2028053160000,2028053160000,1,0,261
936,2,Simplified Chinese,2024-04-06,2024-04-06 22:06:00,2024-04-06 22:06:00,2028060360000,2028060360000,1,0,272
937,3,Spanish,2024-04-06,2024-04-06 00:09:00,2024-04-06 00:09:00,2027981340000,2027981340000,1,0,156
938,3,Spanish,2024-04-06,2024-04-06 02:09:00,2024-04-08 05:09:00,2027988540000,2028172140000,1,1,167
939,3,Spanish,2024-04-06,2024-04-06 04:09:00,2024-04-06 04:09:00,2027995740000,2027995740000,1,0,178
940,3,Spanish,2024-04-06,2024-04-06 06:09:00,2024-04-06 06:09:00,2028002940000,2028002940000,1,0,189
941,3,Spanish,2024-04-06,2024-04-06 08:09:00,2024-04-06 08:09:00,2028010140000,2028010140000,1,0,200
942,3,Spanish,2024-04-06,2024-04-06 10:09:00,2024-04-06 10:09:00,2028017340000,2028017340000,1,0,211
943,3,Spanish,2024-04-06,2024-04-06 12:09:00,2024-04-06 12:09:00,2028024540000,2028024540000,0,0,222
944,3,Spanish,2024-04-06,2024-04-06 14:09:00,2024-04-06 14:09:00,2028031740000,2028031740000,1,0,233
945,3,Spanish,2024-04-06,2024-04-06 16:09:00,2024-04-06 16:09:00,2028038940000,2028038940000,1,0,244
946,3,Spanish,2024-04-06,2024-04-06 18:09:00,2024-04-06 18:09:00,2028046140000,2028046140000,1,0,255
947,3,Spanish,2024-04-06,2024-04-06 20:09:00,2024-04-06 20:09:00,2028053340000,2028053340000,1,0,266
948,3,Spanish,2024-04-06,2024-04-06 22:09:00,2024-04-06 22:09:00,2028060540000,2028060540000,1,0,277
949,4,Japanese,2024-04-06,2024-04-06 00:12:00,2024-04-06 00:12:00,2027981520000,2027981520000,1,0,161
950,4,Japanese,2024-04-06,2024-04-06 02:12:00,2024-04-06 02:12:00,2027988720000,2027988720000,1,0,172
951,4,Japanese,2024-04-06,2024-04-06 04:12:00,2024-04-06 04:12:00,2027995920000,2027995920000,1,0,183
952,4,Japanese,2024-04-06,2024-04-06 06:12:00,2024-04-06 06:12:00,2028003120000,2028003120000,1,0,194
953,4,Japanese,2024-04-06,2024-04-06 08:12:00,2024-04-06 08:12:00,2028010320000,2028010320000,1,0,205
954,4,Japanese,2024-04-06,2024-04-06 10:12:00,2024-04-06 10:12:00,2028017520000,2028017520000,1,0,216
955,4,Japanese,2024-04-06,2024-04-06 12:12:00,2024-04-06 12:12:00,2028024720000,2028024720000,1,0,227
956,4,Japanese,2024-04-06,2024-04-06 14:12:00,2024-04-06 14:12:00,2028031920000,2028031920000,1,0,238
957,4,Japanese,2024-04-06,2024-04-06 16:12:00,2024-04-06 16:12:00,2028039120000,2028039120000,1,0,249
958,4,Japanese,2024-04-06,2024-04-06 18:12:00,2024-04-06 18:12:00,2028046320000,2028046320000,1,0,260
959,4,Japanese,2024-04-06,2024-04-06 20:12:00,2024-04-06 20:12:00,2028053520000,2028053520000,1,0,271
960,4,Japanese,2024-04-06,2024-04-06 22:12:00,2024-04-06 22:12:00,2028060720000,2028060720000,1,0,282
961,1,English,2024-04-07,2024-04-07 00:03:00,2024-04-07 00:03:00,2028067380000,2028067380000,0,0,153
962,1,English,2024-04-07,2024-04-07 02:03:00,2024-04-09 03:03:00,2028074580000,2028250980000,1,1,164
963,1,English,2024-04-07,2024-04-07 04:03:00,2024-04-07 04:03:00,2028081780000,2028081780000,1,0,175
964,1,English,2024-04-07,2024-04-07 06:03:00,2024-04-07 06:03:00,2028088980000,2028088980000,1,0,186
965,1,English,2024-04-07,2024-04-07 08:03:00,2024-04-07 08:03:00,2028096180000,2028096180000,1,0,197
966,1,English,2024-04-07,2024-04-07 10:03:00,2024-04-07 10:03:00,2028103380000,2028103380000,1,0,208
967,1,English,2024-04-07,2024-04-07 12:03:00,2024-04-07 12:03:00,2028110580000,2028110580000,1,0,219
968,1,English,2024-04-07,2024-04-07 14:03:00,2024-04-07 14:03:00,2028117780000,2028117780000,1,0,230
969,1,English,2024-04-07,2024-04-07 16:03:00,2024-04-07 16:03:00,2028124980000,2028124980000,1,0,241
970,1,English,2024-04-07,2024-04-07 18:03:00,2024-04-07 18:03:00,2028132180000,2028132180000,1,0,252
971,1,English,2024-04-07,2024-04-07 20:03:00,2024-04-07 20:03:00,2028139380000,2028139380000,1,0,263
972,1,English,2024-04-07,2024-04-07 22:03:00,2024-04-07 22:03:00,2028146580000,2028146580000,1,0,274
973,2,Simplified Chinese,2024-04-07,2024-04-07 00:06:00,2024-04-07 00:06:00,2028067560000,2028067560000,1,0,158
974,2,Simplified Chinese,2024-04-07,2024-04-07 02:06:00,2024-04-07 02:06:00,2028074760000,2028074760000,1,0,169
975,2,Simplified Chinese,2024-04-07,2024-04-07 04:06:00,2024-04-07 04:06:00,2028081960000,2028081960000,1,0,180
976,2,Simplified Chinese,2024-04-07,2024-04-07 06:06:00,2024-04-07 06:06:00,2028089160000,2028089160000,1,0,191
977,2,Simplified Chinese,2024-04-07,2024-04-07 08:06:00,2024-04-09 10:06:00,2028096360000,2028276360000,1,1,202
978,2,Simplified Chinese,2024-04-07,2024-04-07 10:06:00,2024-04-07 10:06:00,2028103560000,2028103560000,1,0,213
979,2,Simplified Chinese,2024-04-07,2024-04-07 12:06:00,2024-04-07 12:06:00,2028110760000,2028110760000,1,0,224
980,2,Simplified Chinese,2024-04-07,2024-04-07 14:06:00,2024-04-07 14:06:00,2028117960000,2028117960000,1,0,235
981,2,Simplified Chinese,2024-04-07,2024-04-07 16:06:00,2024-04-07 16:06:00,2028125160000,2028125160000,1,0,246
982,2,Simplified Chinese,2024-04-07,2024-04-07 18:06:00,2024-04-07 18:06:00,2028132360000,2028132360000,1,0,257
983,2,Simplified Chinese,2024-04-07,2024-04-07 20:06:00,2024-04-07 20:06:00,2028139560000,2028139560000,1,0,268
984,2,Simplified Chinese,2024-04-07,2024-04-07 22:06:00,2024-04-11 00:06:00,2028146760000,2028413160000,1,1,279
985,3,Spanish,2024-04-07,2024-04-07 00:09:00,2024-04-07 00:09:00,2028067740000,2028067740000,1,0,163
986,3,Spanish,2024-04-07,2024-04-07 02:09:00,2024-04-07 02:09:00,2028074940000,2028074940000,1,0,174
987,3,Spanish,2024-04-07,2024-04-07 04:09:00,2024-04-07 04:09:00,2028082140000,2028082140000,1,0,185
988,3,Spanish,2024-04-07,2024-04-07 06:09:00,2024-04-07 06:09:00,2028089340000,2028089340000,1,0,196
989,3,Spanish,2024-04-07,2024-04-07 08:09:00,2024-04-07 08:09:00,2028096540000,2028096540000,1,0,207
990,3,Spanish,2024-04-07,2024-04-07 10:09:00,2024-04-07 10:09:00,2028103740000,2028103740000,1,0,218
991,3,Spanish,2024-04-07,2024-04-07 12:09:00,2024-04-07 12:09:00,2028110940000,2028110940000,1,0,229
992,3,Spanish,2024-04-07,2024-04-07 14:09:00,2024-04-09 17:09:00,2028118140000,2028301740000,1,1,240
993,3,Spanish,2024-04-07,2024-04-07 16:09:00,2024-04-07 16:09:00,2028125340000,2028125340000,1,0,251
994,3,Spanish,2024-04-07,2024-04-07 18:09:00,2024-04-07 18:09:00,2028132540000,2028132540000,1,0,262
995,3,Spanish,2024-04-07,2024-04-07 20:09:00,2024-04-07 20:09:00,2028139740000,2028139740000,1,0,273
996,3,Spanish,2024-04-07,2024-04-07 22:09:00,2024-04-07 22:09:00,2028146940000,2028146940000,1,0,284
997,4,Japanese,2024-04-07,2024-04-07 00:12:00,2024-04-07 00:12:00,2028067920000,2028067920000,1,0,168
998,4,Japanese,2024-04-07,2024-04-07 02:12:00,2024-04-07 02:12:00,2028075120000,2028075120000,1,0,179
999,4,Japanese,2024-04-07,2024-04-07 04:12:00,2024-04-07 04:12:00,2028082320000,2028082320000,1,0,190
1000,4,Japanese,2024-04-07,2024-04-07 06:12:00,2024-04-07 06:12:00,2028089520000,2028089520000,1,0,201
1001,4,Japanese,2024-04-07,2024-04-07 08:12:00,2024-04-07 08:12:00,2028096720000,2028096720000,1,0,212
1002,4,Japanese,2024-04-07,2024-04-07 10:12:00,2024-04-07 10:12:00,2028103920000,2028103920000,1,0,223
1003,4,Japanese,2024-04-07,2024-04-07 12:12:00,2024-04-07 12:12:00,2028111120000,2028111120000,1,0,234
1004,4,Japanese,2024-04-07,2024-04-07 14:12:00,2024-04-07 14:12:00,2028118320000,2028118320000,1,0,245
1005,4,Japanese,2024-04-07,2024-04-07 16:12:00,2024-04-07 16:12:00,2028125520000,2028125520000,0,0,256
1006,4,Japanese,2024-04-07,2024-04-07 18:12:00,2024-04-07 18:12:00,2028132720000,2028132720000,1,0,267
1007,4,Japanese,2024-04-07,2024-04-07 20:12:00,2024-04-10 00:12:00,2028139920000,2028327120000,1,1,278
1008,4,Japanese,2024-04-07,2024-04-07 22:12:00,2024-04-07 22:12:00,2028147120000,2028147120000,1,0,289
1009,1,English,2024-04-08,2024-04-08 00:03:00,2024-04-08 00:03:00,2028153780000,2028153780000,1,0,160
1010,1,English,2024-04-08,2024-04-08 02:03:00,2024-04-08 02:03:00,2028160980000,2028160980000,1,0,171
1011,1,English,2024-04-08,2024-04-08 04:03:00,2024-04-08 04:03:00,2028168180000,2028168180000,1,0,182
1012,1,English,2024-04-08,2024-04-08 06:03:00,2024-04-08 06:03:00,2028175380000,2028175380000,1,0,193
1013,1,English,2024-04-08,2024-04-08 08:03:00,2024-04-08 08:03:00,2028182580000,2028182580000,1,0,204
1014,1,English,2024-04-08,2024-04-08 10:03:00,2024-04-08 10:03:00,2028189780000,2028189780000,1,0,215
1015,1,English,2024-04-08,2024-04-08 12:03:00,2024-04-08 12:03:00,2028196980000,2028196980000,1,0,226
1016,1,English,2024-04-08,2024-04-08 14:03:00,2024-04-08 14:03:00,2028204180000,2028204180000,1,0,237
1017,1,English,2024-04-08,2024-04-08 16:03:00,2024-04-08 16:03:00,2028211380000,2028211380000,1,0,248
1018,1,English,2024-04-08,2024-04-08 18:03:00,2024-04-08 18:03:00,2028218580000,2028218580000,1,0,259
1019,1,English,2024-04-08,2024-04-08 20:03:00,2024-04-08 20:03:00,2028225780000,2028225780000,1,0,270
1020,1,English,2024-04-08,2024-04-08 22:03:00,2024-04-08 22:03:00,2028232980000,2028232980000,1,0,281
1021,2,Simplified Chinese,2024-04-08,2024-04-08 00:06:00,2024-04-08 00:06:00,2028153960000,2028153960000,1,0,165
1022,2,Simplified Chinese,2024-04-08,2024-04-08 02:06:00,2024-04-08 02:06:00,2028161160000,2028161160000,1,0,176
1023,2,Simplified Chinese,2024-04-08,2024-04-08 04:06:00,2024-04-08 04:06:00,2028168360000,2028168360000,0,0,187
1024,2,Simplified Chinese,2024-04-08,2024-04-08 06:06:00,2024-04-08 06:06:00,2028175560000,2028175560000,1,0,198
1025,2,Simplified Chinese,2024-04-08,2024-04-08 08:06:00,2024-04-08 08:06:00,2028182760000,2028182760000,1,0,209
1026,2,Simplified Chinese,2024-04-08,2024-04-08 10:06:00,2024-04-08 10:06:00,2028189960000,2028189960000,1,0,220
1027,2,Simplified Chinese,2024-04-08,2024-04-08 12:06:00,2024-04-08 12:06:00,2028197160000,2028197160000,1,0,231
1028,2,Simplified Chinese,2024-04-08,2024-04-08 14:06:00,2024-04-08 14:06:00,2028204360000,2028204360000,1,0,242
1029,2,Simplified Chinese,2024-04-08,2024-04-08 16:06:00,2024-04-08 16:06:00,2028211560000,2028211560000,1,0,253
1030,2,Simplified Chinese,2024-04-08,2024-04-08 18:06:00,2024-04-08 18:06:00,2028218760000,2028218760000,1,0,264
1031,2,Simplified Chinese,2024-04-08,2024-04-08 20:06:00,2024-04-08 20:06:00,2028225960000,2028225960000,1,0,275
1032,2,Simplified Chinese,2024-04-08,2024-04-08 22:06:00,2024-04-08 22:06:00,2028233160000,2028233160000,1,0,286
1033,3,Spanish,2024-04-08,2024-04-08 00:09:00,2024-04-08 00:09:00,2028154140000,2028154140000,1,0,170
1034,3,Spanish,2024-04-08,2024-04-08 02:09:00,2024-04-08 02:09:00,2028161340000,2028161340000,1,0,181
1035,3,Spanish,2024-04-08,2024-04-08 04:09:00,2024-04-08 04:09:00,2028168540000,2028168540000,1,0,192
1036,3,Spanish,2024-04-08,2024-04-08 06:09:00,2024-04-08 06:09:00,2028175740000,2028175740000,1,0,203
1037,3,Spanish,2024-04-08,2024-04-08 08:09:00,2024-04-08 08:09:00,2028182940000,2028182940000,1,0,214
1038,3,Spanish,2024-04-08,2024-04-08 10:09:00,2024-04-08 10:09:00,2028190140000,2028190140000,1,0,225
1039,3,Spanish,2024-04-08,2024-04-08 12:09:00,2024-04-08 12:09:00,2028197340000,2028197340000,1,0,236
1040,3,Spanish,2024-04-08,2024-04-08 14:09:00,2024-04-08 14:09:00,2028204540000,2028204540000,1,0,247
1041,3,Spanish,2024-04-08,2024-04-08 16:09:00,2024-04-08 16:09:00,2028211740000,2028211740000,0,0,258
1042,3,Spanish,2024-04-08,2024-04-08 18:09:00,2024-04-08 18:09:00,2028218940000,2028218940000,1,0,269
1043,3,Spanish,2024-04-08,2024-04-08 20:09:00,2024-04-08 20:09:00,2028226140000,2028226140000,1,0,280
1044,3,Spanish,2024-04-08,2024-04-08 22:09:00,2024-04-08 22:09:00,2028233340000,2028233340000,1,0,291
1045,4,Japanese,2024-04-08,2024-04-08 00:12:00,2024-04-08 00:12:00,2028154320000,2028154320000,1,0,175
1046,4,Japanese,2024-04-08,2024-04-08 02:12:00,2024-04-08 02:12:00,2028161520000,2028161520000,0,0,186
1047,4,Japanese,2024-04-08,2024-04-08 04:12:00,2024-04-08 04:12:00,2028168720000,2028168720000,1,0,197
1048,4,Japanese,2024-04-08,2024-04-08 06:12:00,2024-04-08 06:12:00,2028175920000,2028175920000,1,0,208
1049,4,Japanese,2024-04-08,2024-04-08 08:12:00,2024-04-08 08:12:00,2028183120000,2028183120000,1,0,219
1050,4,Japanese,2024-04-08,2024-04-08 10:12:00,2024-04-08 10:12:00,2028190320000,2028190320000,1,0,230
1051,4,Japanese,2024-04-08,2024-04-08 12:12:00,2024-04-08 12:12:00,2028197520000,2028197520000,1,0,241
1052,4,Japanese,2024-04-08,2024-04-08 14:12:00,2024-04-08 14:12:00,2028204720000,2028204720000,1,0,252
1053,4,Japanese,2024-04-08,2024-04-08 16:12:00,2024-04-08 16:12:00,2028211920000,2028211920000,1,0,263
1054,4,Japanese,2024-04-08,2024-04-08 18:12:00,2024-04-08 18:12:00,2028219120000,2028219120000,1,0,274
1055,4,Japanese,2024-04-08,2024-04-08 20:12:00,2024-04-08 20:12:00,2028226320000,2028226320000,1,0,285
1056,4,Japanese,2024-04-08,2024-04-08 22:12:00,2024-04-08 22:12:00,2028233520000,2028233520000,1,0,296
1057,1,English,2024-04-09,2024-04-09 00:03:00,2024-04-09 00:03:00,2028240180000,2028240180000,1,0,167
1058,1,English,2024-04-09,2024-04-09 02:03:00,2024-04-09 02:03:00,2028247380000,2028247380000,1,0,178
1059,1,English,2024-04-09,2024-04-09 04:03:00,2024-04-09 04:03:00,2028254580000,2028254580000,0,0,189
1060,1,English,2024-04-09,2024-04-09 06:03:00,2024-04-09 06:03:00,2028261780000,2028261780000,1,0,200
1061,1,English,2024-04-09,2024-04-09 08:03:00,2024-04-09 08:03:00,2028268980000,2028268980000,1,0,211
1062,1,English,2024-04-09,2024-04-09 10:03:00,2024-04-09 10:03:00,2028276180000,2028276180000,1,0,222
1063,1,English,2024-04-09,2024-04-09 12:03:00,2024-04-09 12:03:00,2028283380000,2028283380000,1,0,233
1064,1,English,2024-04-09,2024-04-09 14:03:00,2024-04-09 14:03:00,2028290580000,2028290580000,1,0,244
1065,1,English,2024-04-09,2024-04-09 16:03:00,2024-04-09 16:03:00,2028297780000,2028297780000,1,0,255
1066,1,English,2024-04-09,2024-04-09 18:03:00,2024-04-09 18:03:00,2028304980000,2028304980000,1,0,266
1067,1,English,2024-04-09,2024-04-09 20:03:00,2024-04-09 20:03:00,2028312180000,2028312180000,1,0,277
1068,1,English,2024-04-09,2024-04-09 22:03:00,2024-04-09 22:03:00,2028319380000,2028319380000,1,0,288
1069,2,Simplified Chinese,2024-04-09,2024-04-09 00:06:00,2024-04-09 00:06:00,2028240360000,2028240360000,1,0,172
1070,2,Simplified Chinese,2024-04-09,2024-04-09 02:06:00,2024-04-09 02:06:00,2028247560000,2028247560000,1,0,183
1071,2,Simplified Chinese,2024-04-09,2024-04-09 04:06:00,2024-04-09 04:06:00,2028254760000,2028254760000,1,0,194
1072,2,Simplified Chinese,2024-04-09,2024-04-09 06:06:00,2024-04-09 06:06:00,2028261960000,2028261960000,1,0,205
1073,2,Simplified Chinese,2024-04-09,2024-04-09 08:06:00,2024-04-09 08:06:00,2028269160000,2028269160000,1,0,216
1074,2,Simplified Chinese,2024-04-09,2024-04-09 10:06:00,2024-04-09 10:06:00,2028276360000,2028276360000,1,0,227
1075,2,Simplified Chinese,2024-04-09,2024-04-09 12:06:00,2024-04-10 14:06:00,2028283560000,2028377160000,1,1,238
1076,2,Simplified Chinese,2024-04-09,2024-04-09 14:06:00,2024-04-09 14:06:00,2028290760000,2028290760000,1,0,249
1077,2,Simplified Chinese,2024-04-09,2024-04-09 16:06:00,2024-04-09 16:06:00,2028297960000,2028297960000,1,0,260
1078,2,Simplified Chinese,2024-04-09,2024-04-09 18:06:00,2024-04-09 18:06:00,2028305160000,2028305160000,1,0,271
1079,2,Simplified Chinese,2024-04-09,2024-04-09 20:06:00,2024-04-09 20:06:00,2028312360000,2028312360000,1,0,282
1080,2,Simplified Chinese,2024-04-09,2024-04-09 22:06:00,2024-04-09 22:06:00,2028319560000,2028319560000,1,0,293
1081,3,Spanish,2024-04-09,2024-04-09 00:09:00,2024-04-09 00:09:00,2028240540000,2028240540000,1,0,177
1082,3,Spanish,2024-04-09,2024-04-09 02:09:00,2024-04-09 02:09:00,2028247740000,2028247740000,1,0,188
1083,3,Spanish,2024-04-09,2024-04-09 04:09:00,2024-04-12 07:09:00,2028254940000,2028524940000,1,1,199
1084,3,Spanish,2024-04-09,2024-04-09 06:09:00,2024-04-09 06:09:00,2028262140000,2028262140000,1,0,210
1085,3,Spanish,2024-04-09,2024-04-09 08:09:00,2024-04-09 08:09:00,2028269340000,2028269340000,1,0,221
1086,3,Spanish,2024-04-09,2024-04-09 10:09:00,2024-04-09 10:09:00,2028276540000,2028276540000,1,0,232
1087,3,Spanish,2024-04-09,2024-04-09 12:09:00,2024-04-09 12:09:00,2028283740000,2028283740000,1,0,243
1088,3,Spanish,2024-04-09,2024-04-09 14:09:00,2024-04-09 14:09:00,2028290940000,2028290940000,1,0,254
1089,3,Spanish,2024-04-09,2024-04-09 16:09:00,2024-04-09 16:09:00,2028298140000,2028298140000,1,0,265
1090,3,Spanish,2024-04-09,2024-04-09 18:09:00,2024-04-09 18:09:00,2028305340000,2028305340000,1,0,276
1091,3,Spanish,2024-04-09,2024-04-09 20:09:00,2024-04-09 20:09:00,2028312540000,2028312540000,1,0,287
1092,3,Spanish,2024-04-09,2024-04-09 22:09:00,2024-04-09 22:09:00,2028319740000,2028319740000,1,0,298
1093,4,Japanese,2024-04-09,2024-04-09 00:12:00,2024-04-09 00:12:00,2028240720000,2028240720000,1,0,182
1094,4,Japanese,2024-04-09,2024-04-09 02:12:00,2024-04-09 02:12:00,2028247920000,2028247920000,1,0,193
1095,4,Japanese,2024-04-09,2024-04-09 04:12:00,2024-04-09 04:12:00,2028255120000,2028255120000,1,0,204
1096,4,Japanese,2024-04-09,2024-04-09 06:12:00,2024-04-09 06:12:00,2028262320000,2028262320000,1,0,215
1097,4,Japanese,2024-04-09,2024-04-09 08:12:00,2024-04-09 08:12:00,2028269520000,2028269520000,1,0,226
1098,4,Japanese,2024-04-09,2024-04-09 10:12:00,2024-04-12 14:12:00,2028276720000,2028550320000,1,1,237
1099,4,Japanese,2024-04-09,2024-04-09 12:12:00,2024-04-09 12:12:00,2028283920000,2028283920000,1,0,248
1100,4,Japanese,2024-04-09,2024-04-09 14:12:00,2024-04-09 14:12:00,2028291120000,2028291120000,1,0,259
1101,4,Japanese,2024-04-09,2024-04-09 16:12:00,2024-04-09 16:12:00,2028298320000,2028298320000,1,0,270
1102,4,Japanese,2024-04-09,2024-04-09 18:12:00,2024-04-09 18:12:00,2028305520000,2028305520000,1,0,281
1103,4,Japanese,2024-04-09,2024-04-09 20:12:00,2024-04-09 20:12:00,2028312720000,2028312720000,0,0,292
1104,4,Japanese,2024-04-09,2024-04-09 22:12:00,2024-04-09 22:12:00,2028319920000,2028319920000,1,0,303
1105,1,English,2024-04-10,2024-04-10 00:03:00,2024-04-10 00:03:00,2028326580000,2028326580000,1,0,174
1106,1,English,2024-04-10,2024-04-10 02:03:00,2024-04-10 02:03:00,2028333780000,2028333780000,1,0,185
1107,1,English,2024-04-10,2024-04-10 04:03:00,2024-04-13 05:03:00,2028340980000,2028603780000,1,1,196
1108,1,English,2024-04-10,2024-04-10 06:03:00,2024-04-10 06:03:00,2028348180000,2028348180000,1,0,207
1109,1,English,2024-04-10,2024-04-10 08:03:00,2024-04-10 08:03:00,2028355380000,2028355380000,1,0,218
1110,1,English,2024-04-10,2024-04-10 10:03:00,2024-04-10 10:03:00,2028362580000,2028362580000,1,0,229
1111,1,English,2024-04-10,2024-04-10 12:03:00,2024-04-10 12:03:00,2028369780000,2028369780000,1,0,240
1112,1,English,2024-04-10,2024-04-10 14:03:00,2024-04-10 14:03:00,2028376980000,2028376980000,1,0,251
1113,1,English,2024-04-10,2024-04-10 16:03:00,2024-04-10 16:03:00,2028384180000,2028384180000,1,0,262
1114,1,English,2024-04-10,2024-04-10 18:03:00,2024-04-11 19:03:00,2028391380000,2028481380000,1,1,273
1115,1,English,2024-04-10,2024-04-10 20:03:00,2024-04-10 20:03:00,2028398580000,2028398580000,1,0,284
1116,1,English,2024-04-10,2024-04-10 22:03:00,2024-04-10 22:03:00,2028405780000,2028405780000,1,0,295
1117,2,Simplified Chinese,2024-04-10,2024-04-10 00:06:00,2024-04-10 00:06:00,2028326760000,2028326760000,1,0,179
1118,2,Simplified Chinese,2024-04-10,2024-04-10 02:06:00,2024-04-10 02:06:00,2028333960000,2028333960000,1,0,190
1119,2,Simplified Chinese,2024-04-10,2024-04-10 04:06:00,2024-04-10 04:06:00,2028341160000,2028341160000,1,0,201
1120,2,Simplified Chinese,2024-04-10,2024-04-10 06:06:00,2024-04-10 06:06:00,2028348360000,2028348360000,1,0,212
1121,2,Simplified Chinese,2024-04-10,2024-04-10 08:06:00,2024-04-10 08:06:00,2028355560000,2028355560000,0,0,223
1122,2,Simplified Chinese,2024-04-10,2024-04-10 10:06:00,2024-04-13 12:06:00,2028362760000,2028629160000,1,1,234
1123,2,Simplified Chinese,2024-04-10,2024-04-10 12:06:00,2024-04-10 12:06:00,2028369960000,2028369960000,1,0,245
1124,2,Simplified Chinese,2024-04-10,2024-04-10 14:06:00,2024-04-10 14:06:00,2028377160000,2028377160000,1,0,256
1125,2,Simplified Chinese,2024-04-10,2024-04-10 16:06:00,2024-04-10 16:06:00,2028384360000,2028384360000,1,0,267
1126,2,Simplified Chinese,2024-04-10,2024-04-10 18:06:00,2024-04-10 18:06:00,2028391560000,2028391560000,1,0,278
1127,2,Simplified Chinese,2024-04-10,2024-04-10 20:06:00,2024-04-10 20:06:00,2028398760000,2028398760000,1,0,289
1128,2,Simplified Chinese,2024-04-10,2024-04-10 22:06:00,2024-04-10 22:06:00,2028405960000,2028405960000,1,0,300
1129,3,Spanish,2024-04-10,2024-04-10 00:09:00,2024-04-10 00:09:00,2028326940000,2028326940000,1,0,184
1130,3,Spanish,2024-04-10,2024-04-10 02:09:00,2024-04-10 02:09:00,2028334140000,2028334140000,1,0,195
1131,3,Spanish,2024-04-10,2024-04-10 04:09:00,2024-04-10 04:09:00,2028341340000,2028341340000,1,0,206
1132,3,Spanish,2024-04-10,2024-04-10 06:09:00,2024-04-10 06:09:00,2028348540000,2028348540000,1,0,217
1133,3,Spanish,2024-04-10,2024-04-10 08:09:00,2024-04-10 08:09:00,2028355740000,2028355740000,1,0,228
1134,3,Spanish,2024-04-10,2024-04-10 10:09:00,2024-04-10 10:09:00,2028362940000,2028362940000,1,0,239
1135,3,Spanish,2024-04-10,2024-04-10 12:09:00,2024-04-10 12:09:00,2028370140000,2028370140000,1,0,250
1136,3,Spanish,2024-04-10,2024-04-10 14:09:00,2024-04-10 14:09:00,2028377340000,2028377340000,1,0,261
1137,3,Spanish,2024-04-10,2024-04-10 16:09:00,2024-04-13 19:09:00,2028384540000,2028654540000,1,1,272
1138,3,Spanish,2024-04-10,2024-04-10 18:09:00,2024-04-10 18:09:00,2028391740000,2028391740000,1,0,283
1139,3,Spanish,2024-04-10,2024-04-10 20:09:00,2024-04-10 20:09:00,2028398940000,2028398940000,0,0,294
1140,3,Spanish,2024-04-10,2024-04-10 22:09:00,2024-04-10 22:09:00,2028406140000,2028406140000,1,0,305
1141,4,Japanese,2024-04-10,2024-04-10 00:12:00,2024-04-10 00:12:00,2028327120000,2028327120000,1,0,189
1142,4,Japanese,2024-04-10,2024-04-10 02:12:00,2024-04-10 02:12:00,2028334320000,2028334320000,1,0,200
1143,4,Japanese,2024-04-10,2024-04-10 04:12:00,2024-04-10 04:12:00,2028341520000,2028341520000,1,0,211
1144,4,Japanese,2024-04-10,2024-04-10 06:12:00,2024-04-10 06:12:00,2028348720000,2028348720000,0,0,222
1145,4,Japanese,2024-04-10,2024-04-10 08:12:00,2024-04-10 08:12:00,2028355920000,2028355920000,1,0,233
1146,4,Japanese,2024-04-10,2024-04-10 10:12:00,2024-04-10 10:12:00,2028363120000,2028363120000,1,0,244
1147,4,Japanese,2024-04-10,2024-04-10 12:12:00,2024-04-10 12:12:00,2028370320000,2028370320000,1,0,255
1148,4,Japanese,2024-04-10,2024-04-10 14:12:00,2024-04-10 14:12:00,2028377520000,2028377520000,1,0,266
1149,4,Japanese,2024-04-10,2024-04-10 16:12:00,2024-04-10 16:12:00,2028384720000,2028384720000,1,0,277
1150,4,Japanese,2024-04-10,2024-04-10 18:12:00,2024-04-10 18:12:00,2028391920000,2028391920000,1,0,288
1151,4,Japanese,2024-04-10,2024-04-10 20:12:00,2024-04-10 20:12:00,2028399120000,2028399120000,1,0,299
1152,4,Japanese,2024-04-10,2024-04-10 22:12:00,2024-04-14 02:12:00,2028406320000,2028679920000,1,1,310
1153,1,English,2024-04-11,2024-04-11 00:03:00,2024-04-11 00:03:00,2028412980000,2028412980000,1,0,181
1154,1,English,2024-04-11,2024-04-11 02:03:00,2024-04-11 02:03:00,2028420180000,2028420180000,1,0,192
1155,1,English,2024-04-11,2024-04-11 04:03:00,2024-04-11 04:03:00,2028427380000,2028427380000,1,0,203
1156,1,English,2024-04-11,2024-04-11 06:03:00,2024-04-11 06:03:00,2028434580000,2028434580000,1,0,214
1157,1,English,2024-04-11,2024-04-11 08:03:00,2024-04-11 08:03:00,2028441780000,2028441780000,0,0,225
1158,1,English,2024-04-11,2024-04-11 10:03:00,2024-04-11 10:03:00,2028448980000,2028448980000,1,0,236
1159,1,English,2024-04-11,2024-04-11 12:03:00,2024-04-11 12:03:00,2028456180000,2028456180000,1,0,247
1160,1,English,2024-04-11,2024-04-11 14:03:00,2024-04-11 14:03:00,2028463380000,2028463380000,1,0,258
1161,1,English,2024-04-11,2024-04-11 16:03:00,2024-04-11 16:03:00,2028470580000,2028470580000,1,0,269
1162,1,English,2024-04-11,2024-04-11 18:03:00,2024-04-11 18:03:00,2028477780000,2028477780000,1,0,280
1163,1,English,2024-04-11,2024-04-11 20:03:00,2024-04-11 20:03:00,2028484980000,2028484980000,1,0,291
1164,1,English,2024-04-11,2024-04-11 22:03:00,2024-04-11 22:03:00,2028492180000,2028492180000,1,0,302
1165,2,Simplified Chinese,2024-04-11,2024-04-11 00:06:00,2024-04-11 00:06:00,2028413160000,2028413160000,1,0,186
1166,2,Simplified Chinese,2024-04-11,2024-04-11 02:06:00,2024-04-13 04:06:00,2028420360000,2028600360000,1,1,197
1167,2,Simplified Chinese,2024-04-11,2024-04-11 04:06:00,2024-04-11 04:06:00,2028427560000,2028427560000,1,0,208
1168,2,Simplified Chinese,2024-04-11,2024-04-11 06:06:00,2024-04-11 06:06:00,2028434760000,2028434760000,1,0,219
1169,2,Simplified Chinese,2024-04-11,2024-04-11 08:06:00,2024-04-11 08:06:00,2028441960000,2028441960000,1,0,230
1170,2,Simplified Chinese,2024-04-11,2024-04-11 10:06:00,2024-04-11 10:06:00,2028449160000,2028449160000,1,0,241
1171,2,Simplified Chinese,2024-04-11,2024-04-11 12:06:00,2024-04-11 12:06:00,2028456360000,2028456360000,1,0,252
1172,2,Simplified Chinese,2024-04-11,2024-04-11 14:06:00,2024-04-11 14:06:00,2028463560000,2028463560000,1,0,263
1173,2,Simplified Chinese,2024-04-11,2024-04-11 16:06:00,2024-04-11 16:06:00,2028470760000,2028470760000,1,0,274
1174,2,Simplified Chinese,2024-04-11,2024-04-11 18:06:00,2024-04-11 18:06:00,2028477960000,2028477960000,1,0,285
1175,2,Simplified Chinese,2024-04-11,2024-04-11 20:06:00,2024-04-11 20:06:00,2028485160000,2028485160000,1,0,296
1176,2,Simplified Chinese,2024-04-11,2024-04-11 22:06:00,2024-04-11 22:06:00,2028492360000,2028492360000,1,0,307
1177,3,Spanish,2024-04-11,2024-04-11 00:09:00,2024-04-11 00:09:00,2028413340000,2028413340000,1,0,191
1178,3,Spanish,2024-04-11,2024-04-11 02:09:00,2024-04-11 02:09:00,2028420540000,2028420540000,1,0,202
1179,3,Spanish,2024-04-11,2024-04-11 04:09:00,2024-04-11 04:09:00,2028427740000,2028427740000,1,0,213
1180,3,Spanish,2024-04-11,2024-04-11 06:09:00,2024-04-11 06:09:00,2028434940000,2028434940000,1,0,224
1181,3,Spanish,2024-04-11,2024-04-11 08:09:00,2024-04-11 08:09:00,2028442140000,2028442140000,1,0,235
1182,3,Spanish,2024-04-11,2024-04-11 10:09:00,2024-04-11 10:09:00,2028449340000,2028449340000,1,0,246
1183,3,Spanish,2024-04-11,2024-04-11 12:09:00,2024-04-11 12:09:00,2028456540000,2028456540000,1,0,257
1184,3,Spanish,2024-04-11,2024-04-11 14:09:00,2024-04-11 14:09:00,2028463740000,2028463740000,1,0,268
1185,3,Spanish,2024-04-11,2024-04-11 16:09:00,2024-04-11 16:09:00,2028470940000,2028470940000,1,0,279
1186,3,Spanish,2024-04-11,2024-04-11 18:09:00,2024-04-11 18:09:00,2028478140000,2028478140000,1,0,290
1187,3,Spanish,2024-04-11,2024-04-11 20:09:00,2024-04-11 20:09:00,2028485340000,2028485340000,1,0,301
1188,3,Spanish,2024-04-11,2024-04-11 22:09:00,2024-04-11 22:09:00,2028492540000,2028492540000,1,0,312
1189,4,Japanese,2024-04-11,2024-04-11 00:12:00,2024-04-12 04:12:00,2028413520000,2028514320000,1,1,196
1190,4,Japanese,2024-04-11,2024-04-11 02:12:00,2024-04-11 02:12:00,2028420720000,2028420720000,1,0,207
1191,4,Japanese,2024-04-11,2024-04-11 04:12:00,2024-04-11 04:12:00,2028427920000,2028427920000,1,0,218
1192,4,Japanese,2024-04-11,2024-04-11 06:12:00,2024-04-11 06:12:00,2028435120000,2028435120000,1,0,229
1193,4,Japanese,2024-04-11,2024-04-11 08:12:00,2024-04-11 08:12:00,2028442320000,2028442320000,1,0,240
1194,4,Japanese,2024-04-11,2024-04-11 10:12:00,2024-04-11 10:12:00,2028449520000,2028449520000,1,0,251
1195,4,Japanese,2024-04-11,2024-04-11 12:12:00,2024-04-11 12:12:00,2028456720000,2028456720000,1,0,262
1196,4,Japanese,2024-04-11,2024-04-11 14:12:00,2024-04-11 14:12:00,2028463920000,2028463920000,1,0,273
1197,4,Japanese,2024-04-11,2024-04-11 16:12:00,2024-04-11 16:12:00,2028471120000,2028471120000,1,0,284
1198,4,Japanese,2024-04-11,2024-04-11 18:12:00,2024-04-11 18:12:00,2028478320000,2028478320000,1,0,295
1199,4,Japanese,2024-04-11,2024-04-11 20:12:00,2024-04-11 20:12:00,2028485520000,2028485520000,1,0,306
1200,4,Japanese,2024-04-11,2024-04-11 22:12:00,2024-04-11 22:12:00,2028492720000,2028492720000,1,0,317
1201,1,English,2024-04-12,2024-04-12 00:03:00,2024-04-12 00:03:00,2028499380000,2028499380000,1,0,188
1202,1,English,2024-04-12,2024-04-12 02:03:00,2024-04-12 02:03:00,2028506580000,2028506580000,1,0,199
1203,1,English,2024-04-12,2024-04-12 04:03:00,2024-04-12 04:03:00,2028513780000,2028513780000,1,0,210
1204,1,English,2024-04-12,2024-04-12 06:03:00,2024-04-12 06:03:00,2028520980000,2028520980000,1,0,221
1205,1,English,2024-04-12,2024-04-12 08:03:00,2024-04-14 09:03:00,2028528180000,2028704580000,1,1,232
1206,1,English,2024-04-12,2024-04-12 10:03:00,2024-04-12 10:03:00,2028535380000,2028535380000,1,0,243
1207,1,English,2024-04-12,2024-04-12 12:03:00,2024-04-12 12:03:00,2028542580000,2028542580000,1,0,254
1208,1,English,2024-04-12,2024-04-12 14:03:00,2024-04-12 14:03:00,2028549780000,2028549780000,1,0,265
1209,1,English,2024-04-12,2024-04-12 16:03:00,2024-04-12 16:03:00,2028556980000,2028556980000,1,0,276
1210,1,English,2024-04-12,2024-04-12 18:03:00,2024-04-12 18:03:00,2028564180000,2028564180000,1,0,287
1211,1,English,2024-04-12,2024-04-12 20:03:00,2024-04-12 20:03:00,2028571380000,2028571380000,1,0,298
1212,1,English,2024-04-12,2024-04-12 22:03:00,2024-04-12 22:03:00,2028578580000,2028578580000,1,0,309
1213,2,Simplified Chinese,2024-04-12,2024-04-12 00:06:00,2024-04-13 02:06:00,2028499560000,2028593160000,1,1,193
1214,2,Simplified Chinese,2024-04-12,2024-04-12 02:06:00,2024-04-12 02:06:00,2028506760000,2028506760000,1,0,204
1215,2,Simplified Chinese,2024-04-12,2024-04-12 04:06:00,2024-04-12 04:06:00,2028513960000,2028513960000,1,0,215
1216,2,Simplified Chinese,2024-04-12,2024-04-12 06:06:00,2024-04-12 06:06:00,2028521160000,2028521160000,1,0,226
1217,2,Simplified Chinese,2024-04-12,2024-04-12 08:06:00,2024-04-12 08:06:00,2028528360000,2028528360000,1,0,237
1218,2,Simplified Chinese,2024-04-12,2024-04-12 10:06:00,2024-04-12 10:06:00,2028535560000,2028535560000,1,0,248
1219,2,Simplified Chinese,2024-04-12,2024-04-12 12:06:00,2024-04-12 12:06:00,2028542760000,2028542760000,0,0,259
1220,2,Simplified Chinese,2024-04-12,2024-04-12 14:06:00,2024-04-14 16:06:00,2028549960000,2028729960000,1,1,270
1221,2,Simplified Chinese,2024-04-12,2024-04-12 16:06:00,2024-04-12 16:06:00,2028557160000,2028557160000,1,0,281
1222,2,Simplified Chinese,2024-04-12,2024-04-12 18:06:00,2024-04-12 18:06:00,2028564360000,2028564360000,1,0,292
1223,2,Simplified Chinese,2024-04-12,2024-04-12 20:06:00,2024-04-12 20:06:00,2028571560000,2028571560000,1,0,303
1224,2,Simplified Chinese,2024-04-12,2024-04-12 22:06:00,2024-04-12 22:06:00,2028578760000,2028578760000,1,0,314
1225,3,Spanish,2024-04-12,2024-04-12 00:09:00,2024-04-12 00:09:00,2028499740000,2028499740000,1,0,198
1226,3,Spanish,2024-04-12,2024-04-12 02:09:00,2024-04-12 02:09:00,2028506940000,2028506940000,1,0,209
1227,3,Spanish,2024-04-12,2024-04-12 04:09:00,2024-04-12 04:09:00,2028514140000,2028514140000,1,0,220
1228,3,Spanish,2024-04-12,2024-04-12 06:09:00,2024-04-13 09:09:00,2028521340000,2028618540000,1,1,231
1229,3,Spanish,2024-04-12,2024-04-12 08:09:00,2024-04-12 08:09:00,2028528540000,2028528540000,1,0,242
1230,3,Spanish,2024-04-12,2024-04-12 10:09:00,2024-04-12 10:09:00,2028535740000,2028535740000,1,0,253
1231,3,Spanish,2024-04-12,2024-04-12 12:09:00,2024-04-12 12:09:00,2028542940000,2028542940000,1,0,264
1232,3,Spanish,2024-04-12,2024-04-12 14:09:00,2024-04-12 14:09:00,2028550140000,2028550140000,1,0,275
1233,3,Spanish,2024-04-12,2024-04-12 16:09:00,2024-04-12 16:09:00,2028557340000,2028557340000,1,0,286
1234,3,Spanish,2024-04-12,2024-04-12 18:09:00,2024-04-12 18:09:00,2028564540000,2028564540000,1,0,297
1235,3,Spanish,2024-04-12,2024-04-12 20:09:00,2024-04-14 23:09:00,2028571740000,2028755340000,1,1,308
1236,3,Spanish,2024-04-12,2024-04-12 22:09:00,2024-04-12 22:09:00,2028578940000,2028578940000,1,0,319
1237,4,Japanese,2024-04-12,2024-04-12 00:12:00,2024-04-12 00:12:00,2028499920000,2028499920000,1,0,203
1238,4,Japanese,2024-04-12,2024-04-12 02:12:00,2024-04-12 02:12:00,2028507120000,2028507120000,1,0,214
1239,4,Japanese,2024-04-12,2024-04-12 04:12:00,2024-04-12 04:12:00,2028514320000,2028514320000,1,0,225
1240,4,Japanese,2024-04-12,2024-04-12 06:12:00,2024-04-12 06:12:00,2028521520000,2028521520000,1,0,236
1241,4,Japanese,2024-04-12,2024-04-12 08:12:00,2024-04-12 08:12:00,2028528720000,2028528720000,1,0,247
1242,4,Japanese,2024-04-12,2024-04-12 10:12:00,2024-04-12 10:12:00,2028535920000,2028535920000,0,0,258
1243,4,Japanese,2024-04-12,2024-04-12 12:12:00,2024-04-13 16:12:00,2028543120000,2028643920000,1,1,269
1244,4,Japanese,2024-04-12,2024-04-12 14:12:00,2024-04-12 14:12:00,2028550320000,2028550320000,1,0,280
1245,4,Japanese,2024-04-12,2024-04-12 16:12:00,2024-04-12 16:12:00,2028557520000,2028557520000,1,0,291
1246,4,Japanese,2024-04-12,2024-04-12 18:12:00,2024-04-12 18:12:00,2028564720000,2028564720000,1,0,302
1247,4,Japanese,2024-04-12,2024-04-12 20:12:00,2024-04-12 20:12:00,2028571920000,2028571920000,1,0,313
1248,4,Japanese,2024-04-12,2024-04-12 22:12:00,2024-04-12 22:12:00,2028579120000,2028579120000,1,0,324
1249,1,English,2024-04-13,2024-04-13 00:03:00,2024-04-13 00:03:00,2028585780000,2028585780000,1,0,195
1250,1,English,2024-04-13,2024-04-13 02:03:00,2024-04-13 02:03:00,2028592980000,2028592980000,1,0,206
1251,1,English,2024-04-13,2024-04-13 04:03:00,2024-04-13 04:03:00,2028600180000,2028600180000,1,0,217
1252,1,English,2024-04-13,2024-04-13 06:03:00,2024-04-13 06:03:00,2028607380000,2028607380000,1,0,228
1253,1,English,2024-04-13,2024-04-13 08:03:00,2024-04-13 08:03:00,2028614580000,2028614580000,1,0,239
1254,1,English,2024-04-13,2024-04-13 10:03:00,2024-04-13 10:03:00,2028621780000,2028621780000,1,0,250
1255,1,English,2024-04-13,2024-04-13 12:03:00,2024-04-13 12:03:00,2028628980000,2028628980000,0,0,261
1256,1,English,2024-04-13,2024-04-13 14:03:00,2024-04-13 14:03:00,2028636180000,2028636180000,1,0,272
1257,1,English,2024-04-13,2024-04-13 16:03:00,2024-04-13 16:03:00,2028643380000,2028643380000,1,0,283
1258,1,English,2024-04-13,2024-04-13 18:03:00,2024-04-13 18:03:00,2028650580000,2028650580000,1,0,294
1259,1,English,2024-04-13,2024-04-13 20:03:00,2024-04-15 21:03:00,2028657780000,2028834180000,1,1,305
1260,1,English,2024-04-13,2024-04-13 22:03:00,2024-04-13 22:03:00,2028664980000,2028664980000,1,0,316
1261,2,Simplified Chinese,2024-04-13,2024-04-13 00:06:00,2024-04-13 00:06:00,2028585960000,2028585960000,1,0,200
1262,2,Simplified Chinese,2024-04-13,2024-04-13 02:06:00,2024-04-13 02:06:00,2028593160000,2028593160000,1,0,211
1263,2,Simplified Chinese,2024-04-13,2024-04-13 04:06:00,2024-04-13 04:06:00,2028600360000,2028600360000,1,0,222
1264,2,Simplified Chinese,2024-04-13,2024-04-13 06:06:00,2024-04-13 06:06:00,2028607560000,2028607560000,1,0,233
1265,2,Simplified Chinese,2024-04-13,2024-04-13 08:06:00,2024-04-13 08:06:00,2028614760000,2028614760000,1,0,244
1266,2,Simplified Chinese,2024-04-13,2024-04-13 10:06:00,2024-04-13 10:06:00,2028621960000,2028621960000,1,0,255
1267,2,Simplified Chinese,2024-04-13,2024-04-13 12:06:00,2024-04-13 12:06:00,2028629160000,2028629160000,1,0,266
1268,2,Simplified Chinese,2024-04-13,2024-04-13 14:06:00,2024-04-13 14:06:00,2028636360000,2028636360000,1,0,277
1269,2,Simplified Chinese,2024-04-13,2024-04-13 16:06:00,2024-04-13 16:06:00,2028643560000,2028643560000,1,0,288
1270,2,Simplified Chinese,2024-04-13,2024-04-13 18:06:00,2024-04-13 18:06:00,2028650760000,2028650760000,1,0,299
1271,2,Simplified Chinese,2024-04-13,2024-04-13 20:06:00,2024-04-13 20:06:00,2028657960000,2028657960000,1,0,310
1272,2,Simplified Chinese,2024-04-13,2024-04-13 22:06:00,2024-04-13 22:06:00,2028665160000,2028665160000,1,0,321
1273,3,Spanish,2024-04-13,2024-04-13 00:09:00,2024-04-13 00:09:00,2028586140000,2028586140000,1,0,205
1274,3,Spanish,2024-04-13,2024-04-13 02:09:00,2024-04-13 02:09:00,2028593340000,2028593340000,1,0,216
1275,3,Spanish,2024-04-13,2024-04-13 04:09:00,2024-04-13 04:09:00,2028600540000,2028600540000,1,0,227
1276,3,Spanish,2024-04-13,2024-04-13 06:09:00,2024-04-13 06:09:00,2028607740000,2028607740000,1,0,238
1277,3,Spanish,2024-04-13,2024-04-13 08:09:00,2024-04-13 08:09:00,2028614940000,2028614940000,1,0,249
1278,3,Spanish,2024-04-13,2024-04-13 10:09:00,2024-04-13 10:09:00,2028622140000,2028622140000,1,0,260
1279,3,Spanish,2024-04-13,2024-04-13 12:09:00,2024-04-13 12:09:00,2028629340000,2028629340000,1,0,271
1280,3,Spanish,2024-04-13,2024-04-13 14:09:00,2024-04-13 14:09:00,2028636540000,2028636540000,1,0,282
1281,3,Spanish,2024-04-13,2024-04-13 16:09:00,2024-04-13 16:09:00,2028643740000,2028643740000,1,0,293
1282,3,Spanish,2024-04-13,2024-04-13 18:09:00,2024-04-13 18:09:00,2028650940000,2028650940000,1,0,304
1283,3,Spanish,2024-04-13,2024-04-13 20:09:00,2024-04-13 20:09:00,2028658140000,2028658140000,1,0,315
1284,3,Spanish,2024-04-13,2024-04-13 22:09:00,2024-04-13 22:09:00,2028665340000,2028665340000,1,0,326
1285,4,Japanese,2024-04-13,2024-04-13 00:12:00,2024-04-13 00:12:00,2028586320000,2028586320000,1,0,210
1286,4,Japanese,2024-04-13,2024-04-13 02:12:00,2024-04-13 02:12:00,2028593520000,2028593520000,1,0,221
1287,4,Japanese,2024-04-13,2024-04-13 04:12:00,2024-04-13 04:12:00,2028600720000,2028600720000,1,0,232
1288,4,Japanese,2024-04-13,2024-04-13 06:12:00,2024-04-13 06:12:00,2028607920000,2028607920000,1,0,243
1289,4,Japanese,2024-04-13,2024-04-13 08:12:00,2024-04-13 08:12:00,2028615120000,2028615120000,1,0,254
1290,4,Japanese,2024-04-13,2024-04-13 10:12:00,2024-04-13 10:12:00,2028622320000,2028622320000,1,0,265
1291,4,Japanese,2024-04-13,2024-04-13 12:12:00,2024-04-13 12:12:00,2028629520000,2028629520000,1,0,276
1292,4,Japanese,2024-04-13,2024-04-13 14:12:00,2024-04-13 14:12:00,2028636720000,2028636720000,1,0,287
1293,4,Japanese,2024-04-13,2024-04-13 16:12:00,2024-04-13 16:12:00,2028643920000,2028643920000,1,0,298
1294,4,Japanese,2024-04-13,2024-04-13 18:12:00,2024-04-13 18:12:00,2028651120000,2028651120000,1,0,309
1295,4,Japanese,2024-04-13,2024-04-13 20:12:00,2024-04-13 20:12:00,2028658320000,2028658320000,1,0,320
1296,4,Japanese,2024-04-13,2024-04-13 22:12:00,2024-04-13 22:12:00,2028665520000,2028665520000,1,0,331
1297,1,English,2024-04-14,2024-04-14 00:03:00,2024-04-14 00:03:00,2028672180000,2028672180000,1,0,202
1298,1,English,2024-04-14,2024-04-14 02:03:00,2024-04-14 02:03:00,2028679380000,2028679380000,1,0,213
1299,1,English,2024-04-14,2024-04-14 04:03:00,2024-04-14 04:03:00,2028686580000,2028686580000,1,0,224
1300,1,English,2024-04-14,2024-04-14 06:03:00,2024-04-14 06:03:00,2028693780000,2028693780000,1,0,235
1301,1,English,2024-04-14,2024-04-14 08:03:00,2024-04-14 08:03:00,2028700980000,2028700980000,1,0,246
1302,1,English,2024-04-14,2024-04-14 10:03:00,2024-04-14 10:03:00,2028708180000,2028708180000,1,0,257
1303,1,English,2024-04-14,2024-04-14 12:03:00,2024-04-14 12:03:00,2028715380000,2028715380000,1,0,268
1304,1,English,2024-04-14,2024-04-14 14:03:00,2024-04-14 14:03:00,2028722580000,2028722580000,1,0,279
1305,1,English,2024-04-14,2024-04-14 16:03:00,2024-04-14 16:03:00,2028729780000,2028729780000,1,0,290
1306,1,English,2024-04-14,2024-04-14 18:03:00,2024-04-14 18:03:00,2028736980000,2028736980000,1,0,301
1307,1,English,2024-04-14,2024-04-14 20:03:00,2024-04-14 20:03:00,2028744180000,2028744180000,1,0,312
1308,1,English,2024-04-14,2024-04-14 22:03:00,2024-04-14 22:03:00,2028751380000,2028751380000,1,0,323
1309,2,Simplified Chinese,2024-04-14,2024-04-14 00:06:00,2024-04-14 00:06:00,2028672360000,2028672360000,1,0,207
1310,2,Simplified Chinese,2024-04-14,2024-04-14 02:06:00,2024-04-14 02:06:00,2028679560000,2028679560000,1,0,218
1311,2,Simplified Chinese,2024-04-14,2024-04-14 04:06:00,2024-04-17 06:06:00,2028686760000,2028953160000,1,1,229
1312,2,Simplified Chinese,2024-04-14,2024-04-14 06:06:00,2024-04-14 06:06:00,2028693960000,2028693960000,1,0,240
1313,2,Simplified Chinese,2024-04-14,2024-04-14 08:06:00,2024-04-14 08:06:00,2028701160000,2028701160000,1,0,251
1314,2,Simplified Chinese,2024-04-14,2024-04-14 10:06:00,2024-04-14 10:06:00,2028708360000,2028708360000,1,0,262
1315,2,Simplified Chinese,2024-04-14,2024-04-14 12:06:00,2024-04-14 12:06:00,2028715560000,2028715560000,1,0,273
1316,2,Simplified Chinese,2024-04-14,2024-04-14 14:06:00,2024-04-14 14:06:00,2028722760000,2028722760000,1,0,284
1317,2,Simplified Chinese,2024-04-14,2024-04-14 16:06:00,2024-04-14 16:06:00,2028729960000,2028729960000,0,0,295
1318,2,Simplified Chinese,2024-04-14,2024-04-14 18:06:00,2024-04-14 18:06:00,2028737160000,2028737160000,1,0,306
1319,2,Simplified Chinese,2024-04-14,2024-04-14 20:06:00,2024-04-14 20:06:00,2028744360000,2028744360000,1,0,317
1320,2,Simplified Chinese,2024-04-14,2024-04-14 22:06:00,2024-04-14 22:06:00,2028751560000,2028751560000,1,0,328
1321,3,Spanish,2024-04-14,2024-04-14 00:09:00,2024-04-14 00:09:00,2028672540000,2028672540000,1,0,212
1322,3,Spanish,2024-04-14,2024-04-14 02:09:00,2024-04-14 02:09:00,2028679740000,2028679740000,0,0,223
1323,3,Spanish,2024-04-14,2024-04-14 04:09:00,2024-04-14 04:09:00,2028686940000,2028686940000,1,0,234
1324,3,Spanish,2024-04-14,2024-04-14 06:09:00,2024-04-14 06:09:00,2028694140000,2028694140000,1,0,245
1325,3,Spanish,2024-04-14,2024-04-14 08:09:00,2024-04-14 08:09:00,2028701340000,2028701340000,1,0,256
1326,3,Spanish,2024-04-14,2024-04-14 10:09:00,2024-04-17 13:09:00,2028708540000,2028978540000,1,1,267
1327,3,Spanish,2024-04-14,2024-04-14 12:09:00,2024-04-14 12:09:00,2028715740000,2028715740000,1,0,278
1328,3,Spanish,2024-04-14,2024-04-14 14:09:00,2024-04-14 14:09:00,2028722940000,2028722940000,1,0,289
1329,3,Spanish,2024-04-14,2024-04-14 16:09:00,2024-04-14 16:09:00,2028730140000,2028730140000,1,0,300
1330,3,Spanish,2024-04-14,2024-04-14 18:09:00,2024-04-14 18:09:00,2028737340000,2028737340000,1,0,311
1331,3,Spanish,2024-04-14,2024-04-14 20:09:00,2024-04-14 20:09:00,2028744540000,2028744540000,1,0,322
1332,3,Spanish,2024-04-14,2024-04-14 22:09:00,2024-04-14 22:09:00,2028751740000,2028751740000,1,0,333
1333,4,Japanese,2024-04-14,2024-04-14 00:12:00,2024-04-14 00:12:00,2028672720000,2028672720000,1,0,217
1334,4,Japanese,2024-04-14,2024-04-14 02:12:00,2024-04-16 06:12:00,2028679920000,2028867120000,1,1,228
1335,4,Japanese,2024-04-14,2024-04-14 04:12:00,2024-04-14 04:12:00,2028687120000,2028687120000,1,0,239
1336,4,Japanese,2024-04-14,2024-04-14 06:12:00,2024-04-14 06:12:00,2028694320000,2028694320000,1,0,250
1337,4,Japanese,2024-04-14,2024-04-14 08:12:00,2024-04-14 08:12:00,2028701520000,2028701520000,1,0,261
1338,4,Japanese,2024-04-14,2024-04-14 10:12:00,2024-04-14 10:12:00,2028708720000,2028708720000,1,0,272
1339,4,Japanese,2024-04-14,2024-04-14 12:12:00,2024-04-14 12:12:00,2028715920000,2028715920000,1,0,283
1340,4,Japanese,2024-04-14,2024-04-14 14:12:00,2024-04-14 14:12:00,2028723120000,2028723120000,0,0,294
1341,4,Japanese,2024-04-14,2024-04-14 16:12:00,2024-04-14 16:12:00,2028730320000,2028730320000,1,0,305
1342,4,Japanese,2024-04-14,2024-04-14 18:12:00,2024-04-14 18:12:00,2028737520000,2028737520000,1,0,316
1343,4,Japanese,2024-04-14,2024-04-14 20:12:00,2024-04-14 20:12:00,2028744720000,2028744720000,1,0,327
1344,4,Japanese,2024-04-14,2024-04-14 22:12:00,2024-04-14 22:12:00,2028751920000,2028751920000,1,0,338
1345,1,English,2024-04-15,2024-04-15 00:03:00,2024-04-15 00:03:00,2028758580000,2028758580000,1,0,209
1346,1,English,2024-04-15,2024-04-15 02:03:00,2024-04-15 02:03:00,2028765780000,2028765780000,1,0,220
1347,1,English,2024-04-15,2024-04-15 04:03:00,2024-04-15 04:03:00,2028772980000,2028772980000,1,0,231
1348,1,English,2024-04-15,2024-04-15 06:03:00,2024-04-15 06:03:00,2028780180000,2028780180000,1,0,242
1349,1,English,2024-04-15,2024-04-15 08:03:00,2024-04-15 08:03:00,2028787380000,2028787380000,1,0,253
1350,1,English,2024-04-15,2024-04-15 10:03:00,2024-04-18 11:03:00,2028794580000,2029057380000,1,1,264
1351,1,English,2024-04-15,2024-04-15 12:03:00,2024-04-15 12:03:00,2028801780000,2028801780000,1,0,275
1352,1,English,2024-04-15,2024-04-15 14:03:00,2024-04-15 14:03:00,2028808980000,2028808980000,1,0,286
1353,1,English,2024-04-15,2024-04-15 16:03:00,2024-04-15 16:03:00,2028816180000,2028816180000,0,0,297
1354,1,English,2024-04-15,2024-04-15 18:03:00,2024-04-15 18:03:00,2028823380000,2028823380000,1,0,308
1355,1,English,2024-04-15,2024-04-15 20:03:00,2024-04-15 20:03:00,2028830580000,2028830580000,1,0,319
1356,1,English,2024-04-15,2024-04-15 22:03:00,2024-04-15 22:03:00,2028837780000,2028837780000,1,0,330
1357,2,Simplified Chinese,2024-04-15,2024-04-15 00:06:00,2024-04-15 00:06:00,2028758760000,2028758760000,1,0,214
1358,2,Simplified Chinese,2024-04-15,2024-04-15 02:06:00,2024-04-15 02:06:00,2028765960000,2028765960000,0,0,225
1359,2,Simplified Chinese,2024-04-15,2024-04-15 04:06:00,2024-04-15 04:06:00,2028773160000,2028773160000,1,0,236
1360,2,Simplified Chinese,2024-04-15,2024-04-15 06:06:00,2024-04-15 06:06:00,2028780360000,2028780360000,1,0,247
1361,2,Simplified Chinese,2024-04-15,2024-04-15 08:06:00,2024-04-15 08:06:00,2028787560000,2028787560000,1,0,258
1362,2,Simplified Chinese,2024-04-15,2024-04-15 10:06:00,2024-04-15 10:06:00,2028794760000,2028794760000,1,0,269
1363,2,Simplified Chinese,2024-04-15,2024-04-15 12:06:00,2024-04-15 12:06:00,2028801960000,2028801960000,1,0,280
1364,2,Simplified Chinese,2024-04-15,2024-04-15 14:06:00,2024-04-15 14:06:00,2028809160000,2028809160000,1,0,291
1365,2,Simplified Chinese,2024-04-15,2024-04-15 16:06:00,2024-04-18 18:06:00,2028816360000,2029082760000,1,1,302
1366,2,Simplified Chinese,2024-04-15,2024-04-15 18:06:00,2024-04-15 18:06:00,2028823560000,2028823560000,1,0,313
1367,2,Simplified Chinese,2024-04-15,2024-04-15 20:06:00,2024-04-15 20:06:00,2028830760000,2028830760000,1,0,324
1368,2,Simplified Chinese,2024-04-15,2024-04-15 22:06:00,2024-04-15 22:06:00,2028837960000,2028837960000,1,0,335
1369,3,Spanish,2024-04-15,2024-04-15 00:09:00,2024-04-15 00:09:00,2028758940000,2028758940000,1,0,219
1370,3,Spanish,2024-04-15,2024-04-15 02:09:00,2024-04-15 02:09:00,2028766140000,2028766140000,1,0,230
1371,3,Spanish,2024-04-15,2024-04-15 04:09:00,2024-04-15 04:09:00,2028773340000,2028773340000,1,0,241
1372,3,Spanish,2024-04-15,2024-04-15 06:09:00,2024-04-15 06:09:00,2028780540000,2028780540000,1,0,252
1373,3,Spanish,2024-04-15,2024-04-15 08:09:00,2024-04-15 08:09:00,2028787740000,2028787740000,1,0,263
1374,3,Spanish,2024-04-15,2024-04-15 10:09:00,2024-04-15 10:09:00,2028794940000,2028794940000,1,0,274
1375,3,Spanish,2024-04-15,2024-04-15 12:09:00,2024-04-15 12:09:00,2028802140000,2028802140000,1,0,285
1376,3,Spanish,2024-04-15,2024-04-15 14:09:00,2024-04-15 14:09:00,2028809340000,2028809340000,1,0,296
1377,3,Spanish,2024-04-15,2024-04-15 16:09:00,2024-04-15 16:09:00,2028816540000,2028816540000,1,0,307
1378,3,Spanish,2024-04-15,2024-04-15 18:09:00,2024-04-15 18:09:00,2028823740000,2028823740000,1,0,318
1379,3,Spanish,2024-04-15,2024-04-15 20:09:00,2024-04-15 20:09:00,2028830940000,2028830940000,1,0,329
1380,3,Spanish,2024-04-15,2024-04-15 22:09:00,2024-04-19 01:09:00,2028838140000,2029108140000,1,1,340
1381,4,Japanese,2024-04-15,2024-04-15 00:12:00,2024-04-15 00:12:00,2028759120000,2028759120000,1,0,224
1382,4,Japanese,2024-04-15,2024-04-15 02:12:00,2024-04-15 02:12:00,2028766320000,2028766320000,1,0,235
1383,4,Japanese,2024-04-15,2024-04-15 04:12:00,2024-04-15 04:12:00,2028773520000,2028773520000,1,0,246
1384,4,Japanese,2024-04-15,2024-04-15 06:12:00,2024-04-15 06:12:00,2028780720000,2028780720000,1,0,257
1385,4,Japanese,2024-04-15,2024-04-15 08:12:00,2024-04-15 08:12:00,2028787920000,2028787920000,1,0,268
1386,4,Japanese,2024-04-15,2024-04-15 10:12:00,2024-04-15 10:12:00,2028795120000,2028795120000,1,0,279
1387,4,Japanese,2024-04-15,2024-04-15 12:12:00,2024-04-15 12:12:00,2028802320000,2028802320000,1,0,290
1388,4,Japanese,2024-04-15,2024-04-15 14:12:00,2024-04-15 14:12:00,2028809520000,2028809520000,1,0,301
1389,4,Japanese,2024-04-15,2024-04-15 16:12:00,2024-04-15 16:12:00,2028816720000,2028816720000,1,0,312
1390,4,Japanese,2024-04-15,2024-04-15 18:12:00,2024-04-15 18:12:00,2028823920000,2028823920000,1,0,323
1391,4,Japanese,2024-04-15,2024-04-15 20:12:00,2024-04-15 20:12:00,2028831120000,2028831120000,1,0,334
1392,4,Japanese,2024-04-15,2024-04-15 22:12:00,2024-04-15 22:12:00,2028838320000,2028838320000,1,0,345
1393,1,English,2024-04-16,2024-04-16 00:03:00,2024-04-16 00:03:00,2028844980000,2028844980000,1,0,216
1394,1,English,2024-04-16,2024-04-16 02:03:00,2024-04-16 02:03:00,2028852180000,2028852180000,0,0,227
1395,1,English,2024-04-16,2024-04-16 04:03:00,2024-04-16 04:03:00,2028859380000,2028859380000,1,0,238
1396,1,English,2024-04-16,2024-04-16 06:03:00,2024-04-16 06:03:00,2028866580000,2028866580000,1,0,249
1397,1,English,2024-04-16,2024-04-16 08:03:00,2024-04-16 08:03:00,2028873780000,2028873780000,1,0,260
1398,1,English,2024-04-16,2024-04-16 10:03:00,2024-04-16 10:03:00,2028880980000,2028880980000,1,0,271
1399,1,English,2024-04-16,2024-04-16 12:03:00,2024-04-16 12:03:00,2028888180000,2028888180000,1,0,282
1400,1,English,2024-04-16,2024-04-16 14:03:00,2024-04-16 14:03:00,2028895380000,2028895380000,1,0,293
1401,1,English,2024-04-16,2024-04-16 16:03:00,2024-04-16 16:03:00,2028902580000,2028902580000,1,0,304
1402,1,English,2024-04-16,2024-04-16 18:03:00,2024-04-16 18:03:00,2028909780000,2028909780000,1,0,315
1403,1,English,2024-04-16,2024-04-16 20:03:00,2024-04-16 20:03:00,2028916980000,2028916980000,1,0,326
1404,1,English,2024-04-16,2024-04-16 22:03:00,2024-04-16 22:03:00,2028924180000,2028924180000,1,0,337
1405,2,Simplified Chinese,2024-04-16,2024-04-16 00:06:00,2024-04-16 00:06:00,2028845160000,2028845160000,1,0,221
1406,2,Simplified Chinese,2024-04-16,2024-04-16 02:06:00,2024-04-16 02:06:00,2028852360000,2028852360000,1,0,232
1407,2,Simplified Chinese,2024-04-16,2024-04-16 04:06:00,2024-04-16 04:06:00,2028859560000,2028859560000,1,0,243
1408,2,Simplified Chinese,2024-04-16,2024-04-16 06:06:00,2024-04-16 06:06:00,2028866760000,2028866760000,1,0,254
1409,2,Simplified Chinese,2024-04-16,2024-04-16 08:06:00,2024-04-16 08:06:00,2028873960000,2028873960000,1,0,265
1410,2,Simplified Chinese,2024-04-16,2024-04-16 10:06:00,2024-04-16 10:06:00,2028881160000,2028881160000,1,0,276
1411,2,Simplified Chinese,2024-04-16,2024-04-16 12:06:00,2024-04-16 12:06:00,2028888360000,2028888360000,1,0,287
1412,2,Simplified Chinese,2024-04-16,2024-04-16 14:06:00,2024-04-16 14:06:00,2028895560000,2028895560000,1,0,298
1413,2,Simplified Chinese,2024-04-16,2024-04-16 16:06:00,2024-04-16 16:06:00,2028902760000,2028902760000,1,0,309
1414,2,Simplified Chinese,2024-04-16,2024-04-16 18:06:00,2024-04-16 18:06:00,2028909960000,2028909960000,1,0,320
1415,2,Simplified Chinese,2024-04-16,2024-04-16 20:06:00,2024-04-16 20:06:00,2028917160000,2028917160000,0,0,331
1416,2,Simplified Chinese,2024-04-16,2024-04-16 22:06:00,2024-04-16 22:06:00,2028924360000,2028924360000,1,0,342
1417,3,Spanish,2024-04-16,2024-04-16 00:09:00,2024-04-16 00:09:00,2028845340000,2028845340000,1,0,226
1418,3,Spanish,2024-04-16,2024-04-16 02:09:00,2024-04-16 02:09:00,2028852540000,2028852540000,1,0,237
1419,3,Spanish,2024-04-16,2024-04-16 04:09:00,2024-04-16 04:09:00,2028859740000,2028859740000,1,0,248
1420,3,Spanish,2024-04-16,2024-04-16 06:09:00,2024-04-16 06:09:00,2028866940000,2028866940000,0,0,259
1421,3,Spanish,2024-04-16,2024-04-16 08:09:00,2024-04-16 08:09:00,2028874140000,2028874140000,1,0,270
1422,3,Spanish,2024-04-16,2024-04-16 10:09:00,2024-04-16 10:09:00,2028881340000,2028881340000,1,0,281
1423,3,Spanish,2024-04-16,2024-04-16 12:09:00,2024-04-16 12:09:00,2028888540000,2028888540000,1,0,292
1424,3,Spanish,2024-04-16,2024-04-16 14:09:00,2024-04-16 14:09:00,2028895740000,2028895740000,1,0,303
1425,3,Spanish,2024-04-16,2024-04-16 16:09:00,2024-04-16 16:09:00,2028902940000,2028902940000,1,0,314
1426,3,Spanish,2024-04-16,2024-04-16 18:09:00,2024-04-16 18:09:00,2028910140000,2028910140000,1,0,325
1427,3,Spanish,2024-04-16,2024-04-16 20:09:00,2024-04-16 20:09:00,2028917340000,2028917340000,1,0,336
1428,3,Spanish,2024-04-16,2024-04-16 22:09:00,2024-04-16 22:09:00,2028924540000,2028924540000,1,0,347
1429,4,Japanese,2024-04-16,2024-04-16 00:12:00,2024-04-16 00:12:00,2028845520000,2028845520000,1,0,231
1430,4,Japanese,2024-04-16,2024-04-16 02:12:00,2024-04-16 02:12:00,2028852720000,2028852720000,1,0,242
1431,4,Japanese,2024-04-16,2024-04-16 04:12:00,2024-04-16 04:12:00,2028859920000,2028859920000,1,0,253
1432,4,Japanese,2024-04-16,2024-04-16 06:12:00,2024-04-16 06:12:00,2028867120000,2028867120000,1,0,264
1433,4,Japanese,2024-04-16,2024-04-16 08:12:00,2024-04-16 08:12:00,2028874320000,2028874320000,1,0,275
1434,4,Japanese,2024-04-16,2024-04-16 10:12:00,2024-04-16 10:12:00,2028881520000,2028881520000,1,0,286
1435,4,Japanese,2024-04-16,2024-04-16 12:12:00,2024-04-16 12:12:00,2028888720000,2028888720000,1,0,297
1436,4,Japanese,2024-04-16,2024-04-16 14:12:00,2024-04-16 14:12:00,2028895920000,2028895920000,1,0,308
1437,4,Japanese,2024-04-16,2024-04-16 16:12:00,2024-04-16 16:12:00,2028903120000,2028903120000,1,0,319
1438,4,Japanese,2024-04-16,2024-04-16 18:12:00,2024-04-16 18:12:00,2028910320000,2028910320000,0,0,330
1439,4,Japanese,2024-04-16,2024-04-16 20:12:00,2024-04-16 20:12:00,2028917520000,2028917520000,1,0,341
1440,4,Japanese,2024-04-16,2024-04-16 22:12:00,2024-04-16 22:12:00,2028924720000,2028924720000,1,0,352
1441,1,English,2024-04-17,2024-04-17 00:03:00,2024-04-18 01:03:00,2028931380000,2029021380000,1,1,223
1442,1,English,2024-04-17,2024-04-17 02:03:00,2024-04-17 02:03:00,2028938580000,2028938580000,1,0,234
1443,1,English,2024-04-17,2024-04-17 04:03:00,2024-04-17 04:03:00,2028945780000,2028945780000,1,0,245
1444,1,English,2024-04-17,2024-04-17 06:03:00,2024-04-17 06:03:00,2028952980000,2028952980000,1,0,256
1445,1,English,2024-04-17,2024-04-17 08:03:00,2024-04-17 08:03:00,2028960180000,2028960180000,1,0,267
1446,1,English,2024-04-17,2024-04-17 10:03:00,2024-04-17 10:03:00,2028967380000,2028967380000,1,0,278
1447,1,English,2024-04-17,2024-04-17 12:03:00,2024-04-17 12:03:00,2028974580000,2028974580000,1,0,289
1448,1,English,2024-04-17,2024-04-17 14:03:00,2024-04-17 14:03:00,2028981780000,2028981780000,1,0,300
1449,1,English,2024-04-17,2024-04-17 16:03:00,2024-04-17 16:03:00,2028988980000,2028988980000,1,0,311
1450,1,English,2024-04-17,2024-04-17 18:03:00,2024-04-17 18:03:00,2028996180000,2028996180000,1,0,322
1451,1,English,2024-04-17,2024-04-17 20:03:00,2024-04-17 20:03:00,2029003380000,2029003380000,0,0,333
1452,1,English,2024-04-17,2024-04-17 22:03:00,2024-04-17 22:03:00,2029010580000,2029010580000,1,0,344
1453,2,Simplified Chinese,2024-04-17,2024-04-17 00:06:00,2024-04-17 00:06:00,2028931560000,2028931560000,1,0,228
1454,2,Simplified Chinese,2024-04-17,2024-04-17 02:06:00,2024-04-17 02:06:00,2028938760000,2028938760000,1,0,239
1455,2,Simplified Chinese,2024-04-17,2024-04-17 04:06:00,2024-04-17 04:06:00,2028945960000,2028945960000,1,0,250
1456,2,Simplified Chinese,2024-04-17,2024-04-17 06:06:00,2024-04-18 08:06:00,2028953160000,2029046760000,0,1,261
1457,2,Simplified Chinese,2024-04-17,2024-04-17 08:06:00,2024-04-17 08:06:00,2028960360000,2028960360000,1,0,272
1458,2,Simplified Chinese,2024-04-17,2024-04-17 10:06:00,2024-04-17 10:06:00,2028967560000,2028967560000,1,0,283
1459,2,Simplified Chinese,2024-04-17,2024-04-17 12:06:00,2024-04-17 12:06:00,2028974760000,2028974760000,1,0,294
1460,2,Simplified Chinese,2024-04-17,2024-04-17 14:06:00,2024-04-17 14:06:00,2028981960000,2028981960000,1,0,305
1461,2,Simplified Chinese,2024-04-17,2024-04-17 16:06:00,2024-04-17 16:06:00,2028989160000,2028989160000,1,0,316
1462,2,Simplified Chinese,2024-04-17,2024-04-17 18:06:00,2024-04-17 18:06:00,2028996360000,2028996360000,1,0,327
1463,2,Simplified Chinese,2024-04-17,2024-04-17 20:06:00,2024-04-19 22:06:00,2029003560000,2029183560000,1,1,338
1464,2,Simplified Chinese,2024-04-17,2024-04-17 22:06:00,2024-04-17 22:06:00,2029010760000,2029010760000,1,0,349
1465,3,Spanish,2024-04-17,2024-04-17 00:09:00,2024-04-17 00:09:00,2028931740000,2028931740000,1,0,233
1466,3,Spanish,2024-04-17,2024-04-17 02:09:00,2024-04-17 02:09:00,2028938940000,2028938940000,1,0,244
1467,3,Spanish,2024-04-17,2024-04-17 04:09:00,2024-04-17 04:09:00,2028946140000,2028946140000,1,0,255
1468,3,Spanish,2024-04-17,2024-04-17 06:09:00,2024-04-17 06:09:00,2028953340000,2028953340000,1,0,266
1469,3,Spanish,2024-04-17,2024-04-17 08:09:00,2024-04-17 08:09:00,2028960540000,2028960540000,1,0,277
1470,3,Spanish,2024-04-17,2024-04-17 10:09:00,2024-04-17 10:09:00,2028967740000,2028967740000,1,0,288
1471,3,Spanish,2024-04-17,2024-04-17 12:09:00,2024-04-18 15:09:00,2028974940000,2029072140000,1,1,299
1472,3,Spanish,2024-04-17,2024-04-17 14:09:00,2024-04-17 14:09:00,2028982140000,2028982140000,1,0,310
1473,3,Spanish,2024-04-17,2024-04-17 16:09:00,2024-04-17 16:09:00,2028989340000,2028989340000,1,0,321
1474,3,Spanish,2024-04-17,2024-04-17 18:09:00,2024-04-17 18:09:00,2028996540000,2028996540000,1,0,332
1475,3,Spanish,2024-04-17,2024-04-17 20:09:00,2024-04-17 20:09:00,2029003740000,2029003740000,1,0,343
1476,3,Spanish,2024-04-17,2024-04-17 22:09:00,2024-04-17 22:09:00,2029010940000,2029010940000,1,0,354
1477,4,Japanese,2024-04-17,2024-04-17 00:12:00,2024-04-17 00:12:00,2028931920000,2028931920000,1,0,238
1478,4,Japanese,2024-04-17,2024-04-17 02:12:00,2024-04-17 02:12:00,2028939120000,2028939120000,1,0,249
1479,4,Japanese,2024-04-17,2024-04-17 04:12:00,2024-04-20 08:12:00,2028946320000,2029219920000,1,1,260
1480,4,Japanese,2024-04-17,2024-04-17 06:12:00,2024-04-17 06:12:00,2028953520000,2028953520000,1,0,271
1481,4,Japanese,2024-04-17,2024-04-17 08:12:00,2024-04-17 08:12:00,2028960720000,2028960720000,1,0,282
1482,4,Japanese,2024-04-17,2024-04-17 10:12:00,2024-04-17 10:12:00,2028967920000,2028967920000,1,0,293
1483,4,Japanese,2024-04-17,2024-04-17 12:12:00,2024-04-17 12:12:00,2028975120000,2028975120000,1,0,304
1484,4,Japanese,2024-04-17,2024-04-17 14:12:00,2024-04-17 14:12:00,2028982320000,2028982320000,1,0,315
1485,4,Japanese,2024-04-17,2024-04-17 16:12:00,2024-04-17 16:12:00,2028989520000,2028989520000,1,0,326
1486,4,Japanese,2024-04-17,2024-04-17 18:12:00,2024-04-18 22:12:00,2028996720000,2029097520000,1,1,337
1487,4,Japanese,2024-04-17,2024-04-17 20:12:00,2024-04-17 20:12:00,2029003920000,2029003920000,1,0,348
1488,4,Japanese,2024-04-17,2024-04-17 22:12:00,2024-04-17 22:12:00,2029011120000,2029011120000,1,0,359
1489,1,English,2024-04-18,2024-04-18 00:03:00,2024-04-18 00:03:00,2029017780000,2029017780000,1,0,230
1490,1,English,2024-04-18,2024-04-18 02:03:00,2024-04-18 02:03:00,2029024980000,2029024980000,1,0,241
1491,1,English,2024-04-18,2024-04-18 04:03:00,2024-04-18 04:03:00,2029032180000,2029032180000,1,0,252
1492,1,English,2024-04-18,2024-04-18 06:03:00,2024-04-18 06:03:00,2029039380000,2029039380000,0,0,263
1493,1,English,2024-04-18,2024-04-18 08:03:00,2024-04-18 08:03:00,2029046580000,2029046580000,1,0,274
1494,1,English,2024-04-18,2024-04-18 10:03:00,2024-04-18 10:03:00,2029053780000,2029053780000,1,0,285
1495,1,English,2024-04-18,2024-04-18 12:03:00,2024-04-19 13:03:00,2029060980000,2029150980000,1,1,296
1496,1,English,2024-04-18,2024-04-18 14:03:00,2024-04-18 14:03:00,2029068180000,2029068180000,1,0,307
1497,1,English,2024-04-18,2024-04-18 16:03:00,2024-04-18 16:03:00,2029075380000,2029075380000,1,0,318
1498,1,English,2024-04-18,2024-04-18 18:03:00,2024-04-18 18:03:00,2029082580000,2029082580000,1,0,329
1499,1,English,2024-04-18,2024-04-18 20:03:00,2024-04-18 20:03:00,2029089780000,2029089780000,1,0,340
1500,1,English,2024-04-18,2024-04-18 22:03:00,2024-04-18 22:03:00,2029096980000,2029096980000,1,0,351
1501,2,Simplified Chinese,2024-04-18,2024-04-18 00:06:00,2024-04-18 00:06:00,2029017960000,2029017960000,1,0,235
1502,2,Simplified Chinese,2024-04-18,2024-04-18 02:06:00,2024-04-18 02:06:00,2029025160000,2029025160000,1,0,246
1503,2,Simplified Chinese,2024-04-18,2024-04-18 04:06:00,2024-04-18 04:06:00,2029032360000,2029032360000,1,0,257
1504,2,Simplified Chinese,2024-04-18,2024-04-18 06:06:00,2024-04-18 06:06:00,2029039560000,2029039560000,1,0,268
1505,2,Simplified Chinese,2024-04-18,2024-04-18 08:06:00,2024-04-18 08:06:00,2029046760000,2029046760000,1,0,279
1506,2,Simplified Chinese,2024-04-18,2024-04-18 10:06:00,2024-04-18 10:06:00,2029053960000,2029053960000,1,0,290
1507,2,Simplified Chinese,2024-04-18,2024-04-18 12:06:00,2024-04-18 12:06:00,2029061160000,2029061160000,1,0,301
1508,2,Simplified Chinese,2024-04-18,2024-04-18 14:06:00,2024-04-18 14:06:00,2029068360000,2029068360000,1,0,312
1509,2,Simplified Chinese,2024-04-18,2024-04-18 16:06:00,2024-04-18 16:06:00,2029075560000,2029075560000,1,0,323
1510,2,Simplified Chinese,2024-04-18,2024-04-18 18:06:00,2024-04-19 20:06:00,2029082760000,2029176360000,1,1,334
1511,2,Simplified Chinese,2024-04-18,2024-04-18 20:06:00,2024-04-18 20:06:00,2029089960000,2029089960000,1,0,345
1512,2,Simplified Chinese,2024-04-18,2024-04-18 22:06:00,2024-04-18 22:06:00,2029097160000,2029097160000,1,0,356
1513,3,Spanish,2024-04-18,2024-04-18 00:09:00,2024-04-18 00:09:00,2029018140000,2029018140000,1,0,240
1514,3,Spanish,2024-04-18,2024-04-18 02:09:00,2024-04-18 02:09:00,2029025340000,2029025340000,1,0,251
1515,3,Spanish,2024-04-18,2024-04-18 04:09:00,2024-04-18 04:09:00,2029032540000,2029032540000,1,0,262
1516,3,Spanish,2024-04-18,2024-04-18 06:09:00,2024-04-18 06:09:00,2029039740000,2029039740000,1,0,273
1517,3,Spanish,2024-04-18,2024-04-18 08:09:00,2024-04-18 08:09:00,2029046940000,2029046940000,1,0,284
1518,3,Spanish,2024-04-18,2024-04-18 10:09:00,2024-04-18 10:09:00,2029054140000,2029054140000,0,0,295
1519,3,Spanish,2024-04-18,2024-04-18 12:09:00,2024-04-18 12:09:00,2029061340000,2029061340000,1,0,306
1520,3,Spanish,2024-04-18,2024-04-18 14:09:00,2024-04-18 14:09:00,2029068540000,2029068540000,1,0,317
1521,3,Spanish,2024-04-18,2024-04-18 16:09:00,2024-04-18 16:09:00,2029075740000,2029075740000,1,0,328
1522,3,Spanish,2024-04-18,2024-04-18 18:09:00,2024-04-18 18:09:00,2029082940000,2029082940000,1,0,339
1523,3,Spanish,2024-04-18,2024-04-18 20:09:00,2024-04-18 20:09:00,2029090140000,2029090140000,1,0,350
1524,3,Spanish,2024-04-18,2024-04-18 22:09:00,2024-04-18 22:09:00,2029097340000,2029097340000,1,0,361
1525,4,Japanese,2024-04-18,2024-04-18 00:12:00,2024-04-18 00:12:00,2029018320000,2029018320000,1,0,245
1526,4,Japanese,2024-04-18,2024-04-18 02:12:00,2024-04-18 02:12:00,2029025520000,2029025520000,1,0,256
1527,4,Japanese,2024-04-18,2024-04-18 04:12:00,2024-04-18 04:12:00,2029032720000,2029032720000,1,0,267
1528,4,Japanese,2024-04-18,2024-04-18 06:12:00,2024-04-18 06:12:00,2029039920000,2029039920000,1,0,278
1529,4,Japanese,2024-04-18,2024-04-18 08:12:00,2024-04-18 08:12:00,2029047120000,2029047120000,1,0,289
1530,4,Japanese,2024-04-18,2024-04-18 10:12:00,2024-04-18 10:12:00,2029054320000,2029054320000,1,0,300
1531,4,Japanese,2024-04-18,2024-04-18 12:12:00,2024-04-18 12:12:00,2029061520000,2029061520000,1,0,311
1532,4,Japanese,2024-04-18,2024-04-18 14:12:00,2024-04-18 14:12:00,2029068720000,2029068720000,1,0,322
1533,4,Japanese,2024-04-18,2024-04-18 16:12:00,2024-04-18 16:12:00,2029075920000,2029075920000,1,0,333
1534,4,Japanese,2024-04-18,2024-04-18 18:12:00,2024-04-18 18:12:00,2029083120000,2029083120000,1,0,344
1535,4,Japanese,2024-04-18,2024-04-18 20:12:00,2024-04-18 20:12:00,2029090320000,2029090320000,1,0,355
1536,4,Japanese,2024-04-18,2024-04-18 22:12:00,2024-04-18 22:12:00,2029097520000,2029097520000,0,0,366
1537,1,English,2024-04-19,2024-04-19 00:03:00,2024-04-19 00:03:00,2029104180000,2029104180000,1,0,237
1538,1,English,2024-04-19,2024-04-19 02:03:00,2024-04-19 02:03:00,2029111380000,2029111380000,1,0,248
1539,1,English,2024-04-19,2024-04-19 04:03:00,2024-04-19 04:03:00,2029118580000,2029118580000,1,0,259
1540,1,English,2024-04-19,2024-04-19 06:03:00,2024-04-19 06:03:00,2029125780000,2029125780000,1,0,270
1541,1,English,2024-04-19,2024-04-19 08:03:00,2024-04-19 08:03:00,2029132980000,2029132980000,1,0,281
1542,1,English,2024-04-19,2024-04-19 10:03:00,2024-04-19 10:03:00,2029140180000,2029140180000,1,0,292
1543,1,English,2024-04-19,2024-04-19 12:03:00,2024-04-19 12:03:00,2029147380000,2029147380000,1,0,303
1544,1,English,2024-04-19,2024-04-19 14:03:00,2024-04-19 14:03:00,2029154580000,2029154580000,1,0,314
1545,1,English,2024-04-19,2024-04-19 16:03:00,2024-04-19 16:03:00,2029161780000,2029161780000,1,0,325
1546,1,English,2024-04-19,2024-04-19 18:03:00,2024-04-19 18:03:00,2029168980000,2029168980000,1,0,336
1547,1,English,2024-04-19,2024-04-19 20:03:00,2024-04-19 20:03:00,2029176180000,2029176180000,1,0,347
1548,1,English,2024-04-19,2024-04-19 22:03:00,2024-04-19 22:03:00,2029183380000,2029183380000,1,0,358
1549,2,Simplified Chinese,2024-04-19,2024-04-19 00:06:00,2024-04-19 00:06:00,2029104360000,2029104360000,1,0,242
1550,2,Simplified Chinese,2024-04-19,2024-04-19 02:06:00,2024-04-19 02:06:00,2029111560000,2029111560000,1,0,253
1551,2,Simplified Chinese,2024-04-19,2024-04-19 04:06:00,2024-04-22 06:06:00,2029118760000,2029385160000,1,1,264
1552,2,Simplified Chinese,2024-04-19,2024-04-19 06:06:00,2024-04-19 06:06:00,2029125960000,2029125960000,1,0,275
1553,2,Simplified Chinese,2024-04-19,2024-04-19 08:06:00,2024-04-19 08:06:00,2029133160000,2029133160000,1,0,286
1554,2,Simplified Chinese,2024-04-19,2024-04-19 10:06:00,2024-04-22 12:06:00,2029140360000,2029406760000,0,1,297
1555,2,Simplified Chinese,2024-04-19,2024-04-19 12:06:00,2024-04-20 14:06:00,2029147560000,2029241160000,1,1,308
1556,2,Simplified Chinese,2024-04-19,2024-04-19 14:06:00,2024-04-19 14:06:00,2029154760000,2029154760000,1,0,319
1557,2,Simplified Chinese,2024-04-19,2024-04-19 16:06:00,2024-04-19 16:06:00,2029161960000,2029161960000,0,0,330
1558,2,Simplified Chinese,2024-04-19,2024-04-19 18:06:00,2024-04-20 20:06:00,2029169160000,2029262760000,1,1,341
1559,2,Simplified Chinese,2024-04-19,2024-04-19 20:06:00,2024-04-19 20:06:00,2029176360000,2029176360000,1,0,352
1560,2,Simplified Chinese,2024-04-19,2024-04-19 22:06:00,2024-04-19 22:06:00,2029183560000,2029183560000,0,0,363
1561,3,Spanish,2024-04-19,2024-04-19 00:09:00,2024-04-19 00:09:00,2029104540000,2029104540000,1,0,247
1562,3,Spanish,2024-04-19,2024-04-19 02:09:00,2024-04-21 05:09:00,2029111740000,2029295340000,1,1,258
1563,3,Spanish,2024-04-19,2024-04-19 04:09:00,2024-04-19 04:09:00,2029118940000,2029118940000,1,0,269
1564,3,Spanish,2024-04-19,2024-04-19 06:09:00,2024-04-19 06:09:00,2029126140000,2029126140000,1,0,280
1565,3,Spanish,2024-04-19,2024-04-19 08:09:00,2024-04-19 08:09:00,2029133340000,2029133340000,1,0,291
1566,3,Spanish,2024-04-19,2024-04-19 10:09:00,2024-04-19 10:09:00,2029140540000,2029140540000,1,0,302
1567,3,Spanish,2024-04-19,2024-04-19 12:09:00,2024-04-19 12:09:00,2029147740000,2029147740000,1,0,313
1568,3,Spanish,2024-04-19,2024-04-19 14:09:00,2024-04-19 14:09:00,2029154940000,2029154940000,1,0,324
1569,3,Spanish,2024-04-19,2024-04-19 16:09:00,2024-04-19 16:09:00,2029162140000,2029162140000,1,0,335
1570,3,Spanish,2024-04-19,2024-04-19 18:09:00,2024-04-19 18:09:00,2029169340000,2029169340000,1,0,346
1571,3,Spanish,2024-04-19,2024-04-19 20:09:00,2024-04-19 20:09:00,2029176540000,2029176540000,1,0,357
1572,3,Spanish,2024-04-19,2024-04-19 22:09:00,2024-04-19 22:09:00,2029183740000,2029183740000,1,0,368
1573,4,Japanese,2024-04-19,2024-04-19 00:12:00,2024-04-19 00:12:00,2029104720000,2029104720000,1,0,252
1574,4,Japanese,2024-04-19,2024-04-19 02:12:00,2024-04-19 02:12:00,2029111920000,2029111920000,1,0,263
1575,4,Japanese,2024-04-19,2024-04-19 04:12:00,2024-04-19 04:12:00,2029119120000,2029119120000,1,0,274
1576,4,Japanese,2024-04-19,2024-04-19 06:12:00,2024-04-19 06:12:00,2029126320000,2029126320000,1,0,285
1577,4,Japanese,2024-04-19,2024-04-19 08:12:00,2024-04-21 12:12:00,2029133520000,2029320720000,1,1,296
1578,4,Japanese,2024-04-19,2024-04-19 10:12:00,2024-04-19 10:12:00,2029140720000,2029140720000,1,0,307
1579,4,Japanese,2024-04-19,2024-04-19 12:12:00,2024-04-19 12:12:00,2029147920000,2029147920000,1,0,318
1580,4,Japanese,2024-04-19,2024-04-19 14:12:00,2024-04-19 14:12:00,2029155120000,2029155120000,1,0,329
1581,4,Japanese,2024-04-19,2024-04-19 16:12:00,2024-04-19 16:12:00,2029162320000,2029162320000,1,0,340
1582,4,Japanese,2024-04-19,2024-04-19 18:12:00,2024-04-19 18:12:00,2029169520000,2029169520000,1,0,351
1583,4,Japanese,2024-04-19,2024-04-19 20:12:00,2024-04-19 20:12:00,2029176720000,2029176720000,1,0,362
1584,4,Japanese,2024-04-19,2024-04-19 22:12:00,2024-04-19 22:12:00,2029183920000,2029183920000,1,0,373
1585,1,English,2024-04-20,2024-04-20 00:03:00,2024-04-20 00:03:00,2029190580000,2029190580000,1,0,244
1586,1,English,2024-04-20,2024-04-20 02:03:00,2024-04-22 03:03:00,2029197780000,2029374180000,1,1,255
1587,1,English,2024-04-20,2024-04-20 04:03:00,2024-04-20 04:03:00,2029204980000,2029204980000,1,0,266
1588,1,English,2024-04-20,2024-04-20 06:03:00,2024-04-20 06:03:00,2029212180000,2029212180000,1,0,277
1589,1,English,2024-04-20,2024-04-20 08:03:00,2024-04-20 08:03:00,2029219380000,2029219380000,1,0,288
1590,1,English,2024-04-20,2024-04-20 10:03:00,2024-04-20 10:03:00,2029226580000,2029226580000,0,0,299
1591,1,English,2024-04-20,2024-04-20 12:03:00,2024-04-20 12:03:00,2029233780000,2029233780000,1,0,310
1592,1,English,2024-04-20,2024-04-20 14:03:00,2024-04-20 14:03:00,2029240980000,2029240980000,1,0,321
1593,1,English,2024-04-20,2024-04-20 16:03:00,2024-04-23 17:03:00,2029248180000,2029510980000,1,1,332
1594,1,English,2024-04-20,2024-04-20 18:03:00,2024-04-20 18:03:00,2029255380000,2029255380000,1,0,343
1595,1,English,2024-04-20,2024-04-20 20:03:00,2024-04-20 20:03:00,2029262580000,2029262580000,1,0,354
1596,1,English,2024-04-20,2024-04-20 22:03:00,2024-04-20 22:03:00,2029269780000,2029269780000,1,0,365
1597,2,Simplified Chinese,2024-04-20,2024-04-20 00:06:00,2024-04-20 00:06:00,2029190760000,2029190760000,1,0,249
1598,2,Simplified Chinese,2024-04-20,2024-04-20 02:06:00,2024-04-22 04:06:00,2029197960000,2029377960000,0,1,260
1599,2,Simplified Chinese,2024-04-20,2024-04-20 04:06:00,2024-04-20 04:06:00,2029205160000,2029205160000,1,0,271
1600,2,Simplified Chinese,2024-04-20,2024-04-20 06:06:00,2024-04-20 06:06:00,2029212360000,2029212360000,1,0,282
1601,2,Simplified Chinese,2024-04-20,2024-04-20 08:06:00,2024-04-22 10:06:00,2029219560000,2029399560000,0,1,293
1602,2,Simplified Chinese,2024-04-20,2024-04-20 10:06:00,2024-04-23 12:06:00,2029226760000,2029493160000,1,1,304
1603,2,Simplified Chinese,2024-04-20,2024-04-20 12:06:00,2024-04-20 12:06:00,2029233960000,2029233960000,1,0,315
1604,2,Simplified Chinese,2024-04-20,2024-04-20 14:06:00,2024-04-20 14:06:00,2029241160000,2029241160000,0,0,326
1605,2,Simplified Chinese,2024-04-20,2024-04-20 16:06:00,2024-04-23 18:06:00,2029248360000,2029514760000,1,1,337
1606,2,Simplified Chinese,2024-04-20,2024-04-20 18:06:00,2024-04-20 18:06:00,2029255560000,2029255560000,1,0,348
1607,2,Simplified Chinese,2024-04-20,2024-04-20 20:06:00,2024-04-20 20:06:00,2029262760000,2029262760000,1,0,359
1608,2,Simplified Chinese,2024-04-20,2024-04-20 22:06:00,2024-04-24 00:06:00,2029269960000,2029536360000,1,1,370
1609,3,Spanish,2024-04-20,2024-04-20 00:09:00,2024-04-20 00:09:00,2029190940000,2029190940000,1,0,254
1610,3,Spanish,2024-04-20,2024-04-20 02:09:00,2024-04-20 02:09:00,2029198140000,2029198140000,1,0,265
1611,3,Spanish,2024-04-20,2024-04-20 04:09:00,2024-04-20 04:09:00,2029205340000,2029205340000,1,0,276
1612,3,Spanish,2024-04-20,2024-04-20 06:09:00,2024-04-20 06:09:00,2029212540000,2029212540000,1,0,287
1613,3,Spanish,2024-04-20,2024-04-20 08:09:00,2024-04-20 08:09:00,2029219740000,2029219740000,1,0,298
1614,3,Spanish,2024-04-20,2024-04-20 10:09:00,2024-04-20 10:09:00,2029226940000,2029226940000,1,0,309
1615,3,Spanish,2024-04-20,2024-04-20 12:09:00,2024-04-20 12:09:00,2029234140000,2029234140000,1,0,320
1616,3,Spanish,2024-04-20,2024-04-20 14:09:00,2024-04-22 17:09:00,2029241340000,2029424940000,0,1,331
1617,3,Spanish,2024-04-20,2024-04-20 16:09:00,2024-04-20 16:09:00,2029248540000,2029248540000,1,0,342
1618,3,Spanish,2024-04-20,2024-04-20 18:09:00,2024-04-20 18:09:00,2029255740000,2029255740000,1,0,353
1619,3,Spanish,2024-04-20,2024-04-20 20:09:00,2024-04-20 20:09:00,2029262940000,2029262940000,1,0,364
1620,3,Spanish,2024-04-20,2024-04-20 22:09:00,2024-04-20 22:09:00,2029270140000,2029270140000,1,0,375
1621,4,Japanese,2024-04-20,2024-04-20 00:12:00,2024-04-20 00:12:00,2029191120000,2029191120000,0,0,259
1622,4,Japanese,2024-04-20,2024-04-20 02:12:00,2024-04-20 02:12:00,2029198320000,2029198320000,1,0,270
1623,4,Japanese,2024-04-20,2024-04-20 04:12:00,2024-04-20 04:12:00,2029205520000,2029205520000,1,0,281
1624,4,Japanese,2024-04-20,2024-04-20 06:12:00,2024-04-20 06:12:00,2029212720000,2029212720000,1,0,292
1625,4,Japanese,2024-04-20,2024-04-20 08:12:00,2024-04-20 08:12:00,2029219920000,2029219920000,1,0,303
1626,4,Japanese,2024-04-20,2024-04-20 10:12:00,2024-04-20 10:12:00,2029227120000,2029227120000,1,0,314
1627,4,Japanese,2024-04-20,2024-04-20 12:12:00,2024-04-20 12:12:00,2029234320000,2029234320000,1,0,325
1628,4,Japanese,2024-04-20,2024-04-20 14:12:00,2024-04-20 14:12:00,2029241520000,2029241520000,1,0,336
1629,4,Japanese,2024-04-20,2024-04-20 16:12:00,2024-04-20 16:12:00,2029248720000,2029248720000,1,0,347
1630,4,Japanese,2024-04-20,2024-04-20 18:12:00,2024-04-20 18:12:00,2029255920000,2029255920000,1,0,358
1631,4,Japanese,2024-04-20,2024-04-20 20:12:00,2024-04-23 00:12:00,2029263120000,2029450320000,1,1,369
1632,4,Japanese,2024-04-20,2024-04-20 22:12:00,2024-04-20 22:12:00,2029270320000,2029270320000,1,0,380
1633,1,English,2024-04-21,2024-04-21 00:03:00,2024-04-21 00:03:00,2029276980000,2029276980000,1,0,251
1634,1,English,2024-04-21,2024-04-21 02:03:00,2024-04-21 02:03:00,2029284180000,2029284180000,1,0,262
1635,1,English,2024-04-21,2024-04-21 04:03:00,2024-04-21 04:03:00,2029291380000,2029291380000,1,0,273
1636,1,English,2024-04-21,2024-04-21 06:03:00,2024-04-21 06:03:00,2029298580000,2029298580000,1,0,284
1637,1,English,2024-04-21,2024-04-21 08:03:00,2024-04-21 08:03:00,2029305780000,2029305780000,1,0,295
1638,1,English,2024-04-21,2024-04-21 10:03:00,2024-04-21 10:03:00,2029312980000,2029312980000,1,0,306
1639,1,English,2024-04-21,2024-04-21 12:03:00,2024-04-21 12:03:00,2029320180000,2029320180000,1,0,317
1640,1,English,2024-04-21,2024-04-21 14:03:00,2024-04-21 14:03:00,2029327380000,2029327380000,1,0,328
1641,1,English,2024-04-21,2024-04-21 16:03:00,2024-04-21 16:03:00,2029334580000,2029334580000,1,0,339
1642,1,English,2024-04-21,2024-04-21 18:03:00,2024-04-21 18:03:00,2029341780000,2029341780000,1,0,350
1643,1,English,2024-04-21,2024-04-21 20:03:00,2024-04-21 20:03:00,2029348980000,2029348980000,1,0,361
1644,1,English,2024-04-21,2024-04-21 22:03:00,2024-04-21 22:03:00,2029356180000,2029356180000,1,0,372
1645,2,Simplified Chinese,2024-04-21,2024-04-21 00:06:00,2024-04-22 02:06:00,2029277160000,2029370760000,0,1,256
1646,2,Simplified Chinese,2024-04-21,2024-04-21 02:06:00,2024-04-23 04:06:00,2029284360000,2029464360000,1,1,267
1647,2,Simplified Chinese,2024-04-21,2024-04-21 04:06:00,2024-04-21 04:06:00,2029291560000,2029291560000,1,0,278
1648,2,Simplified Chinese,2024-04-21,2024-04-21 06:06:00,2024-04-21 06:06:00,2029298760000,2029298760000,1,0,289
1649,2,Simplified Chinese,2024-04-21,2024-04-21 08:06:00,2024-04-23 10:06:00,2029305960000,2029485960000,1,1,300
1650,2,Simplified Chinese,2024-04-21,2024-04-21 10:06:00,2024-04-21 10:06:00,2029313160000,2029313160000,1,0,311
1651,2,Simplified Chinese,2024-04-21,2024-04-21 12:06:00,2024-04-21 12:06:00,2029320360000,2029320360000,1,0,322
1652,2,Simplified Chinese,2024-04-21,2024-04-21 14:06:00,2024-04-23 16:06:00,2029327560000,2029507560000,0,1,333
1653,2,Simplified Chinese,2024-04-21,2024-04-21 16:06:00,2024-04-21 16:06:00,2029334760000,2029334760000,1,0,344
1654,2,Simplified Chinese,2024-04-21,2024-04-21 18:06:00,2024-04-21 18:06:00,2029341960000,2029341960000,1,0,355
1655,2,Simplified Chinese,2024-04-21,2024-04-21 20:06:00,2024-04-21 20:06:00,2029349160000,2029349160000,0,0,366
1656,2,Simplified Chinese,2024-04-21,2024-04-21 22:06:00,2024-04-25 00:06:00,2029356360000,2029622760000,1,1,377
1657,3,Spanish,2024-04-21,2024-04-21 00:09:00,2024-04-21 00:09:00,2029277340000,2029277340000,0,0,261
1658,3,Spanish,2024-04-21,2024-04-21 02:09:00,2024-04-21 02:09:00,2029284540000,2029284540000,1,0,272
1659,3,Spanish,2024-04-21,2024-04-21 04:09:00,2024-04-21 04:09:00,2029291740000,2029291740000,1,0,283
1660,3,Spanish,2024-04-21,2024-04-21 06:09:00,2024-04-21 06:09:00,2029298940000,2029298940000,1,0,294
1661,3,Spanish,2024-04-21,2024-04-21 08:09:00,2024-04-21 08:09:00,2029306140000,2029306140000,1,0,305
1662,3,Spanish,2024-04-21,2024-04-21 10:09:00,2024-04-21 10:09:00,2029313340000,2029313340000,1,0,316
1663,3,Spanish,2024-04-21,2024-04-21 12:09:00,2024-04-21 12:09:00,2029320540000,2029320540000,1,0,327
1664,3,Spanish,2024-04-21,2024-04-21 14:09:00,2024-04-21 14:09:00,2029327740000,2029327740000,1,0,338
1665,3,Spanish,2024-04-21,2024-04-21 16:09:00,2024-04-21 16:09:00,2029334940000,2029334940000,1,0,349
1666,3,Spanish,2024-04-21,2024-04-21 18:09:00,2024-04-21 18:09:00,2029342140000,2029342140000,1,0,360
1667,3,Spanish,2024-04-21,2024-04-21 20:09:00,2024-04-21 20:09:00,2029349340000,2029349340000,1,0,371
1668,3,Spanish,2024-04-21,2024-04-21 22:09:00,2024-04-21 22:09:00,2029356540000,2029356540000,1,0,382
1669,4,Japanese,2024-04-21,2024-04-21 00:12:00,2024-04-21 00:12:00,2029277520000,2029277520000,1,0,266
1670,4,Japanese,2024-04-21,2024-04-21 02:12:00,2024-04-21 02:12:00,2029284720000,2029284720000,1,0,277
1671,4,Japanese,2024-04-21,2024-04-21 04:12:00,2024-04-21 04:12:00,2029291920000,2029291920000,1,0,288
1672,4,Japanese,2024-04-21,2024-04-21 06:12:00,2024-04-21 06:12:00,2029299120000,2029299120000,1,0,299
1673,4,Japanese,2024-04-21,2024-04-21 08:12:00,2024-04-21 08:12:00,2029306320000,2029306320000,1,0,310
1674,4,Japanese,2024-04-21,2024-04-21 10:12:00,2024-04-21 10:12:00,2029313520000,2029313520000,1,0,321
1675,4,Japanese,2024-04-21,2024-04-21 12:12:00,2024-04-21 12:12:00,2029320720000,2029320720000,1,0,332
1676,4,Japanese,2024-04-21,2024-04-21 14:12:00,2024-04-21 14:12:00,2029327920000,2029327920000,1,0,343
1677,4,Japanese,2024-04-21,2024-04-21 16:12:00,2024-04-21 16:12:00,2029335120000,2029335120000,1,0,354
1678,4,Japanese,2024-04-21,2024-04-21 18:12:00,2024-04-21 18:12:00,2029342320000,2029342320000,1,0,365
1679,4,Japanese,2024-04-21,2024-04-21 20:12:00,2024-04-21 20:12:00,2029349520000,2029349520000,1,0,376
1680,4,Japanese,2024-04-21,2024-04-21 22:12:00,2024-04-21 22:12:00,2029356720000,2029356720000,1,0,387
1681,1,English,2024-04-22,2024-04-22 00:03:00,2024-04-22 00:03:00,2029363380000,2029363380000,1,0,258
1682,1,English,2024-04-22,2024-04-22 02:03:00,2024-04-22 02:03:00,2029370580000,2029370580000,1,0,269
1683,1,English,2024-04-22,2024-04-22 04:03:00,2024-04-22 04:03:00,2029377780000,2029377780000,1,0,280
1684,1,English,2024-04-22,2024-04-22 06:03:00,2024-04-22 06:03:00,2029384980000,2029384980000,1,0,291
1685,1,English,2024-04-22,2024-04-22 08:03:00,2024-04-22 08:03:00,2029392180000,2029392180000,1,0,302
1686,1,English,2024-04-22,2024-04-22 10:03:00,2024-04-22 10:03:00,2029399380000,2029399380000,1,0,313
1687,1,English,2024-04-22,2024-04-22 12:03:00,2024-04-22 12:03:00,2029406580000,2029406580000,1,0,324
1688,1,English,2024-04-22,2024-04-22 14:03:00,2024-04-22 14:03:00,2029413780000,2029413780000,0,0,335
1689,1,English,2024-04-22,2024-04-22 16:03:00,2024-04-22 16:03:00,2029420980000,2029420980000,1,0,346
1690,1,English,2024-04-22,2024-04-22 18:03:00,2024-04-22 18:03:00,2029428180000,2029428180000,1,0,357
1691,1,English,2024-04-22,2024-04-22 20:03:00,2024-04-22 20:03:00,2029435380000,2029435380000,1,0,368
1692,1,English,2024-04-22,2024-04-22 22:03:00,2024-04-22 22:03:00,2029442580000,2029442580000,1,0,379
1693,2,Simplified Chinese,2024-04-22,2024-04-22 00:06:00,2024-04-23 02:06:00,2029363560000,2029457160000,0,1,263
1694,2,Simplified Chinese,2024-04-22,2024-04-22 02:06:00,2024-04-22 02:06:00,2029370760000,2029370760000,1,0,274
1695,2,Simplified Chinese,2024-04-22,2024-04-22 04:06:00,2024-04-22 04:06:00,2029377960000,2029377960000,1,0,285
1696,2,Simplified Chinese,2024-04-22,2024-04-22 06:06:00,2024-04-23 08:06:00,2029385160000,2029478760000,0,1,296
1697,2,Simplified Chinese,2024-04-22,2024-04-22 08:06:00,2024-04-22 08:06:00,2029392360000,2029392360000,1,0,307
1698,2,Simplified Chinese,2024-04-22,2024-04-22 10:06:00,2024-04-22 10:06:00,2029399560000,2029399560000,1,0,318
1699,2,Simplified Chinese,2024-04-22,2024-04-22 12:06:00,2024-04-23 14:06:00,2029406760000,2029500360000,0,1,329
1700,2,Simplified Chinese,2024-04-22,2024-04-22 14:06:00,2024-04-24 16:06:00,2029413960000,2029593960000,1,1,340
1701,2,Simplified Chinese,2024-04-22,2024-04-22 16:06:00,2024-04-22 16:06:00,2029421160000,2029421160000,1,0,351
1702,2,Simplified Chinese,2024-04-22,2024-04-22 18:06:00,2024-04-22 18:06:00,2029428360000,2029428360000,0,0,362
1703,2,Simplified Chinese,2024-04-22,2024-04-22 20:06:00,2024-04-24 22:06:00,2029435560000,2029615560000,1,1,373
1704,2,Simplified Chinese,2024-04-22,2024-04-22 22:06:00,2024-04-22 22:06:00,2029442760000,2029442760000,1,0,384
1705,3,Spanish,2024-04-22,2024-04-22 00:09:00,2024-04-22 00:09:00,2029363740000,2029363740000,1,0,268
1706,3,Spanish,2024-04-22,2024-04-22 02:09:00,2024-04-22 02:09:00,2029370940000,2029370940000,1,0,279
1707,3,Spanish,2024-04-22,2024-04-22 04:09:00,2024-04-25 07:09:00,2029378140000,2029648140000,1,1,290
1708,3,Spanish,2024-04-22,2024-04-22 06:09:00,2024-04-22 06:09:00,2029385340000,2029385340000,1,0,301
1709,3,Spanish,2024-04-22,2024-04-22 08:09:00,2024-04-22 08:09:00,2029392540000,2029392540000,1,0,312
1710,3,Spanish,2024-04-22,2024-04-22 10:09:00,2024-04-22 10:09:00,2029399740000,2029399740000,1,0,323
1711,3,Spanish,2024-04-22,2024-04-22 12:09:00,2024-04-22 12:09:00,2029406940000,2029406940000,1,0,334
1712,3,Spanish,2024-04-22,2024-04-22 14:09:00,2024-04-22 14:09:00,2029414140000,2029414140000,1,0,345
1713,3,Spanish,2024-04-22,2024-04-22 16:09:00,2024-04-22 16:09:00,2029421340000,2029421340000,1,0,356
1714,3,Spanish,2024-04-22,2024-04-22 18:09:00,2024-04-23 21:09:00,2029428540000,2029525740000,0,1,367
1715,3,Spanish,2024-04-22,2024-04-22 20:09:00,2024-04-22 20:09:00,2029435740000,2029435740000,1,0,378
1716,3,Spanish,2024-04-22,2024-04-22 22:09:00,2024-04-22 22:09:00,2029442940000,2029442940000,1,0,389
1717,4,Japanese,2024-04-22,2024-04-22 00:12:00,2024-04-22 00:12:00,2029363920000,2029363920000,1,0,273
1718,4,Japanese,2024-04-22,2024-04-22 02:12:00,2024-04-22 02:12:00,2029371120000,2029371120000,1,0,284
1719,4,Japanese,2024-04-22,2024-04-22 04:12:00,2024-04-22 04:12:00,2029378320000,2029378320000,0,0,295
1720,4,Japanese,2024-04-22,2024-04-22 06:12:00,2024-04-22 06:12:00,2029385520000,2029385520000,1,0,306
1721,4,Japanese,2024-04-22,2024-04-22 08:12:00,2024-04-22 08:12:00,2029392720000,2029392720000,1,0,317
1722,4,Japanese,2024-04-22,2024-04-22 10:12:00,2024-04-25 14:12:00,2029399920000,2029673520000,1,1,328
1723,4,Japanese,2024-04-22,2024-04-22 12:12:00,2024-04-22 12:12:00,2029407120000,2029407120000,1,0,339
1724,4,Japanese,2024-04-22,2024-04-22 14:12:00,2024-04-22 14:12:00,2029414320000,2029414320000,1,0,350
1725,4,Japanese,2024-04-22,2024-04-22 16:12:00,2024-04-22 16:12:00,2029421520000,2029421520000,1,0,361
1726,4,Japanese,2024-04-22,2024-04-22 18:12:00,2024-04-22 18:12:00,2029428720000,2029428720000,1,0,372
1727,4,Japanese,2024-04-22,2024-04-22 20:12:00,2024-04-22 20:12:00,2029435920000,2029435920000,1,0,383
1728,4,Japanese,2024-04-22,2024-04-22 22:12:00,2024-04-22 22:12:00,2029443120000,2029443120000,1,0,394
1729,1,English,2024-04-23,2024-04-23 00:03:00,2024-04-23 00:03:00,2029449780000,2029449780000,1,0,265
1730,1,English,2024-04-23,2024-04-23 02:03:00,2024-04-23 02:03:00,2029456980000,2029456980000,1,0,276
1731,1,English,2024-04-23,2024-04-23 04:03:00,2024-04-23 04:03:00,2029464180000,2029464180000,1,0,287
1732,1,English,2024-04-23,2024-04-23 06:03:00,2024-04-23 06:03:00,2029471380000,2029471380000,1,0,298
1733,1,English,2024-04-23,2024-04-23 08:03:00,2024-04-23 08:03:00,2029478580000,2029478580000,1,0,309
1734,1,English,2024-04-23,2024-04-23 10:03:00,2024-04-23 10:03:00,2029485780000,2029485780000,1,0,320
1735,1,English,2024-04-23,2024-04-23 12:03:00,2024-04-23 12:03:00,2029492980000,2029492980000,1,0,331
1736,1,English,2024-04-23,2024-04-23 14:03:00,2024-04-23 14:03:00,2029500180000,2029500180000,1,0,342
1737,1,English,2024-04-23,2024-04-23 16:03:00,2024-04-23 16:03:00,2029507380000,2029507380000,1,0,353
1738,1,English,2024-04-23,2024-04-23 18:03:00,2024-04-24 19:03:00,2029514580000,2029604580000,1,1,364
1739,1,English,2024-04-23,2024-04-23 20:03:00,2024-04-23 20:03:00,2029521780000,2029521780000,1,0,375
1740,1,English,2024-04-23,2024-04-23 22:03:00,2024-04-23 22:03:00,2029528980000,2029528980000,1,0,386
1741,2,Simplified Chinese,2024-04-23,2024-04-23 00:06:00,2024-04-23 00:06:00,2029449960000,2029449960000,1,0,270
1742,2,Simplified Chinese,2024-04-23,2024-04-23 02:06:00,2024-04-23 02:06:00,2029457160000,2029457160000,1,0,281
1743,2,Simplified Chinese,2024-04-23,2024-04-23 04:06:00,2024-04-26 06:06:00,2029464360000,2029730760000,1,1,292
1744,2,Simplified Chinese,2024-04-23,2024-04-23 06:06:00,2024-04-23 06:06:00,2029471560000,2029471560000,1,0,303
1745,2,Simplified Chinese,2024-04-23,2024-04-23 08:06:00,2024-04-23 08:06:00,2029478760000,2029478760000,1,0,314
1746,2,Simplified Chinese,2024-04-23,2024-04-23 10:06:00,2024-04-23 10:06:00,2029485960000,2029485960000,1,0,325
1747,2,Simplified Chinese,2024-04-23,2024-04-23 12:06:00,2024-04-24 14:06:00,2029493160000,2029586760000,1,1,336
1748,2,Simplified Chinese,2024-04-23,2024-04-23 14:06:00,2024-04-23 14:06:00,2029500360000,2029500360000,1,0,347
1749,2,Simplified Chinese,2024-04-23,2024-04-23 16:06:00,2024-04-23 16:06:00,2029507560000,2029507560000,1,0,358
1750,2,Simplified Chinese,2024-04-23,2024-04-23 18:06:00,2024-04-24 20:06:00,2029514760000,2029608360000,0,1,369
1751,2,Simplified Chinese,2024-04-23,2024-04-23 20:06:00,2024-04-23 20:06:00,2029521960000,2029521960000,1,0,380
1752,2,Simplified Chinese,2024-04-23,2024-04-23 22:06:00,2024-04-23 22:06:00,2029529160000,2029529160000,1,0,391
1753,3,Spanish,2024-04-23,2024-04-23 00:09:00,2024-04-23 00:09:00,2029450140000,2029450140000,1,0,275
1754,3,Spanish,2024-04-23,2024-04-23 02:09:00,2024-04-23 02:09:00,2029457340000,2029457340000,1,0,286
1755,3,Spanish,2024-04-23,2024-04-23 04:09:00,2024-04-23 04:09:00,2029464540000,2029464540000,0,0,297
1756,3,Spanish,2024-04-23,2024-04-23 06:09:00,2024-04-23 06:09:00,2029471740000,2029471740000,1,0,308
1757,3,Spanish,2024-04-23,2024-04-23 08:09:00,2024-04-23 08:09:00,2029478940000,2029478940000,1,0,319
1758,3,Spanish,2024-04-23,2024-04-23 10:09:00,2024-04-23 10:09:00,2029486140000,2029486140000,1,0,330
1759,3,Spanish,2024-04-23,2024-04-23 12:09:00,2024-04-23 12:09:00,2029493340000,2029493340000,1,0,341
1760,3,Spanish,2024-04-23,2024-04-23 14:09:00,2024-04-23 14:09:00,2029500540000,2029500540000,1,0,352
1761,3,Spanish,2024-04-23,2024-04-23 16:09:00,2024-04-23 16:09:00,2029507740000,2029507740000,1,0,363
1762,3,Spanish,2024-04-23,2024-04-23 18:09:00,2024-04-23 18:09:00,2029514940000,2029514940000,1,0,374
1763,3,Spanish,2024-04-23,2024-04-23 20:09:00,2024-04-23 20:09:00,2029522140000,2029522140000,1,0,385
1764,3,Spanish,2024-04-23,2024-04-23 22:09:00,2024-04-23 22:09:00,2029529340000,2029529340000,1,0,396
1765,4,Japanese,2024-04-23,2024-04-23 00:12:00,2024-04-23 00:12:00,2029450320000,2029450320000,1,0,280
1766,4,Japanese,2024-04-23,2024-04-23 02:12:00,2024-04-23 02:12:00,2029457520000,2029457520000,1,0,291
1767,4,Japanese,2024-04-23,2024-04-23 04:12:00,2024-04-23 04:12:00,2029464720000,2029464720000,1,0,302
1768,4,Japanese,2024-04-23,2024-04-23 06:12:00,2024-04-23 06:12:00,2029471920000,2029471920000,1,0,313
1769,4,Japanese,2024-04-23,2024-04-23 08:12:00,2024-04-23 08:12:00,2029479120000,2029479120000,1,0,324
1770,4,Japanese,2024-04-23,2024-04-23 10:12:00,2024-04-23 10:12:00,2029486320000,2029486320000,1,0,335
1771,4,Japanese,2024-04-23,2024-04-23 12:12:00,2024-04-23 12:12:00,2029493520000,2029493520000,1,0,346
1772,4,Japanese,2024-04-23,2024-04-23 14:12:00,2024-04-23 14:12:00,2029500720000,2029500720000,1,0,357
1773,4,Japanese,2024-04-23,2024-04-23 16:12:00,2024-04-23 16:12:00,2029507920000,2029507920000,1,0,368
1774,4,Japanese,2024-04-23,2024-04-23 18:12:00,2024-04-23 18:12:00,2029515120000,2029515120000,1,0,379
1775,4,Japanese,2024-04-23,2024-04-23 20:12:00,2024-04-23 20:12:00,2029522320000,2029522320000,1,0,390
1776,4,Japanese,2024-04-23,2024-04-23 22:12:00,2024-04-23 22:12:00,2029529520000,2029529520000,1,0,401
1777,1,English,2024-04-24,2024-04-24 00:03:00,2024-04-24 00:03:00,2029536180000,2029536180000,1,0,272
1778,1,English,2024-04-24,2024-04-24 02:03:00,2024-04-24 02:03:00,2029543380000,2029543380000,1,0,283
1779,1,English,2024-04-24,2024-04-24 04:03:00,2024-04-24 04:03:00,2029550580000,2029550580000,1,0,294
1780,1,English,2024-04-24,2024-04-24 06:03:00,2024-04-24 06:03:00,2029557780000,2029557780000,1,0,305
1781,1,English,2024-04-24,2024-04-24 08:03:00,2024-04-24 08:03:00,2029564980000,2029564980000,1,0,316
1782,1,English,2024-04-24,2024-04-24 10:03:00,2024-04-24 10:03:00,2029572180000,2029572180000,1,0,327
1783,1,English,2024-04-24,2024-04-24 12:03:00,2024-04-24 12:03:00,2029579380000,2029579380000,1,0,338
1784,1,English,2024-04-24,2024-04-24 14:03:00,2024-04-24 14:03:00,2029586580000,2029586580000,1,0,349
1785,1,English,2024-04-24,2024-04-24 16:03:00,2024-04-24 16:03:00,2029593780000,2029593780000,1,0,360
1786,1,English,2024-04-24,2024-04-24 18:03:00,2024-04-24 18:03:00,2029600980000,2029600980000,0,0,371
1787,1,English,2024-04-24,2024-04-24 20:03:00,2024-04-24 20:03:00,2029608180000,2029608180000,1,0,382
1788,1,English,2024-04-24,2024-04-24 22:03:00,2024-04-24 22:03:00,2029615380000,2029615380000,1,0,393
1789,2,Simplified Chinese,2024-04-24,2024-04-24 00:06:00,2024-04-24 00:06:00,2029536360000,2029536360000,1,0,277
1790,2,Simplified Chinese,2024-04-24,2024-04-24 02:06:00,2024-04-26 04:06:00,2029543560000,2029723560000,1,1,288
1791,2,Simplified Chinese,2024-04-24,2024-04-24 04:06:00,2024-04-27 06:06:00,2029550760000,2029817160000,0,1,299
1792,2,Simplified Chinese,2024-04-24,2024-04-24 06:06:00,2024-04-24 06:06:00,2029557960000,2029557960000,1,0,310
1793,2,Simplified Chinese,2024-04-24,2024-04-24 08:06:00,2024-04-24 08:06:00,2029565160000,2029565160000,1,0,321
1794,2,Simplified Chinese,2024-04-24,2024-04-24 10:06:00,2024-04-27 12:06:00,2029572360000,2029838760000,0,1,332
1795,2,Simplified Chinese,2024-04-24,2024-04-24 12:06:00,2024-04-24 12:06:00,2029579560000,2029579560000,1,0,343
1796,2,Simplified Chinese,2024-04-24,2024-04-24 14:06:00,2024-04-24 14:06:00,2029586760000,2029586760000,1,0,354
1797,2,Simplified Chinese,2024-04-24,2024-04-24 16:06:00,2024-04-27 18:06:00,2029593960000,2029860360000,1,1,365
1798,2,Simplified Chinese,2024-04-24,2024-04-24 18:06:00,2024-04-25 20:06:00,2029601160000,2029694760000,1,1,376
1799,2,Simplified Chinese,2024-04-24,2024-04-24 20:06:00,2024-04-24 20:06:00,2029608360000,2029608360000,1,0,387
1800,2,Simplified Chinese,2024-04-24,2024-04-24 22:06:00,2024-04-24 22:06:00,2029615560000,2029615560000,1,0,398
1801,3,Spanish,2024-04-24,2024-04-24 00:09:00,2024-04-24 00:09:00,2029536540000,2029536540000,1,0,282
1802,3,Spanish,2024-04-24,2024-04-24 02:09:00,2024-04-24 02:09:00,2029543740000,2029543740000,1,0,293
1803,3,Spanish,2024-04-24,2024-04-24 04:09:00,2024-04-24 04:09:00,2029550940000,2029550940000,1,0,304
1804,3,Spanish,2024-04-24,2024-04-24 06:09:00,2024-04-24 06:09:00,2029558140000,2029558140000,1,0,315
1805,3,Spanish,2024-04-24,2024-04-24 08:09:00,2024-04-24 08:09:00,2029565340000,2029565340000,1,0,326
1806,3,Spanish,2024-04-24,2024-04-24 10:09:00,2024-04-24 10:09:00,2029572540000,2029572540000,1,0,337
1807,3,Spanish,2024-04-24,2024-04-24 12:09:00,2024-04-24 12:09:00,2029579740000,2029579740000,1,0,348
1808,3,Spanish,2024-04-24,2024-04-24 14:09:00,2024-04-24 14:09:00,2029586940000,2029586940000,1,0,359
1809,3,Spanish,2024-04-24,2024-04-24 16:09:00,2024-04-24 16:09:00,2029594140000,2029594140000,1,0,370
1810,3,Spanish,2024-04-24,2024-04-24 18:09:00,2024-04-24 18:09:00,2029601340000,2029601340000,1,0,381
1811,3,Spanish,2024-04-24,2024-04-24 20:09:00,2024-04-24 20:09:00,2029608540000,2029608540000,1,0,392
1812,3,Spanish,2024-04-24,2024-04-24 22:09:00,2024-04-24 22:09:00,2029615740000,2029615740000,0,0,403
1813,4,Japanese,2024-04-24,2024-04-24 00:12:00,2024-04-25 04:12:00,2029536720000,2029637520000,1,1,287
1814,4,Japanese,2024-04-24,2024-04-24 02:12:00,2024-04-24 02:12:00,2029543920000,2029543920000,1,0,298
1815,4,Japanese,2024-04-24,2024-04-24 04:12:00,2024-04-24 04:12:00,2029551120000,2029551120000,1,0,309
1816,4,Japanese,2024-04-24,2024-04-24 06:12:00,2024-04-24 06:12:00,2029558320000,2029558320000,1,0,320
1817,4,Japanese,2024-04-24,2024-04-24 08:12:00,2024-04-24 08:12:00,2029565520000,2029565520000,0,0,331
1818,4,Japanese,2024-04-24,2024-04-24 10:12:00,2024-04-24 10:12:00,2029572720000,2029572720000,1,0,342
1819,4,Japanese,2024-04-24,2024-04-24 12:12:00,2024-04-24 12:12:00,2029579920000,2029579920000,1,0,353
1820,4,Japanese,2024-04-24,2024-04-24 14:12:00,2024-04-24 14:12:00,2029587120000,2029587120000,1,0,364
1821,4,Japanese,2024-04-24,2024-04-24 16:12:00,2024-04-24 16:12:00,2029594320000,2029594320000,1,0,375
1822,4,Japanese,2024-04-24,2024-04-24 18:12:00,2024-04-24 18:12:00,2029601520000,2029601520000,1,0,386
1823,4,Japanese,2024-04-24,2024-04-24 20:12:00,2024-04-24 20:12:00,2029608720000,2029608720000,1,0,397
1824,4,Japanese,2024-04-24,2024-04-24 22:12:00,2024-04-24 22:12:00,2029615920000,2029615920000,1,0,408
1825,1,English,2024-04-25,2024-04-25 00:03:00,2024-04-25 00:03:00,2029622580000,2029622580000,1,0,279
1826,1,English,2024-04-25,2024-04-25 02:03:00,2024-04-25 02:03:00,2029629780000,2029629780000,1,0,290
1827,1,English,2024-04-25,2024-04-25 04:03:00,2024-04-25 04:03:00,2029636980000,2029636980000,1,0,301
1828,1,English,2024-04-25,2024-04-25 06:03:00,2024-04-25 06:03:00,2029644180000,2029644180000,1,0,312
1829,1,English,2024-04-25,2024-04-25 08:03:00,2024-04-27 09:03:00,2029651380000,2029827780000,1,1,323
1830,1,English,2024-04-25,2024-04-25 10:03:00,2024-04-25 10:03:00,2029658580000,2029658580000,1,0,334
1831,1,English,2024-04-25,2024-04-25 12:03:00,2024-04-25 12:03:00,2029665780000,2029665780000,1,0,345
1832,1,English,2024-04-25,2024-04-25 14:03:00,2024-04-25 14:03:00,2029672980000,2029672980000,1,0,356
1833,1,English,2024-04-25,2024-04-25 16:03:00,2024-04-25 16:03:00,2029680180000,2029680180000,1,0,367
1834,1,English,2024-04-25,2024-04-25 18:03:00,2024-04-25 18:03:00,2029687380000,2029687380000,1,0,378
1835,1,English,2024-04-25,2024-04-25 20:03:00,2024-04-25 20:03:00,2029694580000,2029694580000,1,0,389
1836,1,English,2024-04-25,2024-04-25 22:03:00,2024-04-25 22:03:00,2029701780000,2029701780000,1,0,400
1837,2,Simplified Chinese,2024-04-25,2024-04-25 00:06:00,2024-04-26 02:06:00,2029622760000,2029716360000,1,1,284
1838,2,Simplified Chinese,2024-04-25,2024-04-25 02:06:00,2024-04-27 04:06:00,2029629960000,2029809960000,1,1,295
1839,2,Simplified Chinese,2024-04-25,2024-04-25 04:06:00,2024-04-25 04:06:00,2029637160000,2029637160000,1,0,306
1840,2,Simplified Chinese,2024-04-25,2024-04-25 06:06:00,2024-04-25 06:06:00,2029644360000,2029644360000,1,0,317
1841,2,Simplified Chinese,2024-04-25,2024-04-25 08:06:00,2024-04-27 10:06:00,2029651560000,2029831560000,1,1,328
1842,2,Simplified Chinese,2024-04-25,2024-04-25 10:06:00,2024-04-25 10:06:00,2029658760000,2029658760000,1,0,339
1843,2,Simplified Chinese,2024-04-25,2024-04-25 12:06:00,2024-04-25 12:06:00,2029665960000,2029665960000,1,0,350
1844,2,Simplified Chinese,2024-04-25,2024-04-25 14:06:00,2024-04-27 16:06:00,2029673160000,2029853160000,1,1,361
1845,2,Simplified Chinese,2024-04-25,2024-04-25 16:06:00,2024-04-28 18:06:00,2029680360000,2029946760000,1,1,372
1846,2,Simplified Chinese,2024-04-25,2024-04-25 18:06:00,2024-04-25 18:06:00,2029687560000,2029687560000,1,0,383
1847,2,Simplified Chinese,2024-04-25,2024-04-25 20:06:00,2024-04-25 20:06:00,2029694760000,2029694760000,1,0,394
1848,2,Simplified Chinese,2024-04-25,2024-04-25 22:06:00,2024-04-29 00:06:00,2029701960000,2029968360000,0,1,405
1849,3,Spanish,2024-04-25,2024-04-25 00:09:00,2024-04-25 00:09:00,2029622940000,2029622940000,1,0,289
1850,3,Spanish,2024-04-25,2024-04-25 02:09:00,2024-04-25 02:09:00,2029630140000,2029630140000,1,0,300
1851,3,Spanish,2024-04-25,2024-04-25 04:09:00,2024-04-25 04:09:00,2029637340000,2029637340000,1,0,311
1852,3,Spanish,2024-04-25,2024-04-25 06:09:00,2024-04-26 09:09:00,2029644540000,2029741740000,1,1,322
1853,3,Spanish,2024-04-25,2024-04-25 08:09:00,2024-04-25 08:09:00,2029651740000,2029651740000,0,0,333
1854,3,Spanish,2024-04-25,2024-04-25 10:09:00,2024-04-25 10:09:00,2029658940000,2029658940000,1,0,344
1855,3,Spanish,2024-04-25,2024-04-25 12:09:00,2024-04-25 12:09:00,2029666140000,2029666140000,1,0,355
1856,3,Spanish,2024-04-25,2024-04-25 14:09:00,2024-04-25 14:09:00,2029673340000,2029673340000,1,0,366
1857,3,Spanish,2024-04-25,2024-04-25 16:09:00,2024-04-25 16:09:00,2029680540000,2029680540000,1,0,377
1858,3,Spanish,2024-04-25,2024-04-25 18:09:00,2024-04-25 18:09:00,2029687740000,2029687740000,1,0,388
1859,3,Spanish,2024-04-25,2024-04-25 20:09:00,2024-04-27 23:09:00,2029694940000,2029878540000,1,1,399
1860,3,Spanish,2024-04-25,2024-04-25 22:09:00,2024-04-25 22:09:00,2029702140000,2029702140000,1,0,410
1861,4,Japanese,2024-04-25,2024-04-25 00:12:00,2024-04-25 00:12:00,2029623120000,2029623120000,1,0,294
1862,4,Japanese,2024-04-25,2024-04-25 02:12:00,2024-04-25 02:12:00,2029630320000,2029630320000,1,0,305
1863,4,Japanese,2024-04-25,2024-04-25 04:12:00,2024-04-25 04:12:00,2029637520000,2029637520000,1,0,316
1864,4,Japanese,2024-04-25,2024-04-25 06:12:00,2024-04-25 06:12:00,2029644720000,2029644720000,1,0,327
1865,4,Japanese,2024-04-25,2024-04-25 08:12:00,2024-04-25 08:12:00,2029651920000,2029651920000,1,0,338
1866,4,Japanese,2024-04-25,2024-04-25 10:12:00,2024-04-25 10:12:00,2029659120000,2029659120000,1,0,349
1867,4,Japanese,2024-04-25,2024-04-25 12:12:00,2024-04-26 16:12:00,2029666320000,2029767120000,1,1,360
1868,4,Japanese,2024-04-25,2024-04-25 14:12:00,2024-04-25 14:12:00,2029673520000,2029673520000,1,0,371
1869,4,Japanese,2024-04-25,2024-04-25 16:12:00,2024-04-25 16:12:00,2029680720000,2029680720000,1,0,382
1870,4,Japanese,2024-04-25,2024-04-25 18:12:00,2024-04-25 18:12:00,2029687920000,2029687920000,1,0,393
1871,4,Japanese,2024-04-25,2024-04-25 20:12:00,2024-04-25 20:12:00,2029695120000,2029695120000,1,0,404
1872,4,Japanese,2024-04-25,2024-04-25 22:12:00,2024-04-25 22:12:00,2029702320000,2029702320000,1,0,415
1873,1,English,2024-04-26,2024-04-26 00:03:00,2024-04-26 00:03:00,2029708980000,2029708980000,1,0,286
1874,1,English,2024-04-26,2024-04-26 02:03:00,2024-04-26 02:03:00,2029716180000,2029716180000,1,0,297
1875,1,English,2024-04-26,2024-04-26 04:03:00,2024-04-26 04:03:00,2029723380000,2029723380000,1,0,308
1876,1,English,2024-04-26,2024-04-26 06:03:00,2024-04-26 06:03:00,2029730580000,2029730580000,1,0,319
1877,1,English,2024-04-26,2024-04-26 08:03:00,2024-04-26 08:03:00,2029737780000,2029737780000,1,0,330
1878,1,English,2024-04-26,2024-04-26 10:03:00,2024-04-26 10:03:00,2029744980000,2029744980000,1,0,341
1879,1,English,2024-04-26,2024-04-26 12:03:00,2024-04-26 12:03:00,2029752180000,2029752180000,1,0,352
1880,1,English,2024-04-26,2024-04-26 14:03:00,2024-04-26 14:03:00,2029759380000,2029759380000,1,0,363
1881,1,English,2024-04-26,2024-04-26 16:03:00,2024-04-26 16:03:00,2029766580000,2029766580000,1,0,374
1882,1,English,2024-04-26,2024-04-26 18:03:00,2024-04-26 18:03:00,2029773780000,2029773780000,1,0,385
1883,1,English,2024-04-26,2024-04-26 20:03:00,2024-04-28 21:03:00,2029780980000,2029957380000,1,1,396
1884,1,English,2024-04-26,2024-04-26 22:03:00,2024-04-26 22:03:00,2029788180000,2029788180000,0,0,407
1885,2,Simplified Chinese,2024-04-26,2024-04-26 00:06:00,2024-04-27 02:06:00,2029709160000,2029802760000,1,1,291
1886,2,Simplified Chinese,2024-04-26,2024-04-26 02:06:00,2024-04-26 02:06:00,2029716360000,2029716360000,1,0,302
1887,2,Simplified Chinese,2024-04-26,2024-04-26 04:06:00,2024-04-26 04:06:00,2029723560000,2029723560000,1,0,313
1888,2,Simplified Chinese,2024-04-26,2024-04-26 06:06:00,2024-04-27 08:06:00,2029730760000,2029824360000,1,1,324
1889,2,Simplified Chinese,2024-04-26,2024-04-26 08:06:00,2024-04-28 10:06:00,2029737960000,2029917960000,0,1,335
1890,2,Simplified Chinese,2024-04-26,2024-04-26 10:06:00,2024-04-26 10:06:00,2029745160000,2029745160000,1,0,346
1891,2,Simplified Chinese,2024-04-26,2024-04-26 12:06:00,2024-04-26 12:06:00,2029752360000,2029752360000,1,0,357
1892,2,Simplified Chinese,2024-04-26,2024-04-26 14:06:00,2024-04-28 16:06:00,2029759560000,2029939560000,0,1,368
1893,2,Simplified Chinese,2024-04-26,2024-04-26 16:06:00,2024-04-26 16:06:00,2029766760000,2029766760000,1,0,379
1894,2,Simplified Chinese,2024-04-26,2024-04-26 18:06:00,2024-04-26 18:06:00,2029773960000,2029773960000,1,0,390
1895,2,Simplified Chinese,2024-04-26,2024-04-26 20:06:00,2024-04-26 20:06:00,2029781160000,2029781160000,1,0,401
1896,2,Simplified Chinese,2024-04-26,2024-04-26 22:06:00,2024-04-26 22:06:00,2029788360000,2029788360000,1,0,412
1897,3,Spanish,2024-04-26,2024-04-26 00:09:00,2024-04-26 00:09:00,2029709340000,2029709340000,1,0,296
1898,3,Spanish,2024-04-26,2024-04-26 02:09:00,2024-04-26 02:09:00,2029716540000,2029716540000,1,0,307
1899,3,Spanish,2024-04-26,2024-04-26 04:09:00,2024-04-26 04:09:00,2029723740000,2029723740000,1,0,318
1900,3,Spanish,2024-04-26,2024-04-26 06:09:00,2024-04-26 06:09:00,2029730940000,2029730940000,1,0,329
1901,3,Spanish,2024-04-26,2024-04-26 08:09:00,2024-04-26 08:09:00,2029738140000,2029738140000,1,0,340
1902,3,Spanish,2024-04-26,2024-04-26 10:09:00,2024-04-26 10:09:00,2029745340000,2029745340000,1,0,351
1903,3,Spanish,2024-04-26,2024-04-26 12:09:00,2024-04-26 12:09:00,2029752540000,2029752540000,1,0,362
1904,3,Spanish,2024-04-26,2024-04-26 14:09:00,2024-04-26 14:09:00,2029759740000,2029759740000,1,0,373
1905,3,Spanish,2024-04-26,2024-04-26 16:09:00,2024-04-26 16:09:00,2029766940000,2029766940000,1,0,384
1906,3,Spanish,2024-04-26,2024-04-26 18:09:00,2024-04-26 18:09:00,2029774140000,2029774140000,1,0,395
1907,3,Spanish,2024-04-26,2024-04-26 20:09:00,2024-04-26 20:09:00,2029781340000,2029781340000,1,0,406
1908,3,Spanish,2024-04-26,2024-04-26 22:09:00,2024-04-26 22:09:00,2029788540000,2029788540000,1,0,417
1909,4,Japanese,2024-04-26,2024-04-26 00:12:00,2024-04-26 00:12:00,2029709520000,2029709520000,1,0,301
1910,4,Japanese,2024-04-26,2024-04-26 02:12:00,2024-04-26 02:12:00,2029716720000,2029716720000,1,0,312
1911,4,Japanese,2024-04-26,2024-04-26 04:12:00,2024-04-26 04:12:00,2029723920000,2029723920000,1,0,323
1912,4,Japanese,2024-04-26,2024-04-26 06:12:00,2024-04-26 06:12:00,2029731120000,2029731120000,1,0,334
1913,4,Japanese,2024-04-26,2024-04-26 08:12:00,2024-04-26 08:12:00,2029738320000,2029738320000,1,0,345
1914,4,Japanese,2024-04-26,2024-04-26 10:12:00,2024-04-26 10:12:00,2029745520000,2029745520000,1,0,356
1915,4,Japanese,2024-04-26,2024-04-26 12:12:00,2024-04-26 12:12:00,2029752720000,2029752720000,0,0,367
1916,4,Japanese,2024-04-26,2024-04-26 14:12:00,2024-04-26 14:12:00,2029759920000,2029759920000,1,0,378
1917,4,Japanese,2024-04-26,2024-04-26 16:12:00,2024-04-26 16:12:00,2029767120000,2029767120000,1,0,389
1918,4,Japanese,2024-04-26,2024-04-26 18:12:00,2024-04-26 18:12:00,2029774320000,2029774320000,1,0,400
1919,4,Japanese,2024-04-26,2024-04-26 20:12:00,2024-04-26 20:12:00,2029781520000,2029781520000,1,0,411
1920,4,Japanese,2024-04-26,2024-04-26 22:12:00,2024-04-26 22:12:00,2029788720000,2029788720000,1,0,422
1921,1,English,2024-04-27,2024-04-27 00:03:00,2024-04-27 00:03:00,2029795380000,2029795380000,1,0,293
1922,1,English,2024-04-27,2024-04-27 02:03:00,2024-04-27 02:03:00,2029802580000,2029802580000,1,0,304
1923,1,English,2024-04-27,2024-04-27 04:03:00,2024-04-27 04:03:00,2029809780000,2029809780000,1,0,315
1924,1,English,2024-04-27,2024-04-27 06:03:00,2024-04-27 06:03:00,2029816980000,2029816980000,1,0,326
1925,1,English,2024-04-27,2024-04-27 08:03:00,2024-04-27 08:03:00,2029824180000,2029824180000,1,0,337
1926,1,English,2024-04-27,2024-04-27 10:03:00,2024-04-27 10:03:00,2029831380000,2029831380000,1,0,348
1927,1,English,2024-04-27,2024-04-27 12:03:00,2024-04-27 12:03:00,2029838580000,2029838580000,1,0,359
1928,1,English,2024-04-27,2024-04-27 14:03:00,2024-04-27 14:03:00,2029845780000,2029845780000,1,0,370
1929,1,English,2024-04-27,2024-04-27 16:03:00,2024-04-27 16:03:00,2029852980000,2029852980000,1,0,381
1930,1,English,2024-04-27,2024-04-27 18:03:00,2024-04-27 18:03:00,2029860180000,2029860180000,1,0,392
1931,1,English,2024-04-27,2024-04-27 20:03:00,2024-04-27 20:03:00,2029867380000,2029867380000,1,0,403
1932,1,English,2024-04-27,2024-04-27 22:03:00,2024-04-27 22:03:00,2029874580000,2029874580000,1,0,414
1933,2,Simplified Chinese,2024-04-27,2024-04-27 00:06:00,2024-04-27 00:06:00,2029795560000,2029795560000,1,0,298
1934,2,Simplified Chinese,2024-04-27,2024-04-27 02:06:00,2024-04-27 02:06:00,2029802760000,2029802760000,1,0,309
1935,2,Simplified Chinese,2024-04-27,2024-04-27 04:06:00,2024-04-30 06:06:00,2029809960000,2030076360000,1,1,320
1936,2,Simplified Chinese,2024-04-27,2024-04-27 06:06:00,2024-04-27 06:06:00,2029817160000,2029817160000,1,0,331
1937,2,Simplified Chinese,2024-04-27,2024-04-27 08:06:00,2024-04-27 08:06:00,2029824360000,2029824360000,1,0,342
1938,2,Simplified Chinese,2024-04-27,2024-04-27 10:06:00,2024-04-27 10:06:00,2029831560000,2029831560000,1,0,353
1939,2,Simplified Chinese,2024-04-27,2024-04-27 12:06:00,2024-04-27 12:06:00,2029838760000,2029838760000,1,0,364
1940,2,Simplified Chinese,2024-04-27,2024-04-27 14:06:00,2024-04-27 14:06:00,2029845960000,2029845960000,1,0,375
1941,2,Simplified Chinese,2024-04-27,2024-04-27 16:06:00,2024-04-27 16:06:00,2029853160000,2029853160000,1,0,386
1942,2,Simplified Chinese,2024-04-27,2024-04-27 18:06:00,2024-04-28 20:06:00,2029860360000,2029953960000,1,1,397
1943,2,Simplified Chinese,2024-04-27,2024-04-27 20:06:00,2024-04-27 20:06:00,2029867560000,2029867560000,1,0,408
1944,2,Simplified Chinese,2024-04-27,2024-04-27 22:06:00,2024-04-27 22:06:00,2029874760000,2029874760000,1,0,419
1945,3,Spanish,2024-04-27,2024-04-27 00:09:00,2024-04-27 00:09:00,2029795740000,2029795740000,1,0,303
1946,3,Spanish,2024-04-27,2024-04-27 02:09:00,2024-04-27 02:09:00,2029802940000,2029802940000,1,0,314
1947,3,Spanish,2024-04-27,2024-04-27 04:09:00,2024-04-27 04:09:00,2029810140000,2029810140000,1,0,325
1948,3,Spanish,2024-04-27,2024-04-27 06:09:00,2024-04-27 06:09:00,2029817340000,2029817340000,1,0,336
1949,3,Spanish,2024-04-27,2024-04-27 08:09:00,2024-04-27 08:09:00,2029824540000,2029824540000,1,0,347
1950,3,Spanish,2024-04-27,2024-04-27 10:09:00,2024-04-30 13:09:00,2029831740000,2030101740000,1,1,358
1951,3,Spanish,2024-04-27,2024-04-27 12:09:00,2024-04-27 12:09:00,2029838940000,2029838940000,0,0,369
1952,3,Spanish,2024-04-27,2024-04-27 14:09:00,2024-04-27 14:09:00,2029846140000,2029846140000,1,0,380
1953,3,Spanish,2024-04-27,2024-04-27 16:09:00,2024-04-27 16:09:00,2029853340000,2029853340000,1,0,391
1954,3,Spanish,2024-04-27,2024-04-27 18:09:00,2024-04-27 18:09:00,2029860540000,2029860540000,1,0,402
1955,3,Spanish,2024-04-27,2024-04-27 20:09:00,2024-04-27 20:09:00,2029867740000,2029867740000,1,0,413
1956,3,Spanish,2024-04-27,2024-04-27 22:09:00,2024-04-27 22:09:00,2029874940000,2029874940000,1,0,424
1957,4,Japanese,2024-04-27,2024-04-27 00:12:00,2024-04-27 00:12:00,2029795920000,2029795920000,1,0,308
1958,4,Japanese,2024-04-27,2024-04-27 02:12:00,2024-04-29 06:12:00,2029803120000,2029990320000,1,1,319
1959,4,Japanese,2024-04-27,2024-04-27 04:12:00,2024-04-27 04:12:00,2029810320000,2029810320000,1,0,330
1960,4,Japanese,2024-04-27,2024-04-27 06:12:00,2024-04-27 06:12:00,2029817520000,2029817520000,1,0,341
1961,4,Japanese,2024-04-27,2024-04-27 08:12:00,2024-04-27 08:12:00,2029824720000,2029824720000,1,0,352
1962,4,Japanese,2024-04-27,2024-04-27 10:12:00,2024-04-27 10:12:00,2029831920000,2029831920000,1,0,363
1963,4,Japanese,2024-04-27,2024-04-27 12:12:00,2024-04-27 12:12:00,2029839120000,2029839120000,1,0,374
1964,4,Japanese,2024-04-27,2024-04-27 14:12:00,2024-04-27 14:12:00,2029846320000,2029846320000,1,0,385
1965,4,Japanese,2024-04-27,2024-04-27 16:12:00,2024-04-30 20:12:00,2029853520000,2030127120000,1,1,396
1966,4,Japanese,2024-04-27,2024-04-27 18:12:00,2024-04-27 18:12:00,2029860720000,2029860720000,1,0,407
1967,4,Japanese,2024-04-27,2024-04-27 20:12:00,2024-04-27 20:12:00,2029867920000,2029867920000,1,0,418
1968,4,Japanese,2024-04-27,2024-04-27 22:12:00,2024-04-27 22:12:00,2029875120000,2029875120000,1,0,429
1969,1,English,2024-04-28,2024-04-28 00:03:00,2024-04-28 00:03:00,2029881780000,2029881780000,0,0,300
1970,1,English,2024-04-28,2024-04-28 02:03:00,2024-04-28 02:03:00,2029888980000,2029888980000,1,0,311
1971,1,English,2024-04-28,2024-04-28 04:03:00,2024-04-28 04:03:00,2029896180000,2029896180000,1,0,322
1972,1,English,2024-04-28,2024-04-28 06:03:00,2024-04-28 06:03:00,2029903380000,2029903380000,1,0,333
1973,1,English,2024-04-28,2024-04-28 08:03:00,2024-04-28 08:03:00,2029910580000,2029910580000,1,0,344
1974,1,English,2024-04-28,2024-04-28 10:03:00,2024-05-01 11:03:00,2029917780000,2030180580000,1,1,355
1975,1,English,2024-04-28,2024-04-28 12:03:00,2024-04-28 12:03:00,2029924980000,2029924980000,1,0,366
1976,1,English,2024-04-28,2024-04-28 14:03:00,2024-04-28 14:03:00,2029932180000,2029932180000,1,0,377
1977,1,English,2024-04-28,2024-04-28 16:03:00,2024-04-28 16:03:00,2029939380000,2029939380000,1,0,388
1978,1,English,2024-04-28,2024-04-28 18:03:00,2024-04-28 18:03:00,2029946580000,2029946580000,1,0,399
1979,1,English,2024-04-28,2024-04-28 20:03:00,2024-04-28 20:03:00,2029953780000,2029953780000,1,0,410
1980,1,English,2024-04-28,2024-04-28 22:03:00,2024-04-28 22:03:00,2029960980000,2029960980000,1,0,421
1981,2,Simplified Chinese,2024-04-28,2024-04-28 00:06:00,2024-04-28 00:06:00,2029881960000,2029881960000,1,0,305
1982,2,Simplified Chinese,2024-04-28,2024-04-28 02:06:00,2024-04-28 02:06:00,2029889160000,2029889160000,1,0,316
1983,2,Simplified Chinese,2024-04-28,2024-04-28 04:06:00,2024-04-28 04:06:00,2029896360000,2029896360000,1,0,327
1984,2,Simplified Chinese,2024-04-28,2024-04-28 06:06:00,2024-04-28 06:06:00,2029903560000,2029903560000,1,0,338
1985,2,Simplified Chinese,2024-04-28,2024-04-28 08:06:00,2024-04-28 08:06:00,2029910760000,2029910760000,1,0,349
1986,2,Simplified Chinese,2024-04-28,2024-04-28 10:06:00,2024-04-28 10:06:00,2029917960000,2029917960000,1,0,360
1987,2,Simplified Chinese,2024-04-28,2024-04-28 12:06:00,2024-04-28 12:06:00,2029925160000,2029925160000,0,0,371
1988,2,Simplified Chinese,2024-04-28,2024-04-28 14:06:00,2024-04-28 14:06:00,2029932360000,2029932360000,1,0,382
1989,2,Simplified Chinese,2024-04-28,2024-04-28 16:06:00,2024-05-01 18:06:00,2029939560000,2030205960000,1,1,393
1990,2,Simplified Chinese,2024-04-28,2024-04-28 18:06:00,2024-04-28 18:06:00,2029946760000,2029946760000,1,0,404
1991,2,Simplified Chinese,2024-04-28,2024-04-28 20:06:00,2024-04-28 20:06:00,2029953960000,2029953960000,1,0,415
1992,2,Simplified Chinese,2024-04-28,2024-04-28 22:06:00,2024-04-28 22:06:00,2029961160000,2029961160000,1,0,426
1993,3,Spanish,2024-04-28,2024-04-28 00:09:00,2024-04-28 00:09:00,2029882140000,2029882140000,1,0,310
1994,3,Spanish,2024-04-28,2024-04-28 02:09:00,2024-04-28 02:09:00,2029889340000,2029889340000,1,0,321
1995,3,Spanish,2024-04-28,2024-04-28 04:09:00,2024-04-28 04:09:00,2029896540000,2029896540000,1,0,332
1996,3,Spanish,2024-04-28,2024-04-28 06:09:00,2024-04-28 06:09:00,2029903740000,2029903740000,1,0,343
1997,3,Spanish,2024-04-28,2024-04-28 08:09:00,2024-04-28 08:09:00,2029910940000,2029910940000,1,0,354
1998,3,Spanish,2024-04-28,2024-04-28 10:09:00,2024-04-28 10:09:00,2029918140000,2029918140000,1,0,365
1999,3,Spanish,2024-04-28,2024-04-28 12:09:00,2024-04-28 12:09:00,2029925340000,2029925340000,1,0,376
2000,3,Spanish,2024-04-28,2024-04-28 14:09:00,2024-04-28 14:09:00,2029932540000,2029932540000,1,0,387
2001,3,Spanish,2024-04-28,2024-04-28 16:09:00,2024-04-28 16:09:00,2029939740000,2029939740000,1,0,398
2002,3,Spanish,2024-04-28,2024-04-28 18:09:00,2024-04-28 18:09:00,2029946940000,2029946940000,1,0,409
2003,3,Spanish,2024-04-28,2024-04-28 20:09:00,2024-04-28 20:09:00,2029954140000,2029954140000,1,0,420
2004,3,Spanish,2024-04-28,2024-04-28 22:09:00,2024-05-02 01:09:00,2029961340000,2030231340000,1,1,431
2005,4,Japanese,2024-04-28,2024-04-28 00:12:00,2024-04-28 00:12:00,2029882320000,2029882320000,1,0,315
2006,4,Japanese,2024-04-28,2024-04-28 02:12:00,2024-04-28 02:12:00,2029889520000,2029889520000,1,0,326
2007,4,Japanese,2024-04-28,2024-04-28 04:12:00,2024-04-28 04:12:00,2029896720000,2029896720000,1,0,337
2008,4,Japanese,2024-04-28,2024-04-28 06:12:00,2024-04-28 06:12:00,2029903920000,2029903920000,1,0,348
2009,4,Japanese,2024-04-28,2024-04-28 08:12:00,2024-04-28 08:12:00,2029911120000,2029911120000,1,0,359
2010,4,Japanese,2024-04-28,2024-04-28 10:12:00,2024-04-28 10:12:00,2029918320000,2029918320000,1,0,370
2011,4,Japanese,2024-04-28,2024-04-28 12:12:00,2024-04-28 12:12:00,2029925520000,2029925520000,1,0,381
2012,4,Japanese,2024-04-28,2024-04-28 14:12:00,2024-04-28 14:12:00,2029932720000,2029932720000,1,0,392
2013,4,Japanese,2024-04-28,2024-04-28 16:12:00,2024-04-28 16:12:00,2029939920000,2029939920000,0,0,403
2014,4,Japanese,2024-04-28,2024-04-28 18:12:00,2024-04-28 18:12:00,2029947120000,2029947120000,1,0,414
2015,4,Japanese,2024-04-28,2024-04-28 20:12:00,2024-04-28 20:12:00,2029954320000,2029954320000,1,0,425
2016,4,Japanese,2024-04-28,2024-04-28 22:12:00,2024-04-28 22:12:00,2029961520000,2029961520000,1,0,436
2017,1,English,2024-04-29,2024-04-29 00:03:00,2024-04-29 00:03:00,2029968180000,2029968180000,1,0,307
2018,1,English,2024-04-29,2024-04-29 02:03:00,2024-04-29 02:03:00,2029975380000,2029975380000,1,0,318
2019,1,English,2024-04-29,2024-04-29 04:03:00,2024-04-29 04:03:00,2029982580000,2029982580000,1,0,329
2020,1,English,2024-04-29,2024-04-29 06:03:00,2024-04-29 06:03:00,2029989780000,2029989780000,1,0,340
2021,1,English,2024-04-29,2024-04-29 08:03:00,2024-04-29 08:03:00,2029996980000,2029996980000,1,0,351
2022,1,English,2024-04-29,2024-04-29 10:03:00,2024-04-29 10:03:00,2030004180000,2030004180000,1,0,362
2023,1,English,2024-04-29,2024-04-29 12:03:00,2024-04-29 12:03:00,2030011380000,2030011380000,1,0,373
2024,1,English,2024-04-29,2024-04-29 14:03:00,2024-04-29 14:03:00,2030018580000,2030018580000,1,0,384
2025,1,English,2024-04-29,2024-04-29 16:03:00,2024-04-29 16:03:00,2030025780000,2030025780000,1,0,395
2026,1,English,2024-04-29,2024-04-29 18:03:00,2024-04-29 18:03:00,2030032980000,2030032980000,1,0,406
2027,1,English,2024-04-29,2024-04-29 20:03:00,2024-04-29 20:03:00,2030040180000,2030040180000,1,0,417
2028,1,English,2024-04-29,2024-04-29 22:03:00,2024-04-29 22:03:00,2030047380000,2030047380000,1,0,428
2029,2,Simplified Chinese,2024-04-29,2024-04-29 00:06:00,2024-04-29 00:06:00,2029968360000,2029968360000,1,0,312
2030,2,Simplified Chinese,2024-04-29,2024-04-29 02:06:00,2024-04-29 02:06:00,2029975560000,2029975560000,1,0,323
2031,2,Simplified Chinese,2024-04-29,2024-04-29 04:06:00,2024-04-29 04:06:00,2029982760000,2029982760000,1,0,334
2032,2,Simplified Chinese,2024-04-29,2024-04-29 06:06:00,2024-04-29 06:06:00,2029989960000,2029989960000,1,0,345
2033,2,Simplified Chinese,2024-04-29,2024-04-29 08:06:00,2024-04-29 08:06:00,2029997160000,2029997160000,1,0,356
2034,2,Simplified Chinese,2024-04-29,2024-04-29 10:06:00,2024-04-29 10:06:00,2030004360000,2030004360000,1,0,367
2035,2,Simplified Chinese,2024-04-29,2024-04-29 12:06:00,2024-04-29 12:06:00,2030011560000,2030011560000,1,0,378
2036,2,Simplified Chinese,2024-04-29,2024-04-29 14:06:00,2024-04-29 14:06:00,2030018760000,2030018760000,1,0,389
2037,2,Simplified Chinese,2024-04-29,2024-04-29 16:06:00,2024-04-29 16:06:00,2030025960000,2030025960000,1,0,400
2038,2,Simplified Chinese,2024-04-29,2024-04-29 18:06:00,2024-04-29 18:06:00,2030033160000,2030033160000,1,0,411
2039,2,Simplified Chinese,2024-04-29,2024-04-29 20:06:00,2024-04-29 20:06:00,2030040360000,2030040360000,1,0,422
2040,2,Simplified Chinese,2024-04-29,2024-04-29 22:06:00,2024-04-29 22:06:00,2030047560000,2030047560000,1,0,433
2041,3,Spanish,2024-04-29,2024-04-29 00:09:00,2024-04-30 03:09:00,2029968540000,2030065740000,1,1,317
2042,3,Spanish,2024-04-29,2024-04-29 02:09:00,2024-04-29 02:09:00,2029975740000,2029975740000,1,0,328
2043,3,Spanish,2024-04-29,2024-04-29 04:09:00,2024-04-29 04:09:00,2029982940000,2029982940000,1,0,339
2044,3,Spanish,2024-04-29,2024-04-29 06:09:00,2024-04-29 06:09:00,2029990140000,2029990140000,1,0,350
2045,3,Spanish,2024-04-29,2024-04-29 08:09:00,2024-04-29 08:09:00,2029997340000,2029997340000,1,0,361
2046,3,Spanish,2024-04-29,2024-04-29 10:09:00,2024-04-29 10:09:00,2030004540000,2030004540000,1,0,372
2047,3,Spanish,2024-04-29,2024-04-29 12:09:00,2024-04-29 12:09:00,2030011740000,2030011740000,1,0,383
2048,3,Spanish,2024-04-29,2024-04-29 14:09:00,2024-04-29 14:09:00,2030018940000,2030018940000,1,0,394
2049,3,Spanish,2024-04-29,2024-04-29 16:09:00,2024-04-29 16:09:00,2030026140000,2030026140000,0,0,405
2050,3,Spanish,2024-04-29,2024-04-29 18:09:00,2024-04-29 18:09:00,2030033340000,2030033340000,1,0,416
2051,3,Spanish,2024-04-29,2024-04-29 20:09:00,2024-04-29 20:09:00,2030040540000,2030040540000,1,0,427
2052,3,Spanish,2024-04-29,2024-04-29 22:09:00,2024-04-29 22:09:00,2030047740000,2030047740000,1,0,438
2053,4,Japanese,2024-04-29,2024-04-29 00:12:00,2024-04-29 00:12:00,2029968720000,2029968720000,1,0,322
2054,4,Japanese,2024-04-29,2024-04-29 02:12:00,2024-04-29 02:12:00,2029975920000,2029975920000,0,0,333
2055,4,Japanese,2024-04-29,2024-04-29 04:12:00,2024-04-29 04:12:00,2029983120000,2029983120000,1,0,344
2056,4,Japanese,2024-04-29,2024-04-29 06:12:00,2024-04-29 06:12:00,2029990320000,2029990320000,1,0,355
2057,4,Japanese,2024-04-29,2024-04-29 08:12:00,2024-04-29 08:12:00,2029997520000,2029997520000,1,0,366
2058,4,Japanese,2024-04-29,2024-04-29 10:12:00,2024-04-29 10:12:00,2030004720000,2030004720000,1,0,377
2059,4,Japanese,2024-04-29,2024-04-29 12:12:00,2024-04-29 12:12:00,2030011920000,2030011920000,1,0,388
2060,4,Japanese,2024-04-29,2024-04-29 14:12:00,2024-04-29 14:12:00,2030019120000,2030019120000,1,0,399
2061,4,Japanese,2024-04-29,2024-04-29 16:12:00,2024-04-29 16:12:00,2030026320000,2030026320000,1,0,410
2062,4,Japanese,2024-04-29,2024-04-29 18:12:00,2024-04-29 18:12:00,2030033520000,2030033520000,1,0,421
2063,4,Japanese,2024-04-29,2024-04-29 20:12:00,2024-04-29 20:12:00,2030040720000,2030040720000,1,0,432
2064,4,Japanese,2024-04-29,2024-04-29 22:12:00,2024-04-29 22:12:00,2030047920000,2030047920000,1,0,443
2065,1,English,2024-04-30,2024-04-30 00:03:00,2024-05-01 01:03:00,2030054580000,2030144580000,1,1,314
2066,1,English,2024-04-30,2024-04-30 02:03:00,2024-04-30 02:03:00,2030061780000,2030061780000,1,0,325
2067,1,English,2024-04-30,2024-04-30 04:03:00,2024-04-30 04:03:00,2030068980000,2030068980000,0,0,336
2068,1,English,2024-04-30,2024-04-30 06:03:00,2024-04-30 06:03:00,2030076180000,2030076180000,1,0,347
2069,1,English,2024-04-30,2024-04-30 08:03:00,2024-04-30 08:03:00,2030083380000,2030083380000,1,0,358
2070,1,English,2024-04-30,2024-04-30 10:03:00,2024-04-30 10:03:00,2030090580000,2030090580000,1,0,369
2071,1,English,2024-04-30,2024-04-30 12:03:00,2024-04-30 12:03:00,2030097780000,2030097780000,1,0,380
2072,1,English,2024-04-30,2024-04-30 14:03:00,2024-04-30 14:03:00,2030104980000,2030104980000,1,0,391
2073,1,English,2024-04-30,2024-04-30 16:03:00,2024-04-30 16:03:00,2030112180000,2030112180000,1,0,402
2074,1,English,2024-04-30,2024-04-30 18:03:00,2024-04-30 18:03:00,2030119380000,2030119380000,1,0,413
2075,1,English,2024-04-30,2024-04-30 20:03:00,2024-04-30 20:03:00,2030126580000,2030126580000,1,0,424
2076,1,English,2024-04-30,2024-04-30 22:03:00,2024-04-30 22:03:00,2030133780000,2030133780000,1,0,435
2077,2,Simplified Chinese,2024-04-30,2024-04-30 00:06:00,2024-04-30 00:06:00,2030054760000,2030054760000,1,0,319
2078,2,Simplified Chinese,2024-04-30,2024-04-30 02:06:00,2024-04-30 02:06:00,2030061960000,2030061960000,1,0,330
2079,2,Simplified Chinese,2024-04-30,2024-04-30 04:06:00,2024-04-30 04:06:00,2030069160000,2030069160000,1,0,341
2080,2,Simplified Chinese,2024-04-30,2024-04-30 06:06:00,2024-05-01 08:06:00,2030076360000,2030169960000,1,1,352
2081,2,Simplified Chinese,2024-04-30,2024-04-30 08:06:00,2024-04-30 08:06:00,2030083560000,2030083560000,1,0,363
2082,2,Simplified Chinese,2024-04-30,2024-04-30 10:06:00,2024-04-30 10:06:00,2030090760000,2030090760000,1,0,374
2083,2,Simplified Chinese,2024-04-30,2024-04-30 12:06:00,2024-04-30 12:06:00,2030097960000,2030097960000,1,0,385
2084,2,Simplified Chinese,2024-04-30,2024-04-30 14:06:00,2024-04-30 14:06:00,2030105160000,2030105160000,1,0,396
2085,2,Simplified Chinese,2024-04-30,2024-04-30 16:06:00,2024-04-30 16:06:00,2030112360000,2030112360000,0,0,407
2086,2,Simplified Chinese,2024-04-30,2024-04-30 18:06:00,2024-04-30 18:06:00,2030119560000,2030119560000,1,0,418
2087,2,Simplified Chinese,2024-04-30,2024-04-30 20:06:00,2024-05-02 22:06:00,2030126760000,2030306760000,1,1,429
2088,2,Simplified Chinese,2024-04-30,2024-04-30 22:06:00,2024-04-30 22:06:00,2030133960000,2030133960000,1,0,440
2089,3,Spanish,2024-04-30,2024-04-30 00:09:00,2024-04-30 00:09:00,2030054940000,2030054940000,1,0,324
2090,3,Spanish,2024-04-30,2024-04-30 02:09:00,2024-04-30 02:09:00,2030062140000,2030062140000,0,0,335
2091,3,Spanish,2024-04-30,2024-04-30 04:09:00,2024-04-30 04:09:00,2030069340000,2030069340000,1,0,346
2092,3,Spanish,2024-04-30,2024-04-30 06:09:00,2024-04-30 06:09:00,2030076540000,2030076540000,1,0,357
2093,3,Spanish,2024-04-30,2024-04-30 08:09:00,2024-04-30 08:09:00,2030083740000,2030083740000,1,0,368
2094,3,Spanish,2024-04-30,2024-04-30 10:09:00,2024-04-30 10:09:00,2030090940000,2030090940000,1,0,379
2095,3,Spanish,2024-04-30,2024-04-30 12:09:00,2024-05-01 15:09:00,2030098140000,2030195340000,1,1,390
2096,3,Spanish,2024-04-30,2024-04-30 14:09:00,2024-04-30 14:09:00,2030105340000,2030105340000,1,0,401
2097,3,Spanish,2024-04-30,2024-04-30 16:09:00,2024-04-30 16:09:00,2030112540000,2030112540000,1,0,412
2098,3,Spanish,2024-04-30,2024-04-30 18:09:00,2024-04-30 18:09:00,2030119740000,2030119740000,1,0,423
2099,3,Spanish,2024-04-30,2024-04-30 20:09:00,2024-04-30 20:09:00,2030126940000,2030126940000,1,0,434
2100,3,Spanish,2024-04-30,2024-04-30 22:09:00,2024-04-30 22:09:00,2030134140000,2030134140000,1,0,445
2101,4,Japanese,2024-04-30,2024-04-30 00:12:00,2024-04-30 00:12:00,2030055120000,2030055120000,1,0,329
2102,4,Japanese,2024-04-30,2024-04-30 02:12:00,2024-04-30 02:12:00,2030062320000,2030062320000,1,0,340
2103,4,Japanese,2024-04-30,2024-04-30 04:12:00,2024-04-30 04:12:00,2030069520000,2030069520000,1,0,351
2104,4,Japanese,2024-04-30,2024-04-30 06:12:00,2024-04-30 06:12:00,2030076720000,2030076720000,1,0,362
2105,4,Japanese,2024-04-30,2024-04-30 08:12:00,2024-04-30 08:12:00,2030083920000,2030083920000,1,0,373
2106,4,Japanese,2024-04-30,2024-04-30 10:12:00,2024-04-30 10:12:00,2030091120000,2030091120000,1,0,384
2107,4,Japanese,2024-04-30,2024-04-30 12:12:00,2024-04-30 12:12:00,2030098320000,2030098320000,1,0,395
2108,4,Japanese,2024-04-30,2024-04-30 14:12:00,2024-04-30 14:12:00,2030105520000,2030105520000,1,0,406
2109,4,Japanese,2024-04-30,2024-04-30 16:12:00,2024-04-30 16:12:00,2030112720000,2030112720000,1,0,417
2110,4,Japanese,2024-04-30,2024-04-30 18:12:00,2024-05-01 22:12:00,2030119920000,2030220720000,1,1,428
2111,4,Japanese,2024-04-30,2024-04-30 20:12:00,2024-04-30 20:12:00,2030127120000,2030127120000,0,0,439
2112,4,Japanese,2024-04-30,2024-04-30 22:12:00,2024-04-30 22:12:00,2030134320000,2030134320000,1,0,450
2113,1,English,2024-05-01,2024-05-01 00:03:00,2024-05-01 00:03:00,2030140980000,2030140980000,1,0,321
2114,1,English,2024-05-01,2024-05-01 02:03:00,2024-05-01 02:03:00,2030148180000,2030148180000,1,0,332
2115,1,English,2024-05-01,2024-05-01 04:03:00,2024-05-01 04:03:00,2030155380000,2030155380000,1,0,343
2116,1,English,2024-05-01,2024-05-01 06:03:00,2024-05-01 06:03:00,2030162580000,2030162580000,1,0,354
2117,1,English,2024-05-01,2024-05-01 08:03:00,2024-05-01 08:03:00,2030169780000,2030169780000,1,0,365
2118,1,English,2024-05-01,2024-05-01 10:03:00,2024-05-01 10:03:00,2030176980000,2030176980000,1,0,376
2119,1,English,2024-05-01,2024-05-01 12:03:00,2024-05-01 12:03:00,2030184180000,2030184180000,1,0,387
2120,1,English,2024-05-01,2024-05-01 14:03:00,2024-05-01 14:03:00,2030191380000,2030191380000,1,0,398
2121,1,English,2024-05-01,2024-05-01 16:03:00,2024-05-01 16:03:00,2030198580000,2030198580000,1,0,409
2122,1,English,2024-05-01,2024-05-01 18:03:00,2024-05-01 18:03:00,2030205780000,2030205780000,1,0,420
2123,1,English,2024-05-01,2024-05-01 20:03:00,2024-05-01 20:03:00,2030212980000,2030212980000,1,0,431
2124,1,English,2024-05-01,2024-05-01 22:03:00,2024-05-01 22:03:00,2030220180000,2030220180000,1,0,442
2125,2,Simplified Chinese,2024-05-01,2024-05-01 00:06:00,2024-05-01 00:06:00,2030141160000,2030141160000,1,0,326
2126,2,Simplified Chinese,2024-05-01,2024-05-01 02:06:00,2024-05-01 02:06:00,2030148360000,2030148360000,1,0,337
2127,2,Simplified Chinese,2024-05-01,2024-05-01 04:06:00,2024-05-01 04:06:00,2030155560000,2030155560000,1,0,348
2128,2,Simplified Chinese,2024-05-01,2024-05-01 06:06:00,2024-05-01 06:06:00,2030162760000,2030162760000,1,0,359
2129,2,Simplified Chinese,2024-05-01,2024-05-01 08:06:00,2024-05-01 08:06:00,2030169960000,2030169960000,1,0,370
2130,2,Simplified Chinese,2024-05-01,2024-05-01 10:06:00,2024-05-01 10:06:00,2030177160000,2030177160000,1,0,381
2131,2,Simplified Chinese,2024-05-01,2024-05-01 12:06:00,2024-05-01 12:06:00,2030184360000,2030184360000,1,0,392
2132,2,Simplified Chinese,2024-05-01,2024-05-01 14:06:00,2024-05-01 14:06:00,2030191560000,2030191560000,1,0,403
2133,2,Simplified Chinese,2024-05-01,2024-05-01 16:06:00,2024-05-01 16:06:00,2030198760000,2030198760000,1,0,414
2134,2,Simplified Chinese,2024-05-01,2024-05-01 18:06:00,2024-05-01 18:06:00,2030205960000,2030205960000,1,0,425
2135,2,Simplified Chinese,2024-05-01,2024-05-01 20:06:00,2024-05-01 20:06:00,2030213160000,2030213160000,1,0,436
2136,2,Simplified Chinese,2024-05-01,2024-05-01 22:06:00,2024-05-01 22:06:00,2030220360000,2030220360000,1,0,447
2137,3,Spanish,2024-05-01,2024-05-01 00:09:00,2024-05-01 00:09:00,2030141340000,2030141340000,1,0,331
2138,3,Spanish,2024-05-01,2024-05-01 02:09:00,2024-05-01 02:09:00,2030148540000,2030148540000,1,0,342
2139,3,Spanish,2024-05-01,2024-05-01 04:09:00,2024-05-01 04:09:00,2030155740000,2030155740000,1,0,353
2140,3,Spanish,2024-05-01,2024-05-01 06:09:00,2024-05-01 06:09:00,2030162940000,2030162940000,1,0,364
2141,3,Spanish,2024-05-01,2024-05-01 08:09:00,2024-05-01 08:09:00,2030170140000,2030170140000,1,0,375
2142,3,Spanish,2024-05-01,2024-05-01 10:09:00,2024-05-01 10:09:00,2030177340000,2030177340000,1,0,386
2143,3,Spanish,2024-05-01,2024-05-01 12:09:00,2024-05-01 12:09:00,2030184540000,2030184540000,1,0,397
2144,3,Spanish,2024-05-01,2024-05-01 14:09:00,2024-05-01 14:09:00,2030191740000,2030191740000,1,0,408
2145,3,Spanish,2024-05-01,2024-05-01 16:09:00,2024-05-01 16:09:00,2030198940000,2030198940000,1,0,419
2146,3,Spanish,2024-05-01,2024-05-01 18:09:00,2024-05-01 18:09:00,2030206140000,2030206140000,1,0,430
2147,3,Spanish,2024-05-01,2024-05-01 20:09:00,2024-05-01 20:09:00,2030213340000,2030213340000,0,0,441
2148,3,Spanish,2024-05-01,2024-05-01 22:09:00,2024-05-01 22:09:00,2030220540000,2030220540000,1,0,452
2149,4,Japanese,2024-05-01,2024-05-01 00:12:00,2024-05-01 00:12:00,2030141520000,2030141520000,1,0,336
2150,4,Japanese,2024-05-01,2024-05-01 02:12:00,2024-05-01 02:12:00,2030148720000,2030148720000,1,0,347
2151,4,Japanese,2024-05-01,2024-05-01 04:12:00,2024-05-01 04:12:00,2030155920000,2030155920000,1,0,358
2152,4,Japanese,2024-05-01,2024-05-01 06:12:00,2024-05-01 06:12:00,2030163120000,2030163120000,0,0,369
2153,4,Japanese,2024-05-01,2024-05-01 08:12:00,2024-05-01 08:12:00,2030170320000,2030170320000,1,0,380
2154,4,Japanese,2024-05-01,2024-05-01 10:12:00,2024-05-01 10:12:00,2030177520000,2030177520000,1,0,391
2155,4,Japanese,2024-05-01,2024-05-01 12:12:00,2024-05-01 12:12:00,2030184720000,2030184720000,1,0,402
2156,4,Japanese,2024-05-01,2024-05-01 14:12:00,2024-05-01 14:12:00,2030191920000,2030191920000,1,0,413
2157,4,Japanese,2024-05-01,2024-05-01 16:12:00,2024-05-01 16:12:00,2030199120000,2030199120000,1,0,424
2158,4,Japanese,2024-05-01,2024-05-01 18:12:00,2024-05-01 18:12:00,2030206320000,2030206320000,1,0,435
2159,4,Japanese,2024-05-01,2024-05-01 20:12:00,2024-05-01 20:12:00,2030213520000,2030213520000,1,0,446
2160,4,Japanese,2024-05-01,2024-05-01 22:12:00,2024-05-01 22:12:00,2030220720000,2030220720000,1,0,457
2161,1,English,2024-05-02,2024-05-02 00:03:00,2024-05-02 00:03:00,2030227380000,2030227380000,1,0,328
2162,1,English,2024-05-02,2024-05-02 02:03:00,2024-05-02 02:03:00,2030234580000,2030234580000,1,0,339
2163,1,English,2024-05-02,2024-05-02 04:03:00,2024-05-02 04:03:00,2030241780000,2030241780000,1,0,350
2164,1,English,2024-05-02,2024-05-02 06:03:00,2024-05-02 06:03:00,2030248980000,2030248980000,1,0,361
2165,1,English,2024-05-02,2024-05-02 08:03:00,2024-05-02 08:03:00,2030256180000,2030256180000,0,0,372
2166,1,English,2024-05-02,2024-05-02 10:03:00,2024-05-02 10:03:00,2030263380000,2030263380000,1,0,383
2167,1,English,2024-05-02,2024-05-02 12:03:00,2024-05-02 12:03:00,2030270580000,2030270580000,1,0,394
2168,1,English,2024-05-02,2024-05-02 14:03:00,2024-05-02 14:03:00,2030277780000,2030277780000,1,0,405
2169,1,English,2024-05-02,2024-05-02 16:03:00,2024-05-02 16:03:00,2030284980000,2030284980000,1,0,416
2170,1,English,2024-05-02,2024-05-02 18:03:00,2024-05-02 18:03:00,2030292180000,2030292180000,1,0,427
2171,1,English,2024-05-02,2024-05-02 20:03:00,2024-05-02 20:03:00,2030299380000,2030299380000,1,0,438
2172,1,English,2024-05-02,2024-05-02 22:03:00,2024-05-02 22:03:00,2030306580000,2030306580000,1,0,449
2173,2,Simplified Chinese,2024-05-02,2024-05-02 00:06:00,2024-05-02 00:06:00,2030227560000,2030227560000,1,0,333
2174,2,Simplified Chinese,2024-05-02,2024-05-02 02:06:00,2024-05-02 02:06:00,2030234760000,2030234760000,1,0,344
2175,2,Simplified Chinese,2024-05-02,2024-05-02 04:06:00,2024-05-02 04:06:00,2030241960000,2030241960000,1,0,355
2176,2,Simplified Chinese,2024-05-02,2024-05-02 06:06:00,2024-05-02 06:06:00,2030249160000,2030249160000,1,0,366
2177,2,Simplified Chinese,2024-05-02,2024-05-02 08:06:00,2024-05-02 08:06:00,2030256360000,2030256360000,1,0,377
2178,2,Simplified Chinese,2024-05-02,2024-05-02 10:06:00,2024-05-05 12:06:00,2030263560000,2030529960000,1,1,388
2179,2,Simplified Chinese,2024-05-02,2024-05-02 12:06:00,2024-05-02 12:06:00,2030270760000,2030270760000,1,0,399
2180,2,Simplified Chinese,2024-05-02,2024-05-02 14:06:00,2024-05-02 14:06:00,2030277960000,2030277960000,1,0,410
2181,2,Simplified Chinese,2024-05-02,2024-05-02 16:06:00,2024-05-02 16:06:00,2030285160000,2030285160000,1,0,421
2182,2,Simplified Chinese,2024-05-02,2024-05-02 18:06:00,2024-05-02 18:06:00,2030292360000,2030292360000,1,0,432
2183,2,Simplified Chinese,2024-05-02,2024-05-02 20:06:00,2024-05-02 20:06:00,2030299560000,2030299560000,0,0,443
2184,2,Simplified Chinese,2024-05-02,2024-05-02 22:06:00,2024-05-02 22:06:00,2030306760000,2030306760000,1,0,454
2185,3,Spanish,2024-05-02,2024-05-02 00:09:00,2024-05-02 00:09:00,2030227740000,2030227740000,1,0,338
2186,3,Spanish,2024-05-02,2024-05-02 02:09:00,2024-05-04 05:09:00,2030234940000,2030418540000,1,1,349
2187,3,Spanish,2024-05-02,2024-05-02 04:09:00,2024-05-02 04:09:00,2030242140000,2030242140000,1,0,360
2188,3,Spanish,2024-05-02,2024-05-02 06:09:00,2024-05-02 06:09:00,2030249340000,2030249340000,0,0,371
2189,3,Spanish,2024-05-02,2024-05-02 08:09:00,2024-05-02 08:09:00,2030256540000,2030256540000,1,0,382
2190,3,Spanish,2024-05-02,2024-05-02 10:09:00,2024-05-02 10:09:00,2030263740000,2030263740000,1,0,393
2191,3,Spanish,2024-05-02,2024-05-02 12:09:00,2024-05-02 12:09:00,2030270940000,2030270940000,1,0,404
2192,3,Spanish,2024-05-02,2024-05-02 14:09:00,2024-05-02 14:09:00,2030278140000,2030278140000,1,0,415
2193,3,Spanish,2024-05-02,2024-05-02 16:09:00,2024-05-02 16:09:00,2030285340000,2030285340000,1,0,426
2194,3,Spanish,2024-05-02,2024-05-02 18:09:00,2024-05-02 18:09:00,2030292540000,2030292540000,1,0,437
2195,3,Spanish,2024-05-02,2024-05-02 20:09:00,2024-05-02 20:09:00,2030299740000,2030299740000,1,0,448
2196,3,Spanish,2024-05-02,2024-05-02 22:09:00,2024-05-02 22:09:00,2030306940000,2030306940000,1,0,459
2197,4,Japanese,2024-05-02,2024-05-02 00:12:00,2024-05-02 00:12:00,2030227920000,2030227920000,1,0,343
2198,4,Japanese,2024-05-02,2024-05-02 02:12:00,2024-05-02 02:12:00,2030235120000,2030235120000,1,0,354
2199,4,Japanese,2024-05-02,2024-05-02 04:12:00,2024-05-02 04:12:00,2030242320000,2030242320000,1,0,365
2200,4,Japanese,2024-05-02,2024-05-02 06:12:00,2024-05-02 06:12:00,2030249520000,2030249520000,1,0,376
2201,4,Japanese,2024-05-02,2024-05-02 08:12:00,2024-05-04 12:12:00,2030256720000,2030443920000,1,1,387
2202,4,Japanese,2024-05-02,2024-05-02 10:12:00,2024-05-02 10:12:00,2030263920000,2030263920000,1,0,398
2203,4,Japanese,2024-05-02,2024-05-02 12:12:00,2024-05-02 12:12:00,2030271120000,2030271120000,1,0,409
2204,4,Japanese,2024-05-02,2024-05-02 14:12:00,2024-05-02 14:12:00,2030278320000,2030278320000,1,0,420
2205,4,Japanese,2024-05-02,2024-05-02 16:12:00,2024-05-02 16:12:00,2030285520000,2030285520000,1,0,431
2206,4,Japanese,2024-05-02,2024-05-02 18:12:00,2024-05-02 18:12:00,2030292720000,2030292720000,1,0,442
2207,4,Japanese,2024-05-02,2024-05-02 20:12:00,2024-05-02 20:12:00,2030299920000,2030299920000,1,0,453
2208,4,Japanese,2024-05-02,2024-05-02 22:12:00,2024-05-02 22:12:00,2030307120000,2030307120000,1,0,464
2209,1,English,2024-05-03,2024-05-03 00:03:00,2024-05-03 00:03:00,2030313780000,2030313780000,1,0,335
2210,1,English,2024-05-03,2024-05-03 02:03:00,2024-05-05 03:03:00,2030320980000,2030497380000,1,1,346
2211,1,English,2024-05-03,2024-05-03 04:03:00,2024-05-03 04:03:00,2030328180000,2030328180000,1,0,357
2212,1,English,2024-05-03,2024-05-03 06:03:00,2024-05-03 06:03:00,2030335380000,2030335380000,1,0,368
2213,1,English,2024-05-03,2024-05-03 08:03:00,2024-05-03 08:03:00,2030342580000,2030342580000,1,0,379
2214,1,English,2024-05-03,2024-05-03 10:03:00,2024-05-03 10:03:00,2030349780000,2030349780000,1,0,390
2215,1,English,2024-05-03,2024-05-03 12:03:00,2024-05-03 12:03:00,2030356980000,2030356980000,1,0,401
2216,1,English,2024-05-03,2024-05-03 14:03:00,2024-05-03 14:03:00,2030364180000,2030364180000,1,0,412
2217,1,English,2024-05-03,2024-05-03 16:03:00,2024-05-06 17:03:00,2030371380000,2030634180000,1,1,423
2218,1,English,2024-05-03,2024-05-03 18:03:00,2024-05-03 18:03:00,2030378580000,2030378580000,1,0,434
2219,1,English,2024-05-03,2024-05-03 20:03:00,2024-05-03 20:03:00,2030385780000,2030385780000,1,0,445
2220,1,English,2024-05-03,2024-05-03 22:03:00,2024-05-03 22:03:00,2030392980000,2030392980000,1,0,456
2221,2,Simplified Chinese,2024-05-03,2024-05-03 00:06:00,2024-05-03 00:06:00,2030313960000,2030313960000,1,0,340
2222,2,Simplified Chinese,2024-05-03,2024-05-03 02:06:00,2024-05-03 02:06:00,2030321160000,2030321160000,1,0,351
2223,2,Simplified Chinese,2024-05-03,2024-05-03 04:06:00,2024-05-03 04:06:00,2030328360000,2030328360000,1,0,362
2224,2,Simplified Chinese,2024-05-03,2024-05-03 06:06:00,2024-05-03 06:06:00,2030335560000,2030335560000,1,0,373
2225,2,Simplified Chinese,2024-05-03,2024-05-03 08:06:00,2024-05-05 10:06:00,2030342760000,2030522760000,1,1,384
2226,2,Simplified Chinese,2024-05-03,2024-05-03 10:06:00,2024-05-03 10:06:00,2030349960000,2030349960000,1,0,395
2227,2,Simplified Chinese,2024-05-03,2024-05-03 12:06:00,2024-05-03 12:06:00,2030357160000,2030357160000,1,0,406
2228,2,Simplified Chinese,2024-05-03,2024-05-03 14:06:00,2024-05-03 14:06:00,2030364360000,2030364360000,1,0,417
2229,2,Simplified Chinese,2024-05-03,2024-05-03 16:06:00,2024-05-03 16:06:00,2030371560000,2030371560000,1,0,428
2230,2,Simplified Chinese,2024-05-03,2024-05-03 18:06:00,2024-05-03 18:06:00,2030378760000,2030378760000,1,0,439
2231,2,Simplified Chinese,2024-05-03,2024-05-03 20:06:00,2024-05-03 20:06:00,2030385960000,2030385960000,1,0,450
2232,2,Simplified Chinese,2024-05-03,2024-05-03 22:06:00,2024-05-07 00:06:00,2030393160000,2030659560000,1,1,461
2233,3,Spanish,2024-05-03,2024-05-03 00:09:00,2024-05-03 00:09:00,2030314140000,2030314140000,1,0,345
2234,3,Spanish,2024-05-03,2024-05-03 02:09:00,2024-05-03 02:09:00,2030321340000,2030321340000,1,0,356
2235,3,Spanish,2024-05-03,2024-05-03 04:09:00,2024-05-03 04:09:00,2030328540000,2030328540000,1,0,367
2236,3,Spanish,2024-05-03,2024-05-03 06:09:00,2024-05-03 06:09:00,2030335740000,2030335740000,1,0,378
2237,3,Spanish,2024-05-03,2024-05-03 08:09:00,2024-05-03 08:09:00,2030342940000,2030342940000,1,0,389
2238,3,Spanish,2024-05-03,2024-05-03 10:09:00,2024-05-03 10:09:00,2030350140000,2030350140000,1,0,400
2239,3,Spanish,2024-05-03,2024-05-03 12:09:00,2024-05-03 12:09:00,2030357340000,2030357340000,1,0,411
2240,3,Spanish,2024-05-03,2024-05-03 14:09:00,2024-05-05 17:09:00,2030364540000,2030548140000,1,1,422
2241,3,Spanish,2024-05-03,2024-05-03 16:09:00,2024-05-03 16:09:00,2030371740000,2030371740000,1,0,433
2242,3,Spanish,2024-05-03,2024-05-03 18:09:00,2024-05-03 18:09:00,2030378940000,2030378940000,1,0,444
2243,3,Spanish,2024-05-03,2024-05-03 20:09:00,2024-05-03 20:09:00,2030386140000,2030386140000,1,0,455
2244,3,Spanish,2024-05-03,2024-05-03 22:09:00,2024-05-03 22:09:00,2030393340000,2030393340000,1,0,466
2245,4,Japanese,2024-05-03,2024-05-03 00:12:00,2024-05-03 00:12:00,2030314320000,2030314320000,1,0,350
2246,4,Japanese,2024-05-03,2024-05-03 02:12:00,2024-05-03 02:12:00,2030321520000,2030321520000,1,0,361
2247,4,Japanese,2024-05-03,2024-05-03 04:12:00,2024-05-03 04:12:00,2030328720000,2030328720000,1,0,372
2248,4,Japanese,2024-05-03,2024-05-03 06:12:00,2024-05-03 06:12:00,2030335920000,2030335920000,1,0,383
2249,4,Japanese,2024-05-03,2024-05-03 08:12:00,2024-05-03 08:12:00,2030343120000,2030343120000,1,0,394
2250,4,Japanese,2024-05-03,2024-05-03 10:12:00,2024-05-03 10:12:00,2030350320000,2030350320000,0,0,405
2251,4,Japanese,2024-05-03,2024-05-03 12:12:00,2024-05-03 12:12:00,2030357520000,2030357520000,1,0,416
2252,4,Japanese,2024-05-03,2024-05-03 14:12:00,2024-05-03 14:12:00,2030364720000,2030364720000,1,0,427
2253,4,Japanese,2024-05-03,2024-05-03 16:12:00,2024-05-03 16:12:00,2030371920000,2030371920000,1,0,438
2254,4,Japanese,2024-05-03,2024-05-03 18:12:00,2024-05-03 18:12:00,2030379120000,2030379120000,1,0,449
2255,4,Japanese,2024-05-03,2024-05-03 20:12:00,2024-05-06 00:12:00,2030386320000,2030573520000,1,1,460
2256,4,Japanese,2024-05-03,2024-05-03 22:12:00,2024-05-03 22:12:00,2030393520000,2030393520000,1,0,471
2257,1,English,2024-05-04,2024-05-04 00:03:00,2024-05-04 00:03:00,2030400180000,2030400180000,1,0,342
2258,1,English,2024-05-04,2024-05-04 02:03:00,2024-05-04 02:03:00,2030407380000,2030407380000,1,0,353
2259,1,English,2024-05-04,2024-05-04 04:03:00,2024-05-04 04:03:00,2030414580000,2030414580000,1,0,364
2260,1,English,2024-05-04,2024-05-04 06:03:00,2024-05-04 06:03:00,2030421780000,2030421780000,1,0,375
2261,1,English,2024-05-04,2024-05-04 08:03:00,2024-05-04 08:03:00,2030428980000,2030428980000,1,0,386
2262,1,English,2024-05-04,2024-05-04 10:03:00,2024-05-04 10:03:00,2030436180000,2030436180000,1,0,397
2263,1,English,2024-05-04,2024-05-04 12:03:00,2024-05-04 12:03:00,2030443380000,2030443380000,0,0,408
2264,1,English,2024-05-04,2024-05-04 14:03:00,2024-05-04 14:03:00,2030450580000,2030450580000,1,0,419
2265,1,English,2024-05-04,2024-05-04 16:03:00,2024-05-04 16:03:00,2030457780000,2030457780000,1,0,430
2266,1,English,2024-05-04,2024-05-04 18:03:00,2024-05-04 18:03:00,2030464980000,2030464980000,1,0,441
2267,1,English,2024-05-04,2024-05-04 20:03:00,2024-05-04 20:03:00,2030472180000,2030472180000,1,0,452
2268,1,English,2024-05-04,2024-05-04 22:03:00,2024-05-04 22:03:00,2030479380000,2030479380000,1,0,463
2269,2,Simplified Chinese,2024-05-04,2024-05-04 00:06:00,2024-05-05 02:06:00,2030400360000,2030493960000,1,1,347
2270,2,Simplified Chinese,2024-05-04,2024-05-04 02:06:00,2024-05-04 02:06:00,2030407560000,2030407560000,1,0,358
2271,2,Simplified Chinese,2024-05-04,2024-05-04 04:06:00,2024-05-04 04:06:00,2030414760000,2030414760000,1,0,369
2272,2,Simplified Chinese,2024-05-04,2024-05-04 06:06:00,2024-05-04 06:06:00,2030421960000,2030421960000,1,0,380
2273,2,Simplified Chinese,2024-05-04,2024-05-04 08:06:00,2024-05-04 08:06:00,2030429160000,2030429160000,1,0,391
2274,2,Simplified Chinese,2024-05-04,2024-05-04 10:06:00,2024-05-04 10:06:00,2030436360000,2030436360000,1,0,402
2275,2,Simplified Chinese,2024-05-04,2024-05-04 12:06:00,2024-05-04 12:06:00,2030443560000,2030443560000,1,0,413
2276,2,Simplified Chinese,2024-05-04,2024-05-04 14:06:00,2024-05-04 14:06:00,2030450760000,2030450760000,1,0,424
2277,2,Simplified Chinese,2024-05-04,2024-05-04 16:06:00,2024-05-04 16:06:00,2030457960000,2030457960000,1,0,435
2278,2,Simplified Chinese,2024-05-04,2024-05-04 18:06:00,2024-05-04 18:06:00,2030465160000,2030465160000,1,0,446
2279,2,Simplified Chinese,2024-05-04,2024-05-04 20:06:00,2024-05-04 20:06:00,2030472360000,2030472360000,1,0,457
2280,2,Simplified Chinese,2024-05-04,2024-05-04 22:06:00,2024-05-04 22:06:00,2030479560000,2030479560000,1,0,468
2281,3,Spanish,2024-05-04,2024-05-04 00:09:00,2024-05-04 00:09:00,2030400540000,2030400540000,1,0,352
2282,3,Spanish,2024-05-04,2024-05-04 02:09:00,2024-05-04 02:09:00,2030407740000,2030407740000,1,0,363
2283,3,Spanish,2024-05-04,2024-05-04 04:09:00,2024-05-04 04:09:00,2030414940000,2030414940000,1,0,374
2284,3,Spanish,2024-05-04,2024-05-04 06:09:00,2024-05-04 06:09:00,2030422140000,2030422140000,1,0,385
2285,3,Spanish,2024-05-04,2024-05-04 08:09:00,2024-05-04 08:09:00,2030429340000,2030429340000,1,0,396
2286,3,Spanish,2024-05-04,2024-05-04 10:09:00,2024-05-04 10:09:00,2030436540000,2030436540000,0,0,407
2287,3,Spanish,2024-05-04,2024-05-04 12:09:00,2024-05-04 12:09:00,2030443740000,2030443740000,1,0,418
2288,3,Spanish,2024-05-04,2024-05-04 14:09:00,2024-05-04 14:09:00,2030450940000,2030450940000,1,0,429
2289,3,Spanish,2024-05-04,2024-05-04 16:09:00,2024-05-04 16:09:00,2030458140000,2030458140000,1,0,440
2290,3,Spanish,2024-05-04,2024-05-04 18:09:00,2024-05-04 18:09:00,2030465340000,2030465340000,1,0,451
2291,3,Spanish,2024-05-04,2024-05-04 20:09:00,2024-05-04 20:09:00,2030472540000,2030472540000,1,0,462
2292,3,Spanish,2024-05-04,2024-05-04 22:09:00,2024-05-04 22:09:00,2030479740000,2030479740000,1,0,473
2293,4,Japanese,2024-05-04,2024-05-04 00:12:00,2024-05-04 00:12:00,2030400720000,2030400720000,1,0,357
2294,4,Japanese,2024-05-04,2024-05-04 02:12:00,2024-05-04 02:12:00,2030407920000,2030407920000,1,0,368
2295,4,Japanese,2024-05-04,2024-05-04 04:12:00,2024-05-04 04:12:00,2030415120000,2030415120000,1,0,379
2296,4,Japanese,2024-05-04,2024-05-04 06:12:00,2024-05-04 06:12:00,2030422320000,2030422320000,1,0,390
2297,4,Japanese,2024-05-04,2024-05-04 08:12:00,2024-05-04 08:12:00,2030429520000,2030429520000,1,0,401
2298,4,Japanese,2024-05-04,2024-05-04 10:12:00,2024-05-04 10:12:00,2030436720000,2030436720000,1,0,412
2299,4,Japanese,2024-05-04,2024-05-04 12:12:00,2024-05-04 12:12:00,2030443920000,2030443920000,1,0,423
2300,4,Japanese,2024-05-04,2024-05-04 14:12:00,2024-05-04 14:12:00,2030451120000,2030451120000,1,0,434
2301,4,Japanese,2024-05-04,2024-05-04 16:12:00,2024-05-04 16:12:00,2030458320000,2030458320000,1,0,445
2302,4,Japanese,2024-05-04,2024-05-04 18:12:00,2024-05-04 18:12:00,2030465520000,2030465520000,1,0,456
2303,4,Japanese,2024-05-04,2024-05-04 20:12:00,2024-05-04 20:12:00,2030472720000,2030472720000,1,0,467
2304,4,Japanese,2024-05-04,2024-05-04 22:12:00,2024-05-04 22:12:00,2030479920000,2030479920000,1,0,478
2305,1,English,2024-05-05,2024-05-05 00:03:00,2024-05-05 00:03:00,2030486580000,2030486580000,1,0,349
2306,1,English,2024-05-05,2024-05-05 02:03:00,2024-05-05 02:03:00,2030493780000,2030493780000,1,0,360
2307,1,English,2024-05-05,2024-05-05 04:03:00,2024-05-05 04:03:00,2030500980000,2030500980000,1,0,371
2308,1,English,2024-05-05,2024-05-05 06:03:00,2024-05-06 07:03:00,2030508180000,2030598180000,1,1,382
2309,1,English,2024-05-05,2024-05-05 08:03:00,2024-05-05 08:03:00,2030515380000,2030515380000,1,0,393
2310,1,English,2024-05-05,2024-05-05 10:03:00,2024-05-05 10:03:00,2030522580000,2030522580000,1,0,404
2311,1,English,2024-05-05,2024-05-05 12:03:00,2024-05-05 12:03:00,2030529780000,2030529780000,1,0,415
2312,1,English,2024-05-05,2024-05-05 14:03:00,2024-05-05 14:03:00,2030536980000,2030536980000,1,0,426
2313,1,English,2024-05-05,2024-05-05 16:03:00,2024-05-05 16:03:00,2030544180000,2030544180000,1,0,437
2314,1,English,2024-05-05,2024-05-05 18:03:00,2024-05-05 18:03:00,2030551380000,2030551380000,1,0,448
2315,1,English,2024-05-05,2024-05-05 20:03:00,2024-05-05 20:03:00,2030558580000,2030558580000,1,0,459
2316,1,English,2024-05-05,2024-05-05 22:03:00,2024-05-05 22:03:00,2030565780000,2030565780000,1,0,470
2317,2,Simplified Chinese,2024-05-05,2024-05-05 00:06:00,2024-05-05 00:06:00,2030486760000,2030486760000,1,0,354
2318,2,Simplified Chinese,2024-05-05,2024-05-05 02:06:00,2024-05-05 02:06:00,2030493960000,2030493960000,1,0,365
2319,2,Simplified Chinese,2024-05-05,2024-05-05 04:06:00,2024-05-05 04:06:00,2030501160000,2030501160000,1,0,376
2320,2,Simplified Chinese,2024-05-05,2024-05-05 06:06:00,2024-05-05 06:06:00,2030508360000,2030508360000,1,0,387
2321,2,Simplified Chinese,2024-05-05,2024-05-05 08:06:00,2024-05-05 08:06:00,2030515560000,2030515560000,1,0,398
2322,2,Simplified Chinese,2024-05-05,2024-05-05 10:06:00,2024-05-05 10:06:00,2030522760000,2030522760000,1,0,409
2323,2,Simplified Chinese,2024-05-05,2024-05-05 12:06:00,2024-05-06 14:06:00,2030529960000,2030623560000,1,1,420
2324,2,Simplified Chinese,2024-05-05,2024-05-05 14:06:00,2024-05-05 14:06:00,2030537160000,2030537160000,1,0,431
2325,2,Simplified Chinese,2024-05-05,2024-05-05 16:06:00,2024-05-05 16:06:00,2030544360000,2030544360000,1,0,442
2326,2,Simplified Chinese,2024-05-05,2024-05-05 18:06:00,2024-05-05 18:06:00,2030551560000,2030551560000,1,0,453
2327,2,Simplified Chinese,2024-05-05,2024-05-05 20:06:00,2024-05-05 20:06:00,2030558760000,2030558760000,1,0,464
2328,2,Simplified Chinese,2024-05-05,2024-05-05 22:06:00,2024-05-05 22:06:00,2030565960000,2030565960000,1,0,475
2329,3,Spanish,2024-05-05,2024-05-05 00:09:00,2024-05-05 00:09:00,2030486940000,2030486940000,1,0,359
2330,3,Spanish,2024-05-05,2024-05-05 02:09:00,2024-05-05 02:09:00,2030494140000,2030494140000,1,0,370
2331,3,Spanish,2024-05-05,2024-05-05 04:09:00,2024-05-08 07:09:00,2030501340000,2030771340000,1,1,381
2332,3,Spanish,2024-05-05,2024-05-05 06:09:00,2024-05-05 06:09:00,2030508540000,2030508540000,1,0,392
2333,3,Spanish,2024-05-05,2024-05-05 08:09:00,2024-05-05 08:09:00,2030515740000,2030515740000,1,0,403
2334,3,Spanish,2024-05-05,2024-05-05 10:09:00,2024-05-05 10:09:00,2030522940000,2030522940000,1,0,414
2335,3,Spanish,2024-05-05,2024-05-05 12:09:00,2024-05-05 12:09:00,2030530140000,2030530140000,1,0,425
2336,3,Spanish,2024-05-05,2024-05-05 14:09:00,2024-05-05 14:09:00,2030537340000,2030537340000,1,0,436
2337,3,Spanish,2024-05-05,2024-05-05 16:09:00,2024-05-05 16:09:00,2030544540000,2030544540000,1,0,447
2338,3,Spanish,2024-05-05,2024-05-05 18:09:00,2024-05-06 21:09:00,2030551740000,2030648940000,1,1,458
2339,3,Spanish,2024-05-05,2024-05-05 20:09:00,2024-05-05 20:09:00,2030558940000,2030558940000,1,0,469
2340,3,Spanish,2024-05-05,2024-05-05 22:09:00,2024-05-05 22:09:00,2030566140000,2030566140000,1,0,480
2341,4,Japanese,2024-05-05,2024-05-05 00:12:00,2024-05-05 00:12:00,2030487120000,2030487120000,1,0,364
2342,4,Japanese,2024-05-05,2024-05-05 02:12:00,2024-05-05 02:12:00,2030494320000,2030494320000,1,0,375
2343,4,Japanese,2024-05-05,2024-05-05 04:12:00,2024-05-05 04:12:00,2030501520000,2030501520000,1,0,386
2344,4,Japanese,2024-05-05,2024-05-05 06:12:00,2024-05-05 06:12:00,2030508720000,2030508720000,1,0,397
2345,4,Japanese,2024-05-05,2024-05-05 08:12:00,2024-05-05 08:12:00,2030515920000,2030515920000,1,0,408
2346,4,Japanese,2024-05-05,2024-05-05 10:12:00,2024-05-08 14:12:00,2030523120000,2030796720000,1,1,419
2347,4,Japanese,2024-05-05,2024-05-05 12:12:00,2024-05-05 12:12:00,2030530320000,2030530320000,1,0,430
2348,4,Japanese,2024-05-05,2024-05-05 14:12:00,2024-05-05 14:12:00,2030537520000,2030537520000,0,0,441
2349,4,Japanese,2024-05-05,2024-05-05 16:12:00,2024-05-05 16:12:00,2030544720000,2030544720000,1,0,452
2350,4,Japanese,2024-05-05,2024-05-05 18:12:00,2024-05-05 18:12:00,2030551920000,2030551920000,1,0,463
2351,4,Japanese,2024-05-05,2024-05-05 20:12:00,2024-05-05 20:12:00,2030559120000,2030559120000,1,0,474
2352,4,Japanese,2024-05-05,2024-05-05 22:12:00,2024-05-05 22:12:00,2030566320000,2030566320000,1,0,485
2353,1,English,2024-05-06,2024-05-06 00:03:00,2024-05-06 00:03:00,2030572980000,2030572980000,1,0,356
2354,1,English,2024-05-06,2024-05-06 02:03:00,2024-05-06 02:03:00,2030580180000,2030580180000,1,0,367
2355,1,English,2024-05-06,2024-05-06 04:03:00,2024-05-06 04:03:00,2030587380000,2030587380000,1,0,378
2356,1,English,2024-05-06,2024-05-06 06:03:00,2024-05-06 06:03:00,2030594580000,2030594580000,1,0,389
2357,1,English,2024-05-06,2024-05-06 08:03:00,2024-05-06 08:03:00,2030601780000,2030601780000,1,0,400
2358,1,English,2024-05-06,2024-05-06 10:03:00,2024-05-06 10:03:00,2030608980000,2030608980000,1,0,411
2359,1,English,2024-05-06,2024-05-06 12:03:00,2024-05-06 12:03:00,2030616180000,2030616180000,1,0,422
2360,1,English,2024-05-06,2024-05-06 14:03:00,2024-05-06 14:03:00,2030623380000,2030623380000,1,0,433
2361,1,English,2024-05-06,2024-05-06 16:03:00,2024-05-06 16:03:00,2030630580000,2030630580000,0,0,444
2362,1,English,2024-05-06,2024-05-06 18:03:00,2024-05-07 19:03:00,2030637780000,2030727780000,1,1,455
2363,1,English,2024-05-06,2024-05-06 20:03:00,2024-05-06 20:03:00,2030644980000,2030644980000,1,0,466
2364,1,English,2024-05-06,2024-05-06 22:03:00,2024-05-06 22:03:00,2030652180000,2030652180000,1,0,477
2365,2,Simplified Chinese,2024-05-06,2024-05-06 00:06:00,2024-05-06 00:06:00,2030573160000,2030573160000,1,0,361
2366,2,Simplified Chinese,2024-05-06,2024-05-06 02:06:00,2024-05-06 02:06:00,2030580360000,2030580360000,0,0,372
2367,2,Simplified Chinese,2024-05-06,2024-05-06 04:06:00,2024-05-06 04:06:00,2030587560000,2030587560000,1,0,383
2368,2,Simplified Chinese,2024-05-06,2024-05-06 06:06:00,2024-05-06 06:06:00,2030594760000,2030594760000,1,0,394
2369,2,Simplified Chinese,2024-05-06,2024-05-06 08:06:00,2024-05-06 08:06:00,2030601960000,2030601960000,1,0,405
2370,2,Simplified Chinese,2024-05-06,2024-05-06 10:06:00,2024-05-06 10:06:00,2030609160000,2030609160000,1,0,416
2371,2,Simplified Chinese,2024-05-06,2024-05-06 12:06:00,2024-05-06 12:06:00,2030616360000,2030616360000,1,0,427
2372,2,Simplified Chinese,2024-05-06,2024-05-06 14:06:00,2024-05-06 14:06:00,2030623560000,2030623560000,1,0,438
2373,2,Simplified Chinese,2024-05-06,2024-05-06 16:06:00,2024-05-06 16:06:00,2030630760000,2030630760000,1,0,449
2374,2,Simplified Chinese,2024-05-06,2024-05-06 18:06:00,2024-05-06 18:06:00,2030637960000,2030637960000,1,0,460
2375,2,Simplified Chinese,2024-05-06,2024-05-06 20:06:00,2024-05-06 20:06:00,2030645160000,2030645160000,1,0,471
2376,2,Simplified Chinese,2024-05-06,2024-05-06 22:06:00,2024-05-06 22:06:00,2030652360000,2030652360000,1,0,482
2377,3,Spanish,2024-05-06,2024-05-06 00:09:00,2024-05-06 00:09:00,2030573340000,2030573340000,1,0,366
2378,3,Spanish,2024-05-06,2024-05-06 02:09:00,2024-05-06 02:09:00,2030580540000,2030580540000,1,0,377
2379,3,Spanish,2024-05-06,2024-05-06 04:09:00,2024-05-06 04:09:00,2030587740000,2030587740000,1,0,388
2380,3,Spanish,2024-05-06,2024-05-06 06:09:00,2024-05-06 06:09:00,2030594940000,2030594940000,1,0,399
2381,3,Spanish,2024-05-06,2024-05-06 08:09:00,2024-05-06 08:09:00,2030602140000,2030602140000,1,0,410
2382,3,Spanish,2024-05-06,2024-05-06 10:09:00,2024-05-06 10:09:00,2030609340000,2030609340000,1,0,421
2383,3,Spanish,2024-05-06,2024-05-06 12:09:00,2024-05-06 12:09:00,2030616540000,2030616540000,1,0,432
2384,3,Spanish,2024-05-06,2024-05-06 14:09:00,2024-05-06 14:09:00,2030623740000,2030623740000,0,0,443
2385,3,Spanish,2024-05-06,2024-05-06 16:09:00,2024-05-06 16:09:00,2030630940000,2030630940000,1,0,454
2386,3,Spanish,2024-05-06,2024-05-06 18:09:00,2024-05-06 18:09:00,2030638140000,2030638140000,1,0,465
2387,3,Spanish,2024-05-06,2024-05-06 20:09:00,2024-05-06 20:09:00,2030645340000,2030645340000,1,0,476
2388,3,Spanish,2024-05-06,2024-05-06 22:09:00,2024-05-06 22:09:00,2030652540000,2030652540000,1,0,487
2389,4,Japanese,2024-05-06,2024-05-06 00:12:00,2024-05-06 00:12:00,2030573520000,2030573520000,0,0,371
2390,4,Japanese,2024-05-06,2024-05-06 02:12:00,2024-05-06 02:12:00,2030580720000,2030580720000,1,0,382
2391,4,Japanese,2024-05-06,2024-05-06 04:12:00,2024-05-06 04:12:00,2030587920000,2030587920000,1,0,393
2392,4,Japanese,2024-05-06,2024-05-06 06:12:00,2024-05-06 06:12:00,2030595120000,2030595120000,1,0,404
2393,4,Japanese,2024-05-06,2024-05-06 08:12:00,2024-05-06 08:12:00,2030602320000,2030602320000,1,0,415
2394,4,Japanese,2024-05-06,2024-05-06 10:12:00,2024-05-06 10:12:00,2030609520000,2030609520000,1,0,426
2395,4,Japanese,2024-05-06,2024-05-06 12:12:00,2024-05-06 12:12:00,2030616720000,2030616720000,1,0,437
2396,4,Japanese,2024-05-06,2024-05-06 14:12:00,2024-05-06 14:12:00,2030623920000,2030623920000,1,0,448
2397,4,Japanese,2024-05-06,2024-05-06 16:12:00,2024-05-06 16:12:00,2030631120000,2030631120000,1,0,459
2398,4,Japanese,2024-05-06,2024-05-06 18:12:00,2024-05-06 18:12:00,2030638320000,2030638320000,1,0,470
2399,4,Japanese,2024-05-06,2024-05-06 20:12:00,2024-05-06 20:12:00,2030645520000,2030645520000,1,0,481
2400,4,Japanese,2024-05-06,2024-05-06 22:12:00,2024-05-06 22:12:00,2030652720000,2030652720000,1,0,492
2401,1,English,2024-05-07,2024-05-07 00:03:00,2024-05-07 00:03:00,2030659380000,2030659380000,1,0,363
2402,1,English,2024-05-07,2024-05-07 02:03:00,2024-05-07 02:03:00,2030666580000,2030666580000,0,0,374
2403,1,English,2024-05-07,2024-05-07 04:03:00,2024-05-07 04:03:00,2030673780000,2030673780000,1,0,385
2404,1,English,2024-05-07,2024-05-07 06:03:00,2024-05-07 06:03:00,2030680980000,2030680980000,1,0,396
2405,1,English,2024-05-07,2024-05-07 08:03:00,2024-05-07 08:03:00,2030688180000,2030688180000,1,0,407
2406,1,English,2024-05-07,2024-05-07 10:03:00,2024-05-07 10:03:00,2030695380000,2030695380000,1,0,418
2407,1,English,2024-05-07,2024-05-07 12:03:00,2024-05-07 12:03:00,2030702580000,2030702580000,1,0,429
2408,1,English,2024-05-07,2024-05-07 14:03:00,2024-05-07 14:03:00,2030709780000,2030709780000,1,0,440
2409,1,English,2024-05-07,2024-05-07 16:03:00,2024-05-07 16:03:00,2030716980000,2030716980000,1,0,451
2410,1,English,2024-05-07,2024-05-07 18:03:00,2024-05-07 18:03:00,2030724180000,2030724180000,1,0,462
2411,1,English,2024-05-07,2024-05-07 20:03:00,2024-05-07 20:03:00,2030731380000,2030731380000,1,0,473
2412,1,English,2024-05-07,2024-05-07 22:03:00,2024-05-07 22:03:00,2030738580000,2030738580000,1,0,484
2413,2,Simplified Chinese,2024-05-07,2024-05-07 00:06:00,2024-05-07 00:06:00,2030659560000,2030659560000,1,0,368
2414,2,Simplified Chinese,2024-05-07,2024-05-07 02:06:00,2024-05-09 04:06:00,2030666760000,2030846760000,1,1,379
2415,2,Simplified Chinese,2024-05-07,2024-05-07 04:06:00,2024-05-07 04:06:00,2030673960000,2030673960000,1,0,390
2416,2,Simplified Chinese,2024-05-07,2024-05-07 06:06:00,2024-05-07 06:06:00,2030681160000,2030681160000,1,0,401
2417,2,Simplified Chinese,2024-05-07,2024-05-07 08:06:00,2024-05-07 08:06:00,2030688360000,2030688360000,1,0,412
2418,2,Simplified Chinese,2024-05-07,2024-05-07 10:06:00,2024-05-07 10:06:00,2030695560000,2030695560000,1,0,423
2419,2,Simplified Chinese,2024-05-07,2024-05-07 12:06:00,2024-05-07 12:06:00,2030702760000,2030702760000,1,0,434
2420,2,Simplified Chinese,2024-05-07,2024-05-07 14:06:00,2024-05-07 14:06:00,2030709960000,2030709960000,1,0,445
2421,2,Simplified Chinese,2024-05-07,2024-05-07 16:06:00,2024-05-07 16:06:00,2030717160000,2030717160000,1,0,456
2422,2,Simplified Chinese,2024-05-07,2024-05-07 18:06:00,2024-05-07 18:06:00,2030724360000,2030724360000,1,0,467
2423,2,Simplified Chinese,2024-05-07,2024-05-07 20:06:00,2024-05-07 20:06:00,2030731560000,2030731560000,1,0,478
2424,2,Simplified Chinese,2024-05-07,2024-05-07 22:06:00,2024-05-07 22:06:00,2030738760000,2030738760000,1,0,489
2425,3,Spanish,2024-05-07,2024-05-07 00:09:00,2024-05-07 00:09:00,2030659740000,2030659740000,1,0,373
2426,3,Spanish,2024-05-07,2024-05-07 02:09:00,2024-05-07 02:09:00,2030666940000,2030666940000,1,0,384
2427,3,Spanish,2024-05-07,2024-05-07 04:09:00,2024-05-07 04:09:00,2030674140000,2030674140000,1,0,395
2428,3,Spanish,2024-05-07,2024-05-07 06:09:00,2024-05-07 06:09:00,2030681340000,2030681340000,1,0,406
2429,3,Spanish,2024-05-07,2024-05-07 08:09:00,2024-05-09 11:09:00,2030688540000,2030872140000,1,1,417
2430,3,Spanish,2024-05-07,2024-05-07 10:09:00,2024-05-07 10:09:00,2030695740000,2030695740000,1,0,428
2431,3,Spanish,2024-05-07,2024-05-07 12:09:00,2024-05-07 12:09:00,2030702940000,2030702940000,1,0,439
2432,3,Spanish,2024-05-07,2024-05-07 14:09:00,2024-05-07 14:09:00,2030710140000,2030710140000,1,0,450
2433,3,Spanish,2024-05-07,2024-05-07 16:09:00,2024-05-07 16:09:00,2030717340000,2030717340000,1,0,461
2434,3,Spanish,2024-05-07,2024-05-07 18:09:00,2024-05-07 18:09:00,2030724540000,2030724540000,1,0,472
2435,3,Spanish,2024-05-07,2024-05-07 20:09:00,2024-05-07 20:09:00,2030731740000,2030731740000,1,0,483
2436,3,Spanish,2024-05-07,2024-05-07 22:09:00,2024-05-07 22:09:00,2030738940000,2030738940000,1,0,494
2437,4,Japanese,2024-05-07,2024-05-07 00:12:00,2024-05-08 04:12:00,2030659920000,2030760720000,1,1,378
2438,4,Japanese,2024-05-07,2024-05-07 02:12:00,2024-05-07 02:12:00,2030667120000,2030667120000,1,0,389
2439,4,Japanese,2024-05-07,2024-05-07 04:12:00,2024-05-07 04:12:00,2030674320000,2030674320000,1,0,400
2440,4,Japanese,2024-05-07,2024-05-07 06:12:00,2024-05-07 06:12:00,2030681520000,2030681520000,1,0,411
2441,4,Japanese,2024-05-07,2024-05-07 08:12:00,2024-05-07 08:12:00,2030688720000,2030688720000,1,0,422
2442,4,Japanese,2024-05-07,2024-05-07 10:12:00,2024-05-07 10:12:00,2030695920000,2030695920000,1,0,433
2443,4,Japanese,2024-05-07,2024-05-07 12:12:00,2024-05-07 12:12:00,2030703120000,2030703120000,1,0,444
2444,4,Japanese,2024-05-07,2024-05-07 14:12:00,2024-05-07 14:12:00,2030710320000,2030710320000,1,0,455
2445,4,Japanese,2024-05-07,2024-05-07 16:12:00,2024-05-07 16:12:00,2030717520000,2030717520000,1,0,466
2446,4,Japanese,2024-05-07,2024-05-07 18:12:00,2024-05-07 18:12:00,2030724720000,2030724720000,0,0,477
2447,4,Japanese,2024-05-07,2024-05-07 20:12:00,2024-05-07 20:12:00,2030731920000,2030731920000,1,0,488
2448,4,Japanese,2024-05-07,2024-05-07 22:12:00,2024-05-07 22:12:00,2030739120000,2030739120000,1,0,499
2449,1,English,2024-05-08,2024-05-08 00:03:00,2024-05-08 00:03:00,2030745780000,2030745780000,1,0,370
2450,1,English,2024-05-08,2024-05-08 02:03:00,2024-05-08 02:03:00,2030752980000,2030752980000,1,0,381
2451,1,English,2024-05-08,2024-05-08 04:03:00,2024-05-08 04:03:00,2030760180000,2030760180000,1,0,392
2452,1,English,2024-05-08,2024-05-08 06:03:00,2024-05-08 06:03:00,2030767380000,2030767380000,1,0,403
2453,1,English,2024-05-08,2024-05-08 08:03:00,2024-05-10 09:03:00,2030774580000,2030950980000,1,1,414
2454,1,English,2024-05-08,2024-05-08 10:03:00,2024-05-08 10:03:00,2030781780000,2030781780000,1,0,425
2455,1,English,2024-05-08,2024-05-08 12:03:00,2024-05-08 12:03:00,2030788980000,2030788980000,1,0,436
2456,1,English,2024-05-08,2024-05-08 14:03:00,2024-05-08 14:03:00,2030796180000,2030796180000,1,0,447
2457,1,English,2024-05-08,2024-05-08 16:03:00,2024-05-08 16:03:00,2030803380000,2030803380000,1,0,458
2458,1,English,2024-05-08,2024-05-08 18:03:00,2024-05-08 18:03:00,2030810580000,2030810580000,1,0,469
2459,1,English,2024-05-08,2024-05-08 20:03:00,2024-05-08 20:03:00,2030817780000,2030817780000,0,0,480
2460,1,English,2024-05-08,2024-05-08 22:03:00,2024-05-08 22:03:00,2030824980000,2030824980000,1,0,491
2461,2,Simplified Chinese,2024-05-08,2024-05-08 00:06:00,2024-05-08 00:06:00,2030745960000,2030745960000,1,0,375
2462,2,Simplified Chinese,2024-05-08,2024-05-08 02:06:00,2024-05-08 02:06:00,2030753160000,2030753160000,1,0,386
2463,2,Simplified Chinese,2024-05-08,2024-05-08 04:06:00,2024-05-08 04:06:00,2030760360000,2030760360000,1,0,397
2464,2,Simplified Chinese,2024-05-08,2024-05-08 06:06:00,2024-05-08 06:06:00,2030767560000,2030767560000,0,0,408
2465,2,Simplified Chinese,2024-05-08,2024-05-08 08:06:00,2024-05-08 08:06:00,2030774760000,2030774760000,1,0,419
2466,2,Simplified Chinese,2024-05-08,2024-05-08 10:06:00,2024-05-08 10:06:00,2030781960000,2030781960000,1,0,430
2467,2,Simplified Chinese,2024-05-08,2024-05-08 12:06:00,2024-05-08 12:06:00,2030789160000,2030789160000,1,0,441
2468,2,Simplified Chinese,2024-05-08,2024-05-08 14:06:00,2024-05-10 16:06:00,2030796360000,2030976360000,1,1,452
2469,2,Simplified Chinese,2024-05-08,2024-05-08 16:06:00,2024-05-08 16:06:00,2030803560000,2030803560000,1,0,463
2470,2,Simplified Chinese,2024-05-08,2024-05-08 18:06:00,2024-05-08 18:06:00,2030810760000,2030810760000,1,0,474
2471,2,Simplified Chinese,2024-05-08,2024-05-08 20:06:00,2024-05-08 20:06:00,2030817960000,2030817960000,1,0,485
2472,2,Simplified Chinese,2024-05-08,2024-05-08 22:06:00,2024-05-08 22:06:00,2030825160000,2030825160000,1,0,496
2473,3,Spanish,2024-05-08,2024-05-08 00:09:00,2024-05-08 00:09:00,2030746140000,2030746140000,1,0,380
2474,3,Spanish,2024-05-08,2024-05-08 02:09:00,2024-05-08 02:09:00,2030753340000,2030753340000,1,0,391
2475,3,Spanish,2024-05-08,2024-05-08 04:09:00,2024-05-08 04:09:00,2030760540000,2030760540000,1,0,402
2476,3,Spanish,2024-05-08,2024-05-08 06:09:00,2024-05-08 06:09:00,2030767740000,2030767740000,1,0,413
2477,3,Spanish,2024-05-08,2024-05-08 08:09:00,2024-05-08 08:09:00,2030774940000,2030774940000,1,0,424
2478,3,Spanish,2024-05-08,2024-05-08 10:09:00,2024-05-08 10:09:00,2030782140000,2030782140000,1,0,435
2479,3,Spanish,2024-05-08,2024-05-08 12:09:00,2024-05-08 12:09:00,2030789340000,2030789340000,1,0,446
2480,3,Spanish,2024-05-08,2024-05-08 14:09:00,2024-05-08 14:09:00,2030796540000,2030796540000,1,0,457
2481,3,Spanish,2024-05-08,2024-05-08 16:09:00,2024-05-08 16:09:00,2030803740000,2030803740000,1,0,468
2482,3,Spanish,2024-05-08,2024-05-08 18:09:00,2024-05-08 18:09:00,2030810940000,2030810940000,0,0,479
2483,3,Spanish,2024-05-08,2024-05-08 20:09:00,2024-05-10 23:09:00,2030818140000,2031001740000,1,1,490
2484,3,Spanish,2024-05-08,2024-05-08 22:09:00,2024-05-08 22:09:00,2030825340000,2030825340000,1,0,501
2485,4,Japanese,2024-05-08,2024-05-08 00:12:00,2024-05-08 00:12:00,2030746320000,2030746320000,1,0,385
2486,4,Japanese,2024-05-08,2024-05-08 02:12:00,2024-05-08 02:12:00,2030753520000,2030753520000,1,0,396
2487,4,Japanese,2024-05-08,2024-05-08 04:12:00,2024-05-08 04:12:00,2030760720000,2030760720000,0,0,407
2488,4,Japanese,2024-05-08,2024-05-08 06:12:00,2024-05-08 06:12:00,2030767920000,2030767920000,1,0,418
2489,4,Japanese,2024-05-08,2024-05-08 08:12:00,2024-05-08 08:12:00,2030775120000,2030775120000,1,0,429
2490,4,Japanese,2024-05-08,2024-05-08 10:12:00,2024-05-08 10:12:00,2030782320000,2030782320000,1,0,440
2491,4,Japanese,2024-05-08,2024-05-08 12:12:00,2024-05-08 12:12:00,2030789520000,2030789520000,1,0,451
2492,4,Japanese,2024-05-08,2024-05-08 14:12:00,2024-05-08 14:12:00,2030796720000,2030796720000,1,0,462
2493,4,Japanese,2024-05-08,2024-05-08 16:12:00,2024-05-08 16:12:00,2030803920000,2030803920000,1,0,473
2494,4,Japanese,2024-05-08,2024-05-08 18:12:00,2024-05-08 18:12:00,2030811120000,2030811120000,1,0,484
2495,4,Japanese,2024-05-08,2024-05-08 20:12:00,2024-05-08 20:12:00,2030818320000,2030818320000,1,0,495
2496,4,Japanese,2024-05-08,2024-05-08 22:12:00,2024-05-08 22:12:00,2030825520000,2030825520000,1,0,506
2497,1,English,2024-05-09,2024-05-09 00:03:00,2024-05-09 00:03:00,2030832180000,2030832180000,1,0,377
2498,1,English,2024-05-09,2024-05-09 02:03:00,2024-05-09 02:03:00,2030839380000,2030839380000,1,0,388
2499,1,English,2024-05-09,2024-05-09 04:03:00,2024-05-09 04:03:00,2030846580000,2030846580000,1,0,399
2500,1,English,2024-05-09,2024-05-09 06:03:00,2024-05-09 06:03:00,2030853780000,2030853780000,0,0,410
2501,1,English,2024-05-09,2024-05-09 08:03:00,2024-05-09 08:03:00,2030860980000,2030860980000,1,0,421
2502,1,English,2024-05-09,2024-05-09 10:03:00,2024-05-09 10:03:00,2030868180000,2030868180000,1,0,432
2503,1,English,2024-05-09,2024-05-09 12:03:00,2024-05-09 12:03:00,2030875380000,2030875380000,1,0,443
2504,1,English,2024-05-09,2024-05-09 14:03:00,2024-05-09 14:03:00,2030882580000,2030882580000,1,0,454
2505,1,English,2024-05-09,2024-05-09 16:03:00,2024-05-09 16:03:00,2030889780000,2030889780000,1,0,465
2506,1,English,2024-05-09,2024-05-09 18:03:00,2024-05-09 18:03:00,2030896980000,2030896980000,1,0,476
2507,1,English,2024-05-09,2024-05-09 20:03:00,2024-05-09 20:03:00,2030904180000,2030904180000,1,0,487
2508,1,English,2024-05-09,2024-05-09 22:03:00,2024-05-09 22:03:00,2030911380000,2030911380000,1,0,498
2509,2,Simplified Chinese,2024-05-09,2024-05-09 00:06:00,2024-05-09 00:06:00,2030832360000,2030832360000,1,0,382
2510,2,Simplified Chinese,2024-05-09,2024-05-09 02:06:00,2024-05-09 02:06:00,2030839560000,2030839560000,1,0,393
2511,2,Simplified Chinese,2024-05-09,2024-05-09 04:06:00,2024-05-09 04:06:00,2030846760000,2030846760000,1,0,404
2512,2,Simplified Chinese,2024-05-09,2024-05-09 06:06:00,2024-05-09 06:06:00,2030853960000,2030853960000,1,0,415
2513,2,Simplified Chinese,2024-05-09,2024-05-09 08:06:00,2024-05-09 08:06:00,2030861160000,2030861160000,1,0,426
2514,2,Simplified Chinese,2024-05-09,2024-05-09 10:06:00,2024-05-09 10:06:00,2030868360000,2030868360000,1,0,437
2515,2,Simplified Chinese,2024-05-09,2024-05-09 12:06:00,2024-05-09 12:06:00,2030875560000,2030875560000,1,0,448
2516,2,Simplified Chinese,2024-05-09,2024-05-09 14:06:00,2024-05-09 14:06:00,2030882760000,2030882760000,1,0,459
2517,2,Simplified Chinese,2024-05-09,2024-05-09 16:06:00,2024-05-09 16:06:00,2030889960000,2030889960000,1,0,470
2518,2,Simplified Chinese,2024-05-09,2024-05-09 18:06:00,2024-05-09 18:06:00,2030897160000,2030897160000,1,0,481
2519,2,Simplified Chinese,2024-05-09,2024-05-09 20:06:00,2024-05-09 20:06:00,2030904360000,2030904360000,1,0,492
2520,2,Simplified Chinese,2024-05-09,2024-05-09 22:06:00,2024-05-09 22:06:00,2030911560000,2030911560000,1,0,503
2521,3,Spanish,2024-05-09,2024-05-09 00:09:00,2024-05-09 00:09:00,2030832540000,2030832540000,1,0,387
2522,3,Spanish,2024-05-09,2024-05-09 02:09:00,2024-05-09 02:09:00,2030839740000,2030839740000,1,0,398
2523,3,Spanish,2024-05-09,2024-05-09 04:09:00,2024-05-09 04:09:00,2030846940000,2030846940000,1,0,409
2524,3,Spanish,2024-05-09,2024-05-09 06:09:00,2024-05-09 06:09:00,2030854140000,2030854140000,1,0,420
2525,3,Spanish,2024-05-09,2024-05-09 08:09:00,2024-05-09 08:09:00,2030861340000,2030861340000,1,0,431
2526,3,Spanish,2024-05-09,2024-05-09 10:09:00,2024-05-09 10:09:00,2030868540000,2030868540000,1,0,442
2527,3,Spanish,2024-05-09,2024-05-09 12:09:00,2024-05-09 12:09:00,2030875740000,2030875740000,1,0,453
2528,3,Spanish,2024-05-09,2024-05-09 14:09:00,2024-05-09 14:09:00,2030882940000,2030882940000,1,0,464
2529,3,Spanish,2024-05-09,2024-05-09 16:09:00,2024-05-09 16:09:00,2030890140000,2030890140000,1,0,475
2530,3,Spanish,2024-05-09,2024-05-09 18:09:00,2024-05-09 18:09:00,2030897340000,2030897340000,1,0,486
2531,3,Spanish,2024-05-09,2024-05-09 20:09:00,2024-05-09 20:09:00,2030904540000,2030904540000,1,0,497
2532,3,Spanish,2024-05-09,2024-05-09 22:09:00,2024-05-09 22:09:00,2030911740000,2030911740000,1,0,8
2533,4,Japanese,2024-05-09,2024-05-09 00:12:00,2024-05-09 00:12:00,2030832720000,2030832720000,1,0,392
2534,4,Japanese,2024-05-09,2024-05-09 02:12:00,2024-05-09 02:12:00,2030839920000,2030839920000,1,0,403
2535,4,Japanese,2024-05-09,2024-05-09 04:12:00,2024-05-09 04:12:00,2030847120000,2030847120000,1,0,414
2536,4,Japanese,2024-05-09,2024-05-09 06:12:00,2024-05-09 06:12:00,2030854320000,2030854320000,1,0,425
2537,4,Japanese,2024-05-09,2024-05-09 08:12:00,2024-05-09 08:12:00,2030861520000,2030861520000,1,0,436
2538,4,Japanese,2024-05-09,2024-05-09 10:12:00,2024-05-09 10:12:00,2030868720000,2030868720000,1,0,447
2539,4,Japanese,2024-05-09,2024-05-09 12:12:00,2024-05-09 12:12:00,2030875920000,2030875920000,1,0,458
2540,4,Japanese,2024-05-09,2024-05-09 14:12:00,2024-05-09 14:12:00,2030883120000,2030883120000,1,0,469
2541,4,Japanese,2024-05-09,2024-05-09 16:12:00,2024-05-09 16:12:00,2030890320000,2030890320000,1,0,480
2542,4,Japanese,2024-05-09,2024-05-09 18:12:00,2024-05-09 18:12:00,2030897520000,2030897520000,1,0,491
2543,4,Japanese,2024-05-09,2024-05-09 20:12:00,2024-05-09 20:12:00,2030904720000,2030904720000,1,0,502
2544,4,Japanese,2024-05-09,2024-05-09 22:12:00,2024-05-09 22:12:00,2030911920000,2030911920000,0,0,13
2545,1,English,2024-05-10,2024-05-10 00:03:00,2024-05-10 00:03:00,2030918580000,2030918580000,1,0,384
2546,1,English,2024-05-10,2024-05-10 02:03:00,2024-05-10 02:03:00,2030925780000,2030925780000,1,0,395
2547,1,English,2024-05-10,2024-05-10 04:03:00,2024-05-10 04:03:00,2030932980000,2030932980000,1,0,406
2548,1,English,2024-05-10,2024-05-10 06:03:00,2024-05-10 06:03:00,2030940180000,2030940180000,1,0,417
2549,1,English,2024-05-10,2024-05-10 08:03:00,2024-05-10 08:03:00,2030947380000,2030947380000,1,0,428
2550,1,English,2024-05-10,2024-05-10 10:03:00,2024-05-10 10:03:00,2030954580000,2030954580000,1,0,439
2551,1,English,2024-05-10,2024-05-10 12:03:00,2024-05-10 12:03:00,2030961780000,2030961780000,1,0,450
2552,1,English,2024-05-10,2024-05-10 14:03:00,2024-05-10 14:03:00,2030968980000,2030968980000,1,0,461
2553,1,English,2024-05-10,2024-05-10 16:03:00,2024-05-10 16:03:00,2030976180000,2030976180000,1,0,472
2554,1,English,2024-05-10,2024-05-10 18:03:00,2024-05-10 18:03:00,2030983380000,2030983380000,1,0,483
2555,1,English,2024-05-10,2024-05-10 20:03:00,2024-05-10 20:03:00,2030990580000,2030990580000,1,0,494
2556,1,English,2024-05-10,2024-05-10 22:03:00,2024-05-10 22:03:00,2030997780000,2030997780000,1,0,505
2557,2,Simplified Chinese,2024-05-10,2024-05-10 00:06:00,2024-05-10 00:06:00,2030918760000,2030918760000,1,0,389
2558,2,Simplified Chinese,2024-05-10,2024-05-10 02:06:00,2024-05-10 02:06:00,2030925960000,2030925960000,1,0,400
2559,2,Simplified Chinese,2024-05-10,2024-05-10 04:06:00,2024-05-13 06:06:00,2030933160000,2031199560000,1,1,411
2560,2,Simplified Chinese,2024-05-10,2024-05-10 06:06:00,2024-05-10 06:06:00,2030940360000,2030940360000,1,0,422
2561,2,Simplified Chinese,2024-05-10,2024-05-10 08:06:00,2024-05-10 08:06:00,2030947560000,2030947560000,1,0,433
2562,2,Simplified Chinese,2024-05-10,2024-05-10 10:06:00,2024-05-10 10:06:00,2030954760000,2030954760000,0,0,444
2563,2,Simplified Chinese,2024-05-10,2024-05-10 12:06:00,2024-05-10 12:06:00,2030961960000,2030961960000,1,0,455
2564,2,Simplified Chinese,2024-05-10,2024-05-10 14:06:00,2024-05-10 14:06:00,2030969160000,2030969160000,1,0,466
2565,2,Simplified Chinese,2024-05-10,2024-05-10 16:06:00,2024-05-10 16:06:00,2030976360000,2030976360000,1,0,477
2566,2,Simplified Chinese,2024-05-10,2024-05-10 18:06:00,2024-05-11 20:06:00,2030983560000,2031077160000,1,1,488
2567,2,Simplified Chinese,2024-05-10,2024-05-10 20:06:00,2024-05-10 20:06:00,2030990760000,2030990760000,1,0,499
2568,2,Simplified Chinese,2024-05-10,2024-05-10 22:06:00,2024-05-10 22:06:00,2030997960000,2030997960000,1,0,10
2569,3,Spanish,2024-05-10,2024-05-10 00:09:00,2024-05-10 00:09:00,2030918940000,2030918940000,1,0,394
2570,3,Spanish,2024-05-10,2024-05-10 02:09:00,2024-05-10 02:09:00,2030926140000,2030926140000,1,0,405
2571,3,Spanish,2024-05-10,2024-05-10 04:09:00,2024-05-10 04:09:00,2030933340000,2030933340000,1,0,416
2572,3,Spanish,2024-05-10,2024-05-10 06:09:00,2024-05-10 06:09:00,2030940540000,2030940540000,1,0,427
2573,3,Spanish,2024-05-10,2024-05-10 08:09:00,2024-05-10 08:09:00,2030947740000,2030947740000,1,0,438
2574,3,Spanish,2024-05-10,2024-05-10 10:09:00,2024-05-13 13:09:00,2030954940000,2031224940000,1,1,449
2575,3,Spanish,2024-05-10,2024-05-10 12:09:00,2024-05-10 12:09:00,2030962140000,2030962140000,1,0,460
2576,3,Spanish,2024-05-10,2024-05-10 14:09:00,2024-05-10 14:09:00,2030969340000,2030969340000,1,0,471
2577,3,Spanish,2024-05-10,2024-05-10 16:09:00,2024-05-10 16:09:00,2030976540000,2030976540000,1,0,482
2578,3,Spanish,2024-05-10,2024-05-10 18:09:00,2024-05-10 18:09:00,2030983740000,2030983740000,1,0,493
2579,3,Spanish,2024-05-10,2024-05-10 20:09:00,2024-05-10 20:09:00,2030990940000,2030990940000,1,0,504
2580,3,Spanish,2024-05-10,2024-05-10 22:09:00,2024-05-10 22:09:00,2030998140000,2030998140000,0,0,15
2581,4,Japanese,2024-05-10,2024-05-10 00:12:00,2024-05-10 00:12:00,2030919120000,2030919120000,1,0,399
2582,4,Japanese,2024-05-10,2024-05-10 02:12:00,2024-05-12 06:12:00,2030926320000,2031113520000,1,1,410
2583,4,Japanese,2024-05-10,2024-05-10 04:12:00,2024-05-10 04:12:00,2030933520000,2030933520000,1,0,421
2584,4,Japanese,2024-05-10,2024-05-10 06:12:00,2024-05-10 06:12:00,2030940720000,2030940720000,1,0,432
2585,4,Japanese,2024-05-10,2024-05-10 08:12:00,2024-05-10 08:12:00,2030947920000,2030947920000,0,0,443
2586,4,Japanese,2024-05-10,2024-05-10 10:12:00,2024-05-10 10:12:00,2030955120000,2030955120000,1,0,454
2587,4,Japanese,2024-05-10,2024-05-10 12:12:00,2024-05-10 12:12:00,2030962320000,2030962320000,1,0,465
2588,4,Japanese,2024-05-10,2024-05-10 14:12:00,2024-05-10 14:12:00,2030969520000,2030969520000,1,0,476
2589,4,Japanese,2024-05-10,2024-05-10 16:12:00,2024-05-13 20:12:00,2030976720000,2031250320000,1,1,487
2590,4,Japanese,2024-05-10,2024-05-10 18:12:00,2024-05-10 18:12:00,2030983920000,2030983920000,1,0,498
2591,4,Japanese,2024-05-10,2024-05-10 20:12:00,2024-05-10 20:12:00,2030991120000,2030991120000,1,0,9
2592,4,Japanese,2024-05-10,2024-05-10 22:12:00,2024-05-10 22:12:00,2030998320000,2030998320000,1,0,20
2593,1,English,2024-05-11,2024-05-11 00:03:00,2024-05-11 00:03:00,2031004980000,2031004980000,1,0,391
2594,1,English,2024-05-11,2024-05-11 02:03:00,2024-05-11 02:03:00,2031012180000,2031012180000,1,0,402
2595,1,English,2024-05-11,2024-05-11 04:03:00,2024-05-11 04:03:00,2031019380000,2031019380000,1,0,413
2596,1,English,2024-05-11,2024-05-11 06:03:00,2024-05-11 06:03:00,2031026580000,2031026580000,1,0,424
2597,1,English,2024-05-11,2024-05-11 08:03:00,2024-05-11 08:03:00,2031033780000,2031033780000,1,0,435
2598,1,English,2024-05-11,2024-05-11 10:03:00,2024-05-14 11:03:00,2031040980000,2031303780000,0,1,446
2599,1,English,2024-05-11,2024-05-11 12:03:00,2024-05-11 12:03:00,2031048180000,2031048180000,1,0,457
2600,1,English,2024-05-11,2024-05-11 14:03:00,2024-05-11 14:03:00,2031055380000,2031055380000,1,0,468
2601,1,English,2024-05-11,2024-05-11 16:03:00,2024-05-11 16:03:00,2031062580000,2031062580000,1,0,479
2602,1,English,2024-05-11,2024-05-11 18:03:00,2024-05-11 18:03:00,2031069780000,2031069780000,1,0,490
2603,1,English,2024-05-11,2024-05-11 20:03:00,2024-05-11 20:03:00,2031076980000,2031076980000,1,0,501
2604,1,English,2024-05-11,2024-05-11 22:03:00,2024-05-11 22:03:00,2031084180000,2031084180000,1,0,12
2605,2,Simplified Chinese,2024-05-11,2024-05-11 00:06:00,2024-05-11 00:06:00,2031005160000,2031005160000,1,0,396
2606,2,Simplified Chinese,2024-05-11,2024-05-11 02:06:00,2024-05-11 02:06:00,2031012360000,2031012360000,1,0,407
2607,2,Simplified Chinese,2024-05-11,2024-05-11 04:06:00,2024-05-11 04:06:00,2031019560000,2031019560000,1,0,418
2608,2,Simplified Chinese,2024-05-11,2024-05-11 06:06:00,2024-05-11 06:06:00,2031026760000,2031026760000,1,0,429
2609,2,Simplified Chinese,2024-05-11,2024-05-11 08:06:00,2024-05-11 08:06:00,2031033960000,2031033960000,1,0,440
2610,2,Simplified Chinese,2024-05-11,2024-05-11 10:06:00,2024-05-11 10:06:00,2031041160000,2031041160000,1,0,451
2611,2,Simplified Chinese,2024-05-11,2024-05-11 12:06:00,2024-05-11 12:06:00,2031048360000,2031048360000,1,0,462
2612,2,Simplified Chinese,2024-05-11,2024-05-11 14:06:00,2024-05-11 14:06:00,2031055560000,2031055560000,1,0,473
2613,2,Simplified Chinese,2024-05-11,2024-05-11 16:06:00,2024-05-14 18:06:00,2031062760000,2031329160000,1,1,484
2614,2,Simplified Chinese,2024-05-11,2024-05-11 18:06:00,2024-05-11 18:06:00,2031069960000,2031069960000,1,0,495
2615,2,Simplified Chinese,2024-05-11,2024-05-11 20:06:00,2024-05-11 20:06:00,2031077160000,2031077160000,1,0,506
2616,2,Simplified Chinese,2024-05-11,2024-05-11 22:06:00,2024-05-11 22:06:00,2031084360000,2031084360000,1,0,17
2617,3,Spanish,2024-05-11,2024-05-11 00:09:00,2024-05-11 00:09:00,2031005340000,2031005340000,1,0,401
2618,3,Spanish,2024-05-11,2024-05-11 02:09:00,2024-05-11 02:09:00,2031012540000,2031012540000,1,0,412
2619,3,Spanish,2024-05-11,2024-05-11 04:09:00,2024-05-11 04:09:00,2031019740000,2031019740000,1,0,423
2620,3,Spanish,2024-05-11,2024-05-11 06:09:00,2024-05-11 06:09:00,2031026940000,2031026940000,1,0,434
2621,3,Spanish,2024-05-11,2024-05-11 08:09:00,2024-05-11 08:09:00,2031034140000,2031034140000,1,0,445
2622,3,Spanish,2024-05-11,2024-05-11 10:09:00,2024-05-11 10:09:00,2031041340000,2031041340000,1,0,456
2623,3,Spanish,2024-05-11,2024-05-11 12:09:00,2024-05-11 12:09:00,2031048540000,2031048540000,1,0,467
2624,3,Spanish,2024-05-11,2024-05-11 14:09:00,2024-05-11 14:09:00,2031055740000,2031055740000,1,0,478
2625,3,Spanish,2024-05-11,2024-05-11 16:09:00,2024-05-11 16:09:00,2031062940000,2031062940000,1,0,489
2626,3,Spanish,2024-05-11,2024-05-11 18:09:00,2024-05-11 18:09:00,2031070140000,2031070140000,1,0,500
2627,3,Spanish,2024-05-11,2024-05-11 20:09:00,2024-05-11 20:09:00,2031077340000,2031077340000,1,0,11
2628,3,Spanish,2024-05-11,2024-05-11 22:09:00,2024-05-15 01:09:00,2031084540000,2031354540000,1,1,22
2629,4,Japanese,2024-05-11,2024-05-11 00:12:00,2024-05-11 00:12:00,2031005520000,2031005520000,0,0,406
2630,4,Japanese,2024-05-11,2024-05-11 02:12:00,2024-05-11 02:12:00,2031012720000,2031012720000,1,0,417
2631,4,Japanese,2024-05-11,2024-05-11 04:12:00,2024-05-11 04:12:00,2031019920000,2031019920000,1,0,428
2632,4,Japanese,2024-05-11,2024-05-11 06:12:00,2024-05-11 06:12:00,2031027120000,2031027120000,1,0,439
2633,4,Japanese,2024-05-11,2024-05-11 08:12:00,2024-05-11 08:12:00,2031034320000,2031034320000,1,0,450
2634,4,Japanese,2024-05-11,2024-05-11 10:12:00,2024-05-11 10:12:00,2031041520000,2031041520000,1,0,461
2635,4,Japanese,2024-05-11,2024-05-11 12:12:00,2024-05-11 12:12:00,2031048720000,2031048720000,1,0,472
2636,4,Japanese,2024-05-11,2024-05-11 14:12:00,2024-05-11 14:12:00,2031055920000,2031055920000,1,0,483
2637,4,Japanese,2024-05-11,2024-05-11 16:12:00,2024-05-11 16:12:00,2031063120000,2031063120000,1,0,494
2638,4,Japanese,2024-05-11,2024-05-11 18:12:00,2024-05-11 18:12:00,2031070320000,2031070320000,1,0,505
2639,4,Japanese,2024-05-11,2024-05-11 20:12:00,2024-05-11 20:12:00,2031077520000,2031077520000,1,0,16
2640,4,Japanese,2024-05-11,2024-05-11 22:12:00,2024-05-11 22:12:00,2031084720000,2031084720000,1,0,27
2641,1,English,2024-05-12,2024-05-12 00:03:00,2024-05-12 00:03:00,2031091380000,2031091380000,1,0,398
2642,1,English,2024-05-12,2024-05-12 02:03:00,2024-05-12 02:03:00,2031098580000,2031098580000,1,0,409
2643,1,English,2024-05-12,2024-05-12 04:03:00,2024-05-12 04:03:00,2031105780000,2031105780000,1,0,420
2644,1,English,2024-05-12,2024-05-12 06:03:00,2024-05-12 06:03:00,2031112980000,2031112980000,1,0,431
2645,1,English,2024-05-12,2024-05-12 08:03:00,2024-05-12 08:03:00,2031120180000,2031120180000,1,0,442
2646,1,English,2024-05-12,2024-05-12 10:03:00,2024-05-12 10:03:00,2031127380000,2031127380000,1,0,453
2647,1,English,2024-05-12,2024-05-12 12:03:00,2024-05-12 12:03:00,2031134580000,2031134580000,1,0,464
2648,1,English,2024-05-12,2024-05-12 14:03:00,2024-05-12 14:03:00,2031141780000,2031141780000,1,0,475
2649,1,English,2024-05-12,2024-05-12 16:03:00,2024-05-12 16:03:00,2031148980000,2031148980000,1,0,486
2650,1,English,2024-05-12,2024-05-12 18:03:00,2024-05-12 18:03:00,2031156180000,2031156180000,1,0,497
2651,1,English,2024-05-12,2024-05-12 20:03:00,2024-05-12 20:03:00,2031163380000,2031163380000,1,0,8
2652,1,English,2024-05-12,2024-05-12 22:03:00,2024-05-12 22:03:00,2031170580000,2031170580000,1,0,19
2653,2,Simplified Chinese,2024-05-12,2024-05-12 00:06:00,2024-05-12 00:06:00,2031091560000,2031091560000,1,0,403
2654,2,Simplified Chinese,2024-05-12,2024-05-12 02:06:00,2024-05-12 02:06:00,2031098760000,2031098760000,1,0,414
2655,2,Simplified Chinese,2024-05-12,2024-05-12 04:06:00,2024-05-12 04:06:00,2031105960000,2031105960000,1,0,425
2656,2,Simplified Chinese,2024-05-12,2024-05-12 06:06:00,2024-05-12 06:06:00,2031113160000,2031113160000,1,0,436
2657,2,Simplified Chinese,2024-05-12,2024-05-12 08:06:00,2024-05-14 10:06:00,2031120360000,2031300360000,1,1,447
2658,2,Simplified Chinese,2024-05-12,2024-05-12 10:06:00,2024-05-12 10:06:00,2031127560000,2031127560000,1,0,458
2659,2,Simplified Chinese,2024-05-12,2024-05-12 12:06:00,2024-05-12 12:06:00,2031134760000,2031134760000,1,0,469
2660,2,Simplified Chinese,2024-05-12,2024-05-12 14:06:00,2024-05-12 14:06:00,2031141960000,2031141960000,0,0,480
2661,2,Simplified Chinese,2024-05-12,2024-05-12 16:06:00,2024-05-12 16:06:00,2031149160000,2031149160000,1,0,491
2662,2,Simplified Chinese,2024-05-12,2024-05-12 18:06:00,2024-05-12 18:06:00,2031156360000,2031156360000,1,0,502
2663,2,Simplified Chinese,2024-05-12,2024-05-12 20:06:00,2024-05-12 20:06:00,2031163560000,2031163560000,1,0,13
2664,2,Simplified Chinese,2024-05-12,2024-05-12 22:06:00,2024-05-12 22:06:00,2031170760000,2031170760000,1,0,24
2665,3,Spanish,2024-05-12,2024-05-12 00:09:00,2024-05-13 03:09:00,2031091740000,2031188940000,0,1,408
2666,3,Spanish,2024-05-12,2024-05-12 02:09:00,2024-05-12 02:09:00,2031098940000,2031098940000,1,0,419
2667,3,Spanish,2024-05-12,2024-05-12 04:09:00,2024-05-12 04:09:00,2031106140000,2031106140000,1,0,430
2668,3,Spanish,2024-05-12,2024-05-12 06:09:00,2024-05-12 06:09:00,2031113340000,2031113340000,1,0,441
2669,3,Spanish,2024-05-12,2024-05-12 08:09:00,2024-05-12 08:09:00,2031120540000,2031120540000,1,0,452
2670,3,Spanish,2024-05-12,2024-05-12 10:09:00,2024-05-12 10:09:00,2031127740000,2031127740000,1,0,463
2671,3,Spanish,2024-05-12,2024-05-12 12:09:00,2024-05-12 12:09:00,2031134940000,2031134940000,1,0,474
2672,3,Spanish,2024-05-12,2024-05-12 14:09:00,2024-05-12 14:09:00,2031142140000,2031142140000,1,0,485
2673,3,Spanish,2024-05-12,2024-05-12 16:09:00,2024-05-12 16:09:00,2031149340000,2031149340000,1,0,496
2674,3,Spanish,2024-05-12,2024-05-12 18:09:00,2024-05-12 18:09:00,2031156540000,2031156540000,1,0,507
2675,3,Spanish,2024-05-12,2024-05-12 20:09:00,2024-05-12 20:09:00,2031163740000,2031163740000,1,0,18
2676,3,Spanish,2024-05-12,2024-05-12 22:09:00,2024-05-12 22:09:00,2031170940000,2031170940000,1,0,29
2677,4,Japanese,2024-05-12,2024-05-12 00:12:00,2024-05-12 00:12:00,2031091920000,2031091920000,1,0,413
2678,4,Japanese,2024-05-12,2024-05-12 02:12:00,2024-05-12 02:12:00,2031099120000,2031099120000,1,0,424
2679,4,Japanese,2024-05-12,2024-05-12 04:12:00,2024-05-12 04:12:00,2031106320000,2031106320000,1,0,435
2680,4,Japanese,2024-05-12,2024-05-12 06:12:00,2024-05-13 10:12:00,2031113520000,2031214320000,1,1,446
2681,4,Japanese,2024-05-12,2024-05-12 08:12:00,2024-05-12 08:12:00,2031120720000,2031120720000,1,0,457
2682,4,Japanese,2024-05-12,2024-05-12 10:12:00,2024-05-12 10:12:00,2031127920000,2031127920000,1,0,468
2683,4,Japanese,2024-05-12,2024-05-12 12:12:00,2024-05-12 12:12:00,2031135120000,2031135120000,0,0,479
2684,4,Japanese,2024-05-12,2024-05-12 14:12:00,2024-05-12 14:12:00,2031142320000,2031142320000,1,0,490
2685,4,Japanese,2024-05-12,2024-05-12 16:12:00,2024-05-12 16:12:00,2031149520000,2031149520000,1,0,501
2686,4,Japanese,2024-05-12,2024-05-12 18:12:00,2024-05-12 18:12:00,2031156720000,2031156720000,1,0,12
2687,4,Japanese,2024-05-12,2024-05-12 20:12:00,2024-05-12 20:12:00,2031163920000,2031163920000,1,0,23
2688,4,Japanese,2024-05-12,2024-05-12 22:12:00,2024-05-12 22:12:00,2031171120000,2031171120000,1,0,34
2689,1,English,2024-05-13,2024-05-13 00:03:00,2024-05-14 01:03:00,2031177780000,2031267780000,1,1,405
2690,1,English,2024-05-13,2024-05-13 02:03:00,2024-05-13 02:03:00,2031184980000,2031184980000,1,0,416
2691,1,English,2024-05-13,2024-05-13 04:03:00,2024-05-13 04:03:00,2031192180000,2031192180000,1,0,427
2692,1,English,2024-05-13,2024-05-13 06:03:00,2024-05-13 06:03:00,2031199380000,2031199380000,1,0,438
2693,1,English,2024-05-13,2024-05-13 08:03:00,2024-05-13 08:03:00,2031206580000,2031206580000,1,0,449
2694,1,English,2024-05-13,2024-05-13 10:03:00,2024-05-13 10:03:00,2031213780000,2031213780000,1,0,460
2695,1,English,2024-05-13,2024-05-13 12:03:00,2024-05-13 12:03:00,2031220980000,2031220980000,1,0,471
2696,1,English,2024-05-13,2024-05-13 14:03:00,2024-05-15 15:03:00,2031228180000,2031404580000,0,1,482
2697,1,English,2024-05-13,2024-05-13 16:03:00,2024-05-13 16:03:00,2031235380000,2031235380000,1,0,493
2698,1,English,2024-05-13,2024-05-13 18:03:00,2024-05-13 18:03:00,2031242580000,2031242580000,1,0,504
2699,1,English,2024-05-13,2024-05-13 20:03:00,2024-05-13 20:03:00,2031249780000,2031249780000,1,0,15
2700,1,English,2024-05-13,2024-05-13 22:03:00,2024-05-13 22:03:00,2031256980000,2031256980000,1,0,26
2701,2,Simplified Chinese,2024-05-13,2024-05-13 00:06:00,2024-05-13 00:06:00,2031177960000,2031177960000,0,0,410
2702,2,Simplified Chinese,2024-05-13,2024-05-13 02:06:00,2024-05-13 02:06:00,2031185160000,2031185160000,1,0,421
2703,2,Simplified Chinese,2024-05-13,2024-05-13 04:06:00,2024-05-13 04:06:00,2031192360000,2031192360000,1,0,432
2704,2,Simplified Chinese,2024-05-13,2024-05-13 06:06:00,2024-05-14 08:06:00,2031199560000,2031293160000,1,1,443
2705,2,Simplified Chinese,2024-05-13,2024-05-13 08:06:00,2024-05-13 08:06:00,2031206760000,2031206760000,1,0,454
2706,2,Simplified Chinese,2024-05-13,2024-05-13 10:06:00,2024-05-13 10:06:00,2031213960000,2031213960000,1,0,465
2707,2,Simplified Chinese,2024-05-13,2024-05-13 12:06:00,2024-05-13 12:06:00,2031221160000,2031221160000,1,0,476
2708,2,Simplified Chinese,2024-05-13,2024-05-13 14:06:00,2024-05-13 14:06:00,2031228360000,2031228360000,1,0,487
2709,2,Simplified Chinese,2024-05-13,2024-05-13 16:06:00,2024-05-13 16:06:00,2031235560000,2031235560000,1,0,498
2710,2,Simplified Chinese,2024-05-13,2024-05-13 18:06:00,2024-05-13 18:06:00,2031242760000,2031242760000,1,0,9
2711,2,Simplified Chinese,2024-05-13,2024-05-13 20:06:00,2024-05-15 22:06:00,2031249960000,2031429960000,1,1,20
2712,2,Simplified Chinese,2024-05-13,2024-05-13 22:06:00,2024-05-13 22:06:00,2031257160000,2031257160000,1,0,31
2713,3,Spanish,2024-05-13,2024-05-13 00:09:00,2024-05-13 00:09:00,2031178140000,2031178140000,1,0,415
2714,3,Spanish,2024-05-13,2024-05-13 02:09:00,2024-05-13 02:09:00,2031185340000,2031185340000,1,0,426
2715,3,Spanish,2024-05-13,2024-05-13 04:09:00,2024-05-13 04:09:00,2031192540000,2031192540000,1,0,437
2716,3,Spanish,2024-05-13,2024-05-13 06:09:00,2024-05-13 06:09:00,2031199740000,2031199740000,1,0,448
2717,3,Spanish,2024-05-13,2024-05-13 08:09:00,2024-05-13 08:09:00,2031206940000,2031206940000,1,0,459
2718,3,Spanish,2024-05-13,2024-05-13 10:09:00,2024-05-13 10:09:00,2031214140000,2031214140000,1,0,470
2719,3,Spanish,2024-05-13,2024-05-13 12:09:00,2024-05-14 15:09:00,2031221340000,2031318540000,1,1,481
2720,3,Spanish,2024-05-13,2024-05-13 14:09:00,2024-05-13 14:09:00,2031228540000,2031228540000,1,0,492
2721,3,Spanish,2024-05-13,2024-05-13 16:09:00,2024-05-13 16:09:00,2031235740000,2031235740000,1,0,503
2722,3,Spanish,2024-05-13,2024-05-13 18:09:00,2024-05-13 18:09:00,2031242940000,2031242940000,1,0,14
2723,3,Spanish,2024-05-13,2024-05-13 20:09:00,2024-05-13 20:09:00,2031250140000,2031250140000,1,0,25
2724,3,Spanish,2024-05-13,2024-05-13 22:09:00,2024-05-13 22:09:00,2031257340000,2031257340000,1,0,36
2725,4,Japanese,2024-05-13,2024-05-13 00:12:00,2024-05-13 00:12:00,2031178320000,2031178320000,1,0,420
2726,4,Japanese,2024-05-13,2024-05-13 02:12:00,2024-05-13 02:12:00,2031185520000,2031185520000,1,0,431
2727,4,Japanese,2024-05-13,2024-05-13 04:12:00,2024-05-13 04:12:00,2031192720000,2031192720000,0,0,442
2728,4,Japanese,2024-05-13,2024-05-13 06:12:00,2024-05-13 06:12:00,2031199920000,2031199920000,1,0,453
2729,4,Japanese,2024-05-13,2024-05-13 08:12:00,2024-05-13 08:12:00,2031207120000,2031207120000,1,0,464
2730,4,Japanese,2024-05-13,2024-05-13 10:12:00,2024-05-13 10:12:00,2031214320000,2031214320000,1,0,475
2731,4,Japanese,2024-05-13,2024-05-13 12:12:00,2024-05-13 12:12:00,2031221520000,2031221520000,1,0,486
2732,4,Japanese,2024-05-13,2024-05-13 14:12:00,2024-05-13 14:12:00,2031228720000,2031228720000,1,0,497
2733,4,Japanese,2024-05-13,2024-05-13 16:12:00,2024-05-13 16:12:00,2031235920000,2031235920000,1,0,8
2734,4,Japanese,2024-05-13,2024-05-13 18:12:00,2024-05-14 22:12:00,2031243120000,2031343920000,1,1,19
2735,4,Japanese,2024-05-13,2024-05-13 20:12:00,2024-05-13 20:12:00,2031250320000,2031250320000,1,0,30
2736,4,Japanese,2024-05-13,2024-05-13 22:12:00,2024-05-13 22:12:00,2031257520000,2031257520000,1,0,41
2737,1,English,2024-05-14,2024-05-14 00:03:00,2024-05-14 00:03:00,2031264180000,2031264180000,1,0,412
2738,1,English,2024-05-14,2024-05-14 02:03:00,2024-05-14 02:03:00,2031271380000,2031271380000,1,0,423
2739,1,English,2024-05-14,2024-05-14 04:03:00,2024-05-14 04:03:00,2031278580000,2031278580000,1,0,434
2740,1,English,2024-05-14,2024-05-14 06:03:00,2024-05-14 06:03:00,2031285780000,2031285780000,1,0,445
2741,1,English,2024-05-14,2024-05-14 08:03:00,2024-05-14 08:03:00,2031292980000,2031292980000,1,0,456
2742,1,English,2024-05-14,2024-05-14 10:03:00,2024-05-14 10:03:00,2031300180000,2031300180000,1,0,467
2743,1,English,2024-05-14,2024-05-14 12:03:00,2024-05-14 12:03:00,2031307380000,2031307380000,1,0,478
2744,1,English,2024-05-14,2024-05-14 14:03:00,2024-05-14 14:03:00,2031314580000,2031314580000,1,0,489
2745,1,English,2024-05-14,2024-05-14 16:03:00,2024-05-14 16:03:00,2031321780000,2031321780000,1,0,500
2746,1,English,2024-05-14,2024-05-14 18:03:00,2024-05-14 18:03:00,2031328980000,2031328980000,1,0,11
2747,1,English,2024-05-14,2024-05-14 20:03:00,2024-05-14 20:03:00,2031336180000,2031336180000,1,0,22
2748,1,English,2024-05-14,2024-05-14 22:03:00,2024-05-14 22:03:00,2031343380000,2031343380000,1,0,33
2749,2,Simplified Chinese,2024-05-14,2024-05-14 00:06:00,2024-05-14 00:06:00,2031264360000,2031264360000,1,0,417
2750,2,Simplified Chinese,2024-05-14,2024-05-14 02:06:00,2024-05-14 02:06:00,2031271560000,2031271560000,1,0,428
2751,2,Simplified Chinese,2024-05-14,2024-05-14 04:06:00,2024-05-14 04:06:00,2031278760000,2031278760000,1,0,439
2752,2,Simplified Chinese,2024-05-14,2024-05-14 06:06:00,2024-05-14 06:06:00,2031285960000,2031285960000,1,0,450
2753,2,Simplified Chinese,2024-05-14,2024-05-14 08:06:00,2024-05-14 08:06:00,2031293160000,2031293160000,1,0,461
2754,2,Simplified Chinese,2024-05-14,2024-05-14 10:06:00,2024-05-14 10:06:00,2031300360000,2031300360000,1,0,472
2755,2,Simplified Chinese,2024-05-14,2024-05-14 12:06:00,2024-05-14 12:06:00,2031307560000,2031307560000,1,0,483
2756,2,Simplified Chinese,2024-05-14,2024-05-14 14:06:00,2024-05-14 14:06:00,2031314760000,2031314760000,1,0,494
2757,2,Simplified Chinese,2024-05-14,2024-05-14 16:06:00,2024-05-14 16:06:00,2031321960000,2031321960000,1,0,505
2758,2,Simplified Chinese,2024-05-14,2024-05-14 18:06:00,2024-05-14 18:06:00,2031329160000,2031329160000,0,0,16
2759,2,Simplified Chinese,2024-05-14,2024-05-14 20:06:00,2024-05-14 20:06:00,2031336360000,2031336360000,1,0,27
2760,2,Simplified Chinese,2024-05-14,2024-05-14 22:06:00,2024-05-14 22:06:00,2031343560000,2031343560000,1,0,38
2761,3,Spanish,2024-05-14,2024-05-14 00:09:00,2024-05-14 00:09:00,2031264540000,2031264540000,1,0,422
2762,3,Spanish,2024-05-14,2024-05-14 02:09:00,2024-05-14 02:09:00,2031271740000,2031271740000,1,0,433
2763,3,Spanish,2024-05-14,2024-05-14 04:09:00,2024-05-14 04:09:00,2031278940000,2031278940000,0,0,444
2764,3,Spanish,2024-05-14,2024-05-14 06:09:00,2024-05-14 06:09:00,2031286140000,2031286140000,1,0,455
2765,3,Spanish,2024-05-14,2024-05-14 08:09:00,2024-05-14 08:09:00,2031293340000,2031293340000,1,0,466
2766,3,Spanish,2024-05-14,2024-05-14 10:09:00,2024-05-14 10:09:00,2031300540000,2031300540000,1,0,477
2767,3,Spanish,2024-05-14,2024-05-14 12:09:00,2024-05-14 12:09:00,2031307740000,2031307740000,1,0,488
2768,3,Spanish,2024-05-14,2024-05-14 14:09:00,2024-05-14 14:09:00,2031314940000,2031314940000,1,0,499
2769,3,Spanish,2024-05-14,2024-05-14 16:09:00,2024-05-14 16:09:00,2031322140000,2031322140000,1,0,10
2770,3,Spanish,2024-05-14,2024-05-14 18:09:00,2024-05-14 18:09:00,2031329340000,2031329340000,1,0,21
2771,3,Spanish,2024-05-14,2024-05-14 20:09:00,2024-05-14 20:09:00,2031336540000,2031336540000,1,0,32
2772,3,Spanish,2024-05-14,2024-05-14 22:09:00,2024-05-14 22:09:00,2031343740000,2031343740000,1,0,43
2773,4,Japanese,2024-05-14,2024-05-14 00:12:00,2024-05-14 00:12:00,2031264720000,2031264720000,1,0,427
2774,4,Japanese,2024-05-14,2024-05-14 02:12:00,2024-05-14 02:12:00,2031271920000,2031271920000,1,0,438
2775,4,Japanese,2024-05-14,2024-05-14 04:12:00,2024-05-14 04:12:00,2031279120000,2031279120000,1,0,449
2776,4,Japanese,2024-05-14,2024-05-14 06:12:00,2024-05-14 06:12:00,2031286320000,2031286320000,1,0,460
2777,4,Japanese,2024-05-14,2024-05-14 08:12:00,2024-05-14 08:12:00,2031293520000,2031293520000,1,0,471
2778,4,Japanese,2024-05-14,2024-05-14 10:12:00,2024-05-14 10:12:00,2031300720000,2031300720000,1,0,482
2779,4,Japanese,2024-05-14,2024-05-14 12:12:00,2024-05-14 12:12:00,2031307920000,2031307920000,1,0,493
2780,4,Japanese,2024-05-14,2024-05-14 14:12:00,2024-05-14 14:12:00,2031315120000,2031315120000,1,0,504
2781,4,Japanese,2024-05-14,2024-05-14 16:12:00,2024-05-14 16:12:00,2031322320000,2031322320000,0,0,15
2782,4,Japanese,2024-05-14,2024-05-14 18:12:00,2024-05-14 18:12:00,2031329520000,2031329520000,1,0,26
2783,4,Japanese,2024-05-14,2024-05-14 20:12:00,2024-05-14 20:12:00,2031336720000,2031336720000,1,0,37
2784,4,Japanese,2024-05-14,2024-05-14 22:12:00,2024-05-14 22:12:00,2031343920000,2031343920000,1,0,48
2785,1,English,2024-05-15,2024-05-15 00:03:00,2024-05-15 00:03:00,2031350580000,2031350580000,1,0,419
2786,1,English,2024-05-15,2024-05-15 02:03:00,2024-05-15 02:03:00,2031357780000,2031357780000,1,0,430
2787,1,English,2024-05-15,2024-05-15 04:03:00,2024-05-15 04:03:00,2031364980000,2031364980000,1,0,441
2788,1,English,2024-05-15,2024-05-15 06:03:00,2024-05-15 06:03:00,2031372180000,2031372180000,1,0,452
2789,1,English,2024-05-15,2024-05-15 08:03:00,2024-05-15 08:03:00,2031379380000,2031379380000,1,0,463
2790,1,English,2024-05-15,2024-05-15 10:03:00,2024-05-15 10:03:00,2031386580000,2031386580000,1,0,474
2791,1,English,2024-05-15,2024-05-15 12:03:00,2024-05-15 12:03:00,2031393780000,2031393780000,1,0,485
2792,1,English,2024-05-15,2024-05-15 14:03:00,2024-05-15 14:03:00,2031400980000,2031400980000,1,0,496
2793,1,English,2024-05-15,2024-05-15 16:03:00,2024-05-15 16:03:00,2031408180000,2031408180000,1,0,507
2794,1,English,2024-05-15,2024-05-15 18:03:00,2024-05-15 18:03:00,2031415380000,2031415380000,0,0,18
2795,1,English,2024-05-15,2024-05-15 20:03:00,2024-05-15 20:03:00,2031422580000,2031422580000,1,0,29
2796,1,English,2024-05-15,2024-05-15 22:03:00,2024-05-15 22:03:00,2031429780000,2031429780000,1,0,40
2797,2,Simplified Chinese,2024-05-15,2024-05-15 00:06:00,2024-05-15 00:06:00,2031350760000,2031350760000,1,0,424
2798,2,Simplified Chinese,2024-05-15,2024-05-15 02:06:00,2024-05-15 02:06:00,2031357960000,2031357960000,1,0,435
2799,2,Simplified Chinese,2024-05-15,2024-05-15 04:06:00,2024-05-15 04:06:00,2031365160000,2031365160000,0,0,446
2800,2,Simplified Chinese,2024-05-15,2024-05-15 06:06:00,2024-05-15 06:06:00,2031372360000,2031372360000,1,0,457
2801,2,Simplified Chinese,2024-05-15,2024-05-15 08:06:00,2024-05-15 08:06:00,2031379560000,2031379560000,1,0,468
2802,2,Simplified Chinese,2024-05-15,2024-05-15 10:06:00,2024-05-18 12:06:00,2031386760000,2031653160000,1,1,479
2803,2,Simplified Chinese,2024-05-15,2024-05-15 12:06:00,2024-05-15 12:06:00,2031393960000,2031393960000,1,0,490
2804,2,Simplified Chinese,2024-05-15,2024-05-15 14:06:00,2024-05-15 14:06:00,2031401160000,2031401160000,1,0,501
2805,2,Simplified Chinese,2024-05-15,2024-05-15 16:06:00,2024-05-15 16:06:00,2031408360000,2031408360000,1,0,12
2806,2,Simplified Chinese,2024-05-15,2024-05-15 18:06:00,2024-05-15 18:06:00,2031415560000,2031415560000,1,0,23
2807,2,Simplified Chinese,2024-05-15,2024-05-15 20:06:00,2024-05-15 20:06:00,2031422760000,2031422760000,1,0,34
2808,2,Simplified Chinese,2024-05-15,2024-05-15 22:06:00,2024-05-15 22:06:00,2031429960000,2031429960000,1,0,45
2809,3,Spanish,2024-05-15,2024-05-15 00:09:00,2024-05-15 00:09:00,2031350940000,2031350940000,1,0,429
2810,3,Spanish,2024-05-15,2024-05-15 02:09:00,2024-05-17 05:09:00,2031358140000,2031541740000,1,1,440
2811,3,Spanish,2024-05-15,2024-05-15 04:09:00,2024-05-15 04:09:00,2031365340000,2031365340000,1,0,451
2812,3,Spanish,2024-05-15,2024-05-15 06:09:00,2024-05-15 06:09:00,2031372540000,2031372540000,1,0,462
2813,3,Spanish,2024-05-15,2024-05-15 08:09:00,2024-05-15 08:09:00,2031379740000,2031379740000,1,0,473
2814,3,Spanish,2024-05-15,2024-05-15 10:09:00,2024-05-15 10:09:00,2031386940000,2031386940000,1,0,484
2815,3,Spanish,2024-05-15,2024-05-15 12:09:00,2024-05-15 12:09:00,2031394140000,2031394140000,1,0,495
2816,3,Spanish,2024-05-15,2024-05-15 14:09:00,2024-05-15 14:09:00,2031401340000,2031401340000,1,0,506
2817,3,Spanish,2024-05-15,2024-05-15 16:09:00,2024-05-18 19:09:00,2031408540000,2031678540000,1,1,17
2818,3,Spanish,2024-05-15,2024-05-15 18:09:00,2024-05-15 18:09:00,2031415740000,2031415740000,1,0,28
2819,3,Spanish,2024-05-15,2024-05-15 20:09:00,2024-05-15 20:09:00,2031422940000,2031422940000,1,0,39
2820,3,Spanish,2024-05-15,2024-05-15 22:09:00,2024-05-15 22:09:00,2031430140000,2031430140000,1,0,50
2821,4,Japanese,2024-05-15,2024-05-15 00:12:00,2024-05-15 00:12:00,2031351120000,2031351120000,1,0,434
2822,4,Japanese,2024-05-15,2024-05-15 02:12:00,2024-05-15 02:12:00,2031358320000,2031358320000,1,0,445
2823,4,Japanese,2024-05-15,2024-05-15 04:12:00,2024-05-15 04:12:00,2031365520000,2031365520000,1,0,456
2824,4,Japanese,2024-05-15,2024-05-15 06:12:00,2024-05-15 06:12:00,2031372720000,2031372720000,1,0,467
2825,4,Japanese,2024-05-15,2024-05-15 08:12:00,2024-05-17 12:12:00,2031379920000,2031567120000,0,1,478
2826,4,Japanese,2024-05-15,2024-05-15 10:12:00,2024-05-15 10:12:00,2031387120000,2031387120000,1,0,489
2827,4,Japanese,2024-05-15,2024-05-15 12:12:00,2024-05-15 12:12:00,2031394320000,2031394320000,1,0,500
2828,4,Japanese,2024-05-15,2024-05-15 14:12:00,2024-05-15 14:12:00,2031401520000,2031401520000,1,0,11
2829,4,Japanese,2024-05-15,2024-05-15 16:12:00,2024-05-15 16:12:00,2031408720000,2031408720000,1,0,22
2830,4,Japanese,2024-05-15,2024-05-15 18:12:00,2024-05-15 18:12:00,2031415920000,2031415920000,1,0,33
2831,4,Japanese,2024-05-15,2024-05-15 20:12:00,2024-05-15 20:12:00,2031423120000,2031423120000,1,0,44
2832,4,Japanese,2024-05-15,2024-05-15 22:12:00,2024-05-15 22:12:00,2031430320000,2031430320000,1,0,55
2833,1,English,2024-05-16,2024-05-16 00:03:00,2024-05-16 00:03:00,2031436980000,2031436980000,1,0,426
2834,1,English,2024-05-16,2024-05-16 02:03:00,2024-05-16 02:03:00,2031444180000,2031444180000,1,0,437
2835,1,English,2024-05-16,2024-05-16 04:03:00,2024-05-16 04:03:00,2031451380000,2031451380000,1,0,448
2836,1,English,2024-05-16,2024-05-16 06:03:00,2024-05-16 06:03:00,2031458580000,2031458580000,1,0,459
2837,1,English,2024-05-16,2024-05-16 08:03:00,2024-05-16 08:03:00,2031465780000,2031465780000,1,0,470
2838,1,English,2024-05-16,2024-05-16 10:03:00,2024-05-16 10:03:00,2031472980000,2031472980000,1,0,481
2839,1,English,2024-05-16,2024-05-16 12:03:00,2024-05-16 12:03:00,2031480180000,2031480180000,1,0,492
2840,1,English,2024-05-16,2024-05-16 14:03:00,2024-05-16 14:03:00,2031487380000,2031487380000,1,0,503
2841,1,English,2024-05-16,2024-05-16 16:03:00,2024-05-19 17:03:00,2031494580000,2031757380000,1,1,14
2842,1,English,2024-05-16,2024-05-16 18:03:00,2024-05-16 18:03:00,2031501780000,2031501780000,1,0,25
2843,1,English,2024-05-16,2024-05-16 20:03:00,2024-05-16 20:03:00,2031508980000,2031508980000,1,0,36
2844,1,English,2024-05-16,2024-05-16 22:03:00,2024-05-16 22:03:00,2031516180000,2031516180000,1,0,47
2845,2,Simplified Chinese,2024-05-16,2024-05-16 00:06:00,2024-05-16 00:06:00,2031437160000,2031437160000,1,0,431
2846,2,Simplified Chinese,2024-05-16,2024-05-16 02:06:00,2024-05-16 02:06:00,2031444360000,2031444360000,1,0,442
2847,2,Simplified Chinese,2024-05-16,2024-05-16 04:06:00,2024-05-16 04:06:00,2031451560000,2031451560000,1,0,453
2848,2,Simplified Chinese,2024-05-16,2024-05-16 06:06:00,2024-05-16 06:06:00,2031458760000,2031458760000,1,0,464
2849,2,Simplified Chinese,2024-05-16,2024-05-16 08:06:00,2024-05-16 08:06:00,2031465960000,2031465960000,1,0,475
2850,2,Simplified Chinese,2024-05-16,2024-05-16 10:06:00,2024-05-16 10:06:00,2031473160000,2031473160000,1,0,486
2851,2,Simplified Chinese,2024-05-16,2024-05-16 12:06:00,2024-05-16 12:06:00,2031480360000,2031480360000,1,0,497
2852,2,Simplified Chinese,2024-05-16,2024-05-16 14:06:00,2024-05-16 14:06:00,2031487560000,2031487560000,1,0,8
2853,2,Simplified Chinese,2024-05-16,2024-05-16 16:06:00,2024-05-16 16:06:00,2031494760000,2031494760000,1,0,19
2854,2,Simplified Chinese,2024-05-16,2024-05-16 18:06:00,2024-05-16 18:06:00,2031501960000,2031501960000,1,0,30
2855,2,Simplified Chinese,2024-05-16,2024-05-16 20:06:00,2024-05-16 20:06:00,2031509160000,2031509160000,1,0,41
2856,2,Simplified Chinese,2024-05-16,2024-05-16 22:06:00,2024-05-20 00:06:00,2031516360000,2031782760000,0,1,52
2857,3,Spanish,2024-05-16,2024-05-16 00:09:00,2024-05-16 00:09:00,2031437340000,2031437340000,1,0,436
2858,3,Spanish,2024-05-16,2024-05-16 02:09:00,2024-05-16 02:09:00,2031444540000,2031444540000,1,0,447
2859,3,Spanish,2024-05-16,2024-05-16 04:09:00,2024-05-16 04:09:00,2031451740000,2031451740000,1,0,458
2860,3,Spanish,2024-05-16,2024-05-16 06:09:00,2024-05-16 06:09:00,2031458940000,2031458940000,1,0,469
2861,3,Spanish,2024-05-16,2024-05-16 08:09:00,2024-05-16 08:09:00,2031466140000,2031466140000,0,0,480
2862,3,Spanish,2024-05-16,2024-05-16 10:09:00,2024-05-16 10:09:00,2031473340000,2031473340000,1,0,491
2863,3,Spanish,2024-05-16,2024-05-16 12:09:00,2024-05-16 12:09:00,2031480540000,2031480540000,1,0,502
2864,3,Spanish,2024-05-16,2024-05-16 14:09:00,2024-05-16 14:09:00,2031487740000,2031487740000,1,0,13
2865,3,Spanish,2024-05-16,2024-05-16 16:09:00,2024-05-16 16:09:00,2031494940000,2031494940000,1,0,24
2866,3,Spanish,2024-05-16,2024-05-16 18:09:00,2024-05-16 18:09:00,2031502140000,2031502140000,1,0,35
2867,3,Spanish,2024-05-16,2024-05-16 20:09:00,2024-05-16 20:09:00,2031509340000,2031509340000,1,0,46
2868,3,Spanish,2024-05-16,2024-05-16 22:09:00,2024-05-16 22:09:00,2031516540000,2031516540000,1,0,57
2869,4,Japanese,2024-05-16,2024-05-16 00:12:00,2024-05-16 00:12:00,2031437520000,2031437520000,1,0,441
2870,4,Japanese,2024-05-16,2024-05-16 02:12:00,2024-05-16 02:12:00,2031444720000,2031444720000,1,0,452
2871,4,Japanese,2024-05-16,2024-05-16 04:12:00,2024-05-16 04:12:00,2031451920000,2031451920000,1,0,463
2872,4,Japanese,2024-05-16,2024-05-16 06:12:00,2024-05-16 06:12:00,2031459120000,2031459120000,1,0,474
2873,4,Japanese,2024-05-16,2024-05-16 08:12:00,2024-05-16 08:12:00,2031466320000,2031466320000,1,0,485
2874,4,Japanese,2024-05-16,2024-05-16 10:12:00,2024-05-16 10:12:00,2031473520000,2031473520000,1,0,496
2875,4,Japanese,2024-05-16,2024-05-16 12:12:00,2024-05-16 12:12:00,2031480720000,2031480720000,1,0,507
2876,4,Japanese,2024-05-16,2024-05-16 14:12:00,2024-05-16 14:12:00,2031487920000,2031487920000,1,0,18
2877,4,Japanese,2024-05-16,2024-05-16 16:12:00,2024-05-16 16:12:00,2031495120000,2031495120000,1,0,29
2878,4,Japanese,2024-05-16,2024-05-16 18:12:00,2024-05-16 18:12:00,2031502320000,2031502320000,1,0,40
2879,4,Japanese,2024-05-16,2024-05-16 20:12:00,2024-05-16 20:12:00,2031509520000,2031509520000,0,0,51
2880,4,Japanese,2024-05-16,2024-05-16 22:12:00,2024-05-16 22:12:00,2031516720000,2031516720000,1,0,62
2881,1,English,2024-05-17,2024-05-17 00:03:00,2024-05-17 00:03:00,2031523380000,2031523380000,1,0,433
2882,1,English,2024-05-17,2024-05-17 02:03:00,2024-05-17 02:03:00,2031530580000,2031530580000,1,0,444
2883,1,English,2024-05-17,2024-05-17 04:03:00,2024-05-17 04:03:00,2031537780000,2031537780000,1,0,455
2884,1,English,2024-05-17,2024-05-17 06:03:00,2024-05-17 06:03:00,2031544980000,2031544980000,1,0,466
2885,1,English,2024-05-17,2024-05-17 08:03:00,2024-05-17 08:03:00,2031552180000,2031552180000,1,0,477
2886,1,English,2024-05-17,2024-05-17 10:03:00,2024-05-17 10:03:00,2031559380000,2031559380000,1,0,488
2887,1,English,2024-05-17,2024-05-17 12:03:00,2024-05-17 12:03:00,2031566580000,2031566580000,1,0,499
2888,1,English,2024-05-17,2024-05-17 14:03:00,2024-05-17 14:03:00,2031573780000,2031573780000,1,0,10
2889,1,English,2024-05-17,2024-05-17 16:03:00,2024-05-17 16:03:00,2031580980000,2031580980000,1,0,21
2890,1,English,2024-05-17,2024-05-17 18:03:00,2024-05-17 18:03:00,2031588180000,2031588180000,1,0,32
2891,1,English,2024-05-17,2024-05-17 20:03:00,2024-05-17 20:03:00,2031595380000,2031595380000,1,0,43
2892,1,English,2024-05-17,2024-05-17 22:03:00,2024-05-17 22:03:00,2031602580000,2031602580000,0,0,54
2893,2,Simplified Chinese,2024-05-17,2024-05-17 00:06:00,2024-05-18 02:06:00,2031523560000,2031617160000,1,1,438
2894,2,Simplified Chinese,2024-05-17,2024-05-17 02:06:00,2024-05-17 02:06:00,2031530760000,2031530760000,1,0,449
2895,2,Simplified Chinese,2024-05-17,2024-05-17 04:06:00,2024-05-17 04:06:00,2031537960000,2031537960000,1,0,460
2896,2,Simplified Chinese,2024-05-17,2024-05-17 06:06:00,2024-05-17 06:06:00,2031545160000,2031545160000,1,0,471
2897,2,Simplified Chinese,2024-05-17,2024-05-17 08:06:00,2024-05-17 08:06:00,2031552360000,2031552360000,0,0,482
2898,2,Simplified Chinese,2024-05-17,2024-05-17 10:06:00,2024-05-17 10:06:00,2031559560000,2031559560000,1,0,493
2899,2,Simplified Chinese,2024-05-17,2024-05-17 12:06:00,2024-05-17 12:06:00,2031566760000,2031566760000,1,0,504
2900,2,Simplified Chinese,2024-05-17,2024-05-17 14:06:00,2024-05-17 14:06:00,2031573960000,2031573960000,1,0,15
2901,2,Simplified Chinese,2024-05-17,2024-05-17 16:06:00,2024-05-17 16:06:00,2031581160000,2031581160000,1,0,26
2902,2,Simplified Chinese,2024-05-17,2024-05-17 18:06:00,2024-05-17 18:06:00,2031588360000,2031588360000,1,0,37
2903,2,Simplified Chinese,2024-05-17,2024-05-17 20:06:00,2024-05-17 20:06:00,2031595560000,2031595560000,1,0,48
2904,2,Simplified Chinese,2024-05-17,2024-05-17 22:06:00,2024-05-17 22:06:00,2031602760000,2031602760000,1,0,59
2905,3,Spanish,2024-05-17,2024-05-17 00:09:00,2024-05-17 00:09:00,2031523740000,2031523740000,1,0,443
2906,3,Spanish,2024-05-17,2024-05-17 02:09:00,2024-05-17 02:09:00,2031530940000,2031530940000,1,0,454
2907,3,Spanish,2024-05-17,2024-05-17 04:09:00,2024-05-17 04:09:00,2031538140000,2031538140000,1,0,465
2908,3,Spanish,2024-05-17,2024-05-17 06:09:00,2024-05-17 06:09:00,2031545340000,2031545340000,1,0,476
2909,3,Spanish,2024-05-17,2024-05-17 08:09:00,2024-05-17 08:09:00,2031552540000,2031552540000,1,0,487
2910,3,Spanish,2024-05-17,2024-05-17 10:09:00,2024-05-17 10:09:00,2031559740000,2031559740000,1,0,498
2911,3,Spanish,2024-05-17,2024-05-17 12:09:00,2024-05-17 12:09:00,2031566940000,2031566940000,1,0,9
2912,3,Spanish,2024-05-17,2024-05-17 14:09:00,2024-05-17 14:09:00,2031574140000,2031574140000,1,0,20
2913,3,Spanish,2024-05-17,2024-05-17 16:09:00,2024-05-17 16:09:00,2031581340000,2031581340000,1,0,31
2914,3,Spanish,2024-05-17,2024-05-17 18:09:00,2024-05-17 18:09:00,2031588540000,2031588540000,1,0,42
2915,3,Spanish,2024-05-17,2024-05-17 20:09:00,2024-05-17 20:09:00,2031595740000,2031595740000,1,0,53
2916,3,Spanish,2024-05-17,2024-05-17 22:09:00,2024-05-17 22:09:00,2031602940000,2031602940000,1,0,64
2917,4,Japanese,2024-05-17,2024-05-17 00:12:00,2024-05-17 00:12:00,2031523920000,2031523920000,1,0,448
2918,4,Japanese,2024-05-17,2024-05-17 02:12:00,2024-05-17 02:12:00,2031531120000,2031531120000,1,0,459
2919,4,Japanese,2024-05-17,2024-05-17 04:12:00,2024-05-17 04:12:00,2031538320000,2031538320000,1,0,470
2920,4,Japanese,2024-05-17,2024-05-17 06:12:00,2024-05-17 06:12:00,2031545520000,2031545520000,1,0,481
2921,4,Japanese,2024-05-17,2024-05-17 08:12:00,2024-05-17 08:12:00,2031552720000,2031552720000,1,0,492
2922,4,Japanese,2024-05-17,2024-05-17 10:12:00,2024-05-17 10:12:00,2031559920000,2031559920000,1,0,503
2923,4,Japanese,2024-05-17,2024-05-17 12:12:00,2024-05-17 12:12:00,2031567120000,2031567120000,0,0,14
2924,4,Japanese,2024-05-17,2024-05-17 14:12:00,2024-05-17 14:12:00,2031574320000,2031574320000,1,0,25
2925,4,Japanese,2024-05-17,2024-05-17 16:12:00,2024-05-17 16:12:00,2031581520000,2031581520000,1,0,36
2926,4,Japanese,2024-05-17,2024-05-17 18:12:00,2024-05-17 18:12:00,2031588720000,2031588720000,1,0,47
2927,4,Japanese,2024-05-17,2024-05-17 20:12:00,2024-05-17 20:12:00,2031595920000,2031595920000,1,0,58
2928,4,Japanese,2024-05-17,2024-05-17 22:12:00,2024-05-17 22:12:00,2031603120000,2031603120000,1,0,69
2929,1,English,2024-05-18,2024-05-18 00:03:00,2024-05-18 00:03:00,2031609780000,2031609780000,1,0,440
2930,1,English,2024-05-18,2024-05-18 02:03:00,2024-05-18 02:03:00,2031616980000,2031616980000,1,0,451
2931,1,English,2024-05-18,2024-05-18 04:03:00,2024-05-18 04:03:00,2031624180000,2031624180000,1,0,462
2932,1,English,2024-05-18,2024-05-18 06:03:00,2024-05-19 07:03:00,2031631380000,2031721380000,1,1,473
2933,1,English,2024-05-18,2024-05-18 08:03:00,2024-05-18 08:03:00,2031638580000,2031638580000,1,0,484
2934,1,English,2024-05-18,2024-05-18 10:03:00,2024-05-18 10:03:00,2031645780000,2031645780000,1,0,495
2935,1,English,2024-05-18,2024-05-18 12:03:00,2024-05-18 12:03:00,2031652980000,2031652980000,1,0,506
2936,1,English,2024-05-18,2024-05-18 14:03:00,2024-05-18 14:03:00,2031660180000,2031660180000,1,0,17
2937,1,English,2024-05-18,2024-05-18 16:03:00,2024-05-18 16:03:00,2031667380000,2031667380000,1,0,28
2938,1,English,2024-05-18,2024-05-18 18:03:00,2024-05-18 18:03:00,2031674580000,2031674580000,1,0,39
2939,1,English,2024-05-18,2024-05-18 20:03:00,2024-05-18 20:03:00,2031681780000,2031681780000,1,0,50
2940,1,English,2024-05-18,2024-05-18 22:03:00,2024-05-18 22:03:00,2031688980000,2031688980000,1,0,61
2941,2,Simplified Chinese,2024-05-18,2024-05-18 00:06:00,2024-05-18 00:06:00,2031609960000,2031609960000,1,0,445
2942,2,Simplified Chinese,2024-05-18,2024-05-18 02:06:00,2024-05-18 02:06:00,2031617160000,2031617160000,1,0,456
2943,2,Simplified Chinese,2024-05-18,2024-05-18 04:06:00,2024-05-18 04:06:00,2031624360000,2031624360000,1,0,467
2944,2,Simplified Chinese,2024-05-18,2024-05-18 06:06:00,2024-05-18 06:06:00,2031631560000,2031631560000,1,0,478
2945,2,Simplified Chinese,2024-05-18,2024-05-18 08:06:00,2024-05-18 08:06:00,2031638760000,2031638760000,1,0,489
2946,2,Simplified Chinese,2024-05-18,2024-05-18 10:06:00,2024-05-18 10:06:00,2031645960000,2031645960000,1,0,500
2947,2,Simplified Chinese,2024-05-18,2024-05-18 12:06:00,2024-05-19 14:06:00,2031653160000,2031746760000,1,1,11
2948,2,Simplified Chinese,2024-05-18,2024-05-18 14:06:00,2024-05-18 14:06:00,2031660360000,2031660360000,1,0,22
2949,2,Simplified Chinese,2024-05-18,2024-05-18 16:06:00,2024-05-18 16:06:00,2031667560000,2031667560000,1,0,33
2950,2,Simplified Chinese,2024-05-18,2024-05-18 18:06:00,2024-05-18 18:06:00,2031674760000,2031674760000,1,0,44
2951,2,Simplified Chinese,2024-05-18,2024-05-18 20:06:00,2024-05-18 20:06:00,2031681960000,2031681960000,1,0,55
2952,2,Simplified Chinese,2024-05-18,2024-05-18 22:06:00,2024-05-18 22:06:00,2031689160000,2031689160000,1,0,66
2953,3,Spanish,2024-05-18,2024-05-18 00:09:00,2024-05-18 00:09:00,2031610140000,2031610140000,1,0,450
2954,3,Spanish,2024-05-18,2024-05-18 02:09:00,2024-05-18 02:09:00,2031617340000,2031617340000,1,0,461
2955,3,Spanish,2024-05-18,2024-05-18 04:09:00,2024-05-21 07:09:00,2031624540000,2031894540000,1,1,472
2956,3,Spanish,2024-05-18,2024-05-18 06:09:00,2024-05-18 06:09:00,2031631740000,2031631740000,1,0,483
2957,3,Spanish,2024-05-18,2024-05-18 08:09:00,2024-05-18 08:09:00,2031638940000,2031638940000,1,0,494
2958,3,Spanish,2024-05-18,2024-05-18 10:09:00,2024-05-18 10:09:00,2031646140000,2031646140000,1,0,505
2959,3,Spanish,2024-05-18,2024-05-18 12:09:00,2024-05-18 12:09:00,2031653340000,2031653340000,0,0,16
2960,3,Spanish,2024-05-18,2024-05-18 14:09:00,2024-05-18 14:09:00,2031660540000,2031660540000,1,0,27
2961,3,Spanish,2024-05-18,2024-05-18 16:09:00,2024-05-18 16:09:00,2031667740000,2031667740000,1,0,38
2962,3,Spanish,2024-05-18,2024-05-18 18:09:00,2024-05-19 21:09:00,2031674940000,2031772140000,1,1,49
2963,3,Spanish,2024-05-18,2024-05-18 20:09:00,2024-05-18 20:09:00,2031682140000,2031682140000,1,0,60
2964,3,Spanish,2024-05-18,2024-05-18 22:09:00,2024-05-18 22:09:00,2031689340000,2031689340000,1,0,71
2965,4,Japanese,2024-05-18,2024-05-18 00:12:00,2024-05-18 00:12:00,2031610320000,2031610320000,1,0,455
2966,4,Japanese,2024-05-18,2024-05-18 02:12:00,2024-05-18 02:12:00,2031617520000,2031617520000,1,0,466
2967,4,Japanese,2024-05-18,2024-05-18 04:12:00,2024-05-18 04:12:00,2031624720000,2031624720000,1,0,477
2968,4,Japanese,2024-05-18,2024-05-18 06:12:00,2024-05-18 06:12:00,2031631920000,2031631920000,1,0,488
2969,4,Japanese,2024-05-18,2024-05-18 08:12:00,2024-05-18 08:12:00,2031639120000,2031639120000,1,0,499
2970,4,Japanese,2024-05-18,2024-05-18 10:12:00,2024-05-21 14:12:00,2031646320000,2031919920000,1,1,10
2971,4,Japanese,2024-05-18,2024-05-18 12:12:00,2024-05-18 12:12:00,2031653520000,2031653520000,1,0,21
2972,4,Japanese,2024-05-18,2024-05-18 14:12:00,2024-05-18 14:12:00,2031660720000,2031660720000,1,0,32
2973,4,Japanese,2024-05-18,2024-05-18 16:12:00,2024-05-18 16:12:00,2031667920000,2031667920000,1,0,43
2974,4,Japanese,2024-05-18,2024-05-18 18:12:00,2024-05-18 18:12:00,2031675120000,2031675120000,1,0,54
2975,4,Japanese,2024-05-18,2024-05-18 20:12:00,2024-05-18 20:12:00,2031682320000,2031682320000,1,0,65
2976,4,Japanese,2024-05-18,2024-05-18 22:12:00,2024-05-18 22:12:00,2031689520000,2031689520000,1,0,76
2977,1,English,2024-05-19,2024-05-19 00:03:00,2024-05-19 00:03:00,2031696180000,2031696180000,1,0,447
2978,1,English,2024-05-19,2024-05-19 02:03:00,2024-05-19 02:03:00,2031703380000,2031703380000,1,0,458
2979,1,English,2024-05-19,2024-05-19 04:03:00,2024-05-19 04:03:00,2031710580000,2031710580000,1,0,469
2980,1,English,2024-05-19,2024-05-19 06:03:00,2024-05-19 06:03:00,2031717780000,2031717780000,1,0,480
2981,1,English,2024-05-19,2024-05-19 08:03:00,2024-05-19 08:03:00,2031724980000,2031724980000,1,0,491
2982,1,English,2024-05-19,2024-05-19 10:03:00,2024-05-19 10:03:00,2031732180000,2031732180000,1,0,502
2983,1,English,2024-05-19,2024-05-19 12:03:00,2024-05-19 12:03:00,2031739380000,2031739380000,1,0,13
2984,1,English,2024-05-19,2024-05-19 14:03:00,2024-05-19 14:03:00,2031746580000,2031746580000,1,0,24
2985,1,English,2024-05-19,2024-05-19 16:03:00,2024-05-19 16:03:00,2031753780000,2031753780000,1,0,35
2986,1,English,2024-05-19,2024-05-19 18:03:00,2024-05-20 19:03:00,2031760980000,2031850980000,1,1,46
2987,1,English,2024-05-19,2024-05-19 20:03:00,2024-05-19 20:03:00,2031768180000,2031768180000,1,0,57
2988,1,English,2024-05-19,2024-05-19 22:03:00,2024-05-19 22:03:00,2031775380000,2031775380000,1,0,68
2989,2,Simplified Chinese,2024-05-19,2024-05-19 00:06:00,2024-05-19 00:06:00,2031696360000,2031696360000,1,0,452
2990,2,Simplified Chinese,2024-05-19,2024-05-19 02:06:00,2024-05-19 02:06:00,2031703560000,2031703560000,1,0,463
2991,2,Simplified Chinese,2024-05-19,2024-05-19 04:06:00,2024-05-19 04:06:00,2031710760000,2031710760000,1,0,474
2992,2,Simplified Chinese,2024-05-19,2024-05-19 06:06:00,2024-05-19 06:06:00,2031717960000,2031717960000,1,0,485
2993,2,Simplified Chinese,2024-05-19,2024-05-19 08:06:00,2024-05-19 08:06:00,2031725160000,2031725160000,1,0,496
2994,2,Simplified Chinese,2024-05-19,2024-05-19 10:06:00,2024-05-19 10:06:00,2031732360000,2031732360000,1,0,507
2995,2,Simplified Chinese,2024-05-19,2024-05-19 12:06:00,2024-05-19 12:06:00,2031739560000,2031739560000,0,0,18
2996,2,Simplified Chinese,2024-05-19,2024-05-19 14:06:00,2024-05-19 14:06:00,2031746760000,2031746760000,1,0,29
2997,2,Simplified Chinese,2024-05-19,2024-05-19 16:06:00,2024-05-19 16:06:00,2031753960000,2031753960000,1,0,40
2998,2,Simplified Chinese,2024-05-19,2024-05-19 18:06:00,2024-05-19 18:06:00,2031761160000,2031761160000,1,0,51
2999,2,Simplified Chinese,2024-05-19,2024-05-19 20:06:00,2024-05-19 20:06:00,2031768360000,2031768360000,1,0,62
3000,2,Simplified Chinese,2024-05-19,2024-05-19 22:06:00,2024-05-19 22:06:00,2031775560000,2031775560000,1,0,73
3001,3,Spanish,2024-05-19,2024-05-19 00:09:00,2024-05-19 00:09:00,2031696540000,2031696540000,1,0,457
3002,3,Spanish,2024-05-19,2024-05-19 02:09:00,2024-05-19 02:09:00,2031703740000,2031703740000,1,0,468
3003,3,Spanish,2024-05-19,2024-05-19 04:09:00,2024-05-19 04:09:00,2031710940000,2031710940000,1,0,479
3004,3,Spanish,2024-05-19,2024-05-19 06:09:00,2024-05-19 06:09:00,2031718140000,2031718140000,1,0,490
3005,3,Spanish,2024-05-19,2024-05-19 08:09:00,2024-05-19 08:09:00,2031725340000,2031725340000,1,0,501
3006,3,Spanish,2024-05-19,2024-05-19 10:09:00,2024-05-19 10:09:00,2031732540000,2031732540000,1,0,12
3007,3,Spanish,2024-05-19,2024-05-19 12:09:00,2024-05-19 12:09:00,2031739740000,2031739740000,1,0,23
3008,3,Spanish,2024-05-19,2024-05-19 14:09:00,2024-05-19 14:09:00,2031746940000,2031746940000,1,0,34
3009,3,Spanish,2024-05-19,2024-05-19 16:09:00,2024-05-19 16:09:00,2031754140000,2031754140000,1,0,45
3010,3,Spanish,2024-05-19,2024-05-19 18:09:00,2024-05-19 18:09:00,2031761340000,2031761340000,1,0,56
3011,3,Spanish,2024-05-19,2024-05-19 20:09:00,2024-05-19 20:09:00,2031768540000,2031768540000,1,0,67
3012,3,Spanish,2024-05-19,2024-05-19 22:09:00,2024-05-19 22:09:00,2031775740000,2031775740000,1,0,78
3013,4,Japanese,2024-05-19,2024-05-19 00:12:00,2024-05-19 00:12:00,2031696720000,2031696720000,1,0,462
3014,4,Japanese,2024-05-19,2024-05-19 02:12:00,2024-05-19 02:12:00,2031703920000,2031703920000,1,0,473
3015,4,Japanese,2024-05-19,2024-05-19 04:12:00,2024-05-19 04:12:00,2031711120000,2031711120000,1,0,484
3016,4,Japanese,2024-05-19,2024-05-19 06:12:00,2024-05-19 06:12:00,2031718320000,2031718320000,1,0,495
3017,4,Japanese,2024-05-19,2024-05-19 08:12:00,2024-05-19 08:12:00,2031725520000,2031725520000,1,0,506
3018,4,Japanese,2024-05-19,2024-05-19 10:12:00,2024-05-19 10:12:00,2031732720000,2031732720000,1,0,17
3019,4,Japanese,2024-05-19,2024-05-19 12:12:00,2024-05-19 12:12:00,2031739920000,2031739920000,1,0,28
3020,4,Japanese,2024-05-19,2024-05-19 14:12:00,2024-05-19 14:12:00,2031747120000,2031747120000,1,0,39
3021,4,Japanese,2024-05-19,2024-05-19 16:12:00,2024-05-19 16:12:00,2031754320000,2031754320000,0,0,50
3022,4,Japanese,2024-05-19,2024-05-19 18:12:00,2024-05-19 18:12:00,2031761520000,2031761520000,1,0,61
3023,4,Japanese,2024-05-19,2024-05-19 20:12:00,2024-05-19 20:12:00,2031768720000,2031768720000,1,0,72
3024,4,Japanese,2024-05-19,2024-05-19 22:12:00,2024-05-19 22:12:00,2031775920000,2031775920000,1,0,83
3025,1,English,2024-05-20,2024-05-20 00:03:00,2024-05-20 00:03:00,2031782580000,2031782580000,1,0,454
3026,1,English,2024-05-20,2024-05-20 02:03:00,2024-05-20 02:03:00,2031789780000,2031789780000,1,0,465
3027,1,English,2024-05-20,2024-05-20 04:03:00,2024-05-20 04:03:00,2031796980000,2031796980000,1,0,476
3028,1,English,2024-05-20,2024-05-20 06:03:00,2024-05-20 06:03:00,2031804180000,2031804180000,1,0,487
3029,1,English,2024-05-20,2024-05-20 08:03:00,2024-05-20 08:03:00,2031811380000,2031811380000,1,0,498
3030,1,English,2024-05-20,2024-05-20 10:03:00,2024-05-20 10:03:00,2031818580000,2031818580000,1,0,9
3031,1,English,2024-05-20,2024-05-20 12:03:00,2024-05-20 12:03:00,2031825780000,2031825780000,1,0,20
3032,1,English,2024-05-20,2024-05-20 14:03:00,2024-05-20 14:03:00,2031832980000,2031832980000,1,0,31
3033,1,English,2024-05-20,2024-05-20 16:03:00,2024-05-20 16:03:00,2031840180000,2031840180000,1,0,42
3034,1,English,2024-05-20,2024-05-20 18:03:00,2024-05-20 18:03:00,2031847380000,2031847380000,1,0,53
3035,1,English,2024-05-20,2024-05-20 20:03:00,2024-05-20 20:03:00,2031854580000,2031854580000,1,0,64
3036,1,English,2024-05-20,2024-05-20 22:03:00,2024-05-20 22:03:00,2031861780000,2031861780000,1,0,75
3037,2,Simplified Chinese,2024-05-20,2024-05-20 00:06:00,2024-05-20 00:06:00,2031782760000,2031782760000,1,0,459
3038,2,Simplified Chinese,2024-05-20,2024-05-20 02:06:00,2024-05-22 04:06:00,2031789960000,2031969960000,1,1,470
3039,2,Simplified Chinese,2024-05-20,2024-05-20 04:06:00,2024-05-20 04:06:00,2031797160000,2031797160000,1,0,481
3040,2,Simplified Chinese,2024-05-20,2024-05-20 06:06:00,2024-05-20 06:06:00,2031804360000,2031804360000,1,0,492
3041,2,Simplified Chinese,2024-05-20,2024-05-20 08:06:00,2024-05-20 08:06:00,2031811560000,2031811560000,1,0,503
3042,2,Simplified Chinese,2024-05-20,2024-05-20 10:06:00,2024-05-20 10:06:00,2031818760000,2031818760000,1,0,14
3043,2,Simplified Chinese,2024-05-20,2024-05-20 12:06:00,2024-05-20 12:06:00,2031825960000,2031825960000,1,0,25
3044,2,Simplified Chinese,2024-05-20,2024-05-20 14:06:00,2024-05-20 14:06:00,2031833160000,2031833160000,1,0,36
3045,2,Simplified Chinese,2024-05-20,2024-05-20 16:06:00,2024-05-23 18:06:00,2031840360000,2032106760000,1,1,47
3046,2,Simplified Chinese,2024-05-20,2024-05-20 18:06:00,2024-05-20 18:06:00,2031847560000,2031847560000,1,0,58
3047,2,Simplified Chinese,2024-05-20,2024-05-20 20:06:00,2024-05-20 20:06:00,2031854760000,2031854760000,1,0,69
3048,2,Simplified Chinese,2024-05-20,2024-05-20 22:06:00,2024-05-20 22:06:00,2031861960000,2031861960000,1,0,80
3049,3,Spanish,2024-05-20,2024-05-20 00:09:00,2024-05-20 00:09:00,2031782940000,2031782940000,1,0,464
3050,3,Spanish,2024-05-20,2024-05-20 02:09:00,2024-05-20 02:09:00,2031790140000,2031790140000,1,0,475
3051,3,Spanish,2024-05-20,2024-05-20 04:09:00,2024-05-20 04:09:00,2031797340000,2031797340000,1,0,486
3052,3,Spanish,2024-05-20,2024-05-20 06:09:00,2024-05-20 06:09:00,2031804540000,2031804540000,1,0,497
3053,3,Spanish,2024-05-20,2024-05-20 08:09:00,2024-05-22 11:09:00,2031811740000,2031995340000,1,1,8
3054,3,Spanish,2024-05-20,2024-05-20 10:09:00,2024-05-20 10:09:00,2031818940000,2031818940000,1,0,19
3055,3,Spanish,2024-05-20,2024-05-20 12:09:00,2024-05-20 12:09:00,2031826140000,2031826140000,1,0,30
3056,3,Spanish,2024-05-20,2024-05-20 14:09:00,2024-05-20 14:09:00,2031833340000,2031833340000,1,0,41
3057,3,Spanish,2024-05-20,2024-05-20 16:09:00,2024-05-20 16:09:00,2031840540000,2031840540000,0,0,52
3058,3,Spanish,2024-05-20,2024-05-20 18:09:00,2024-05-20 18:09:00,2031847740000,2031847740000,1,0,63
3059,3,Spanish,2024-05-20,2024-05-20 20:09:00,2024-05-20 20:09:00,2031854940000,2031854940000,1,0,74
3060,3,Spanish,2024-05-20,2024-05-20 22:09:00,2024-05-20 22:09:00,2031862140000,2031862140000,1,0,85
3061,4,Japanese,2024-05-20,2024-05-20 00:12:00,2024-05-21 04:12:00,2031783120000,2031883920000,1,1,469
3062,4,Japanese,2024-05-20,2024-05-20 02:12:00,2024-05-20 02:12:00,2031790320000,2031790320000,0,0,480
3063,4,Japanese,2024-05-20,2024-05-20 04:12:00,2024-05-20 04:12:00,2031797520000,2031797520000,1,0,491
3064,4,Japanese,2024-05-20,2024-05-20 06:12:00,2024-05-20 06:12:00,2031804720000,2031804720000,1,0,502
3065,4,Japanese,2024-05-20,2024-05-20 08:12:00,2024-05-20 08:12:00,2031811920000,2031811920000,1,0,13
3066,4,Japanese,2024-05-20,2024-05-20 10:12:00,2024-05-20 10:12:00,2031819120000,2031819120000,1,0,24
3067,4,Japanese,2024-05-20,2024-05-20 12:12:00,2024-05-20 12:12:00,2031826320000,2031826320000,1,0,35
3068,4,Japanese,2024-05-20,2024-05-20 14:12:00,2024-05-22 18:12:00,2031833520000,2032020720000,1,1,46
3069,4,Japanese,2024-05-20,2024-05-20 16:12:00,2024-05-20 16:12:00,2031840720000,2031840720000,1,0,57
3070,4,Japanese,2024-05-20,2024-05-20 18:12:00,2024-05-20 18:12:00,2031847920000,2031847920000,1,0,68
3071,4,Japanese,2024-05-20,2024-05-20 20:12:00,2024-05-20 20:12:00,2031855120000,2031855120000,1,0,79
3072,4,Japanese,2024-05-20,2024-05-20 22:12:00,2024-05-20 22:12:00,2031862320000,2031862320000,1,0,90
3073,1,English,2024-05-21,2024-05-21 00:03:00,2024-05-21 00:03:00,2031868980000,2031868980000,1,0,461
3074,1,English,2024-05-21,2024-05-21 02:03:00,2024-05-21 02:03:00,2031876180000,2031876180000,1,0,472
3075,1,English,2024-05-21,2024-05-21 04:03:00,2024-05-21 04:03:00,2031883380000,2031883380000,1,0,483
3076,1,English,2024-05-21,2024-05-21 06:03:00,2024-05-21 06:03:00,2031890580000,2031890580000,1,0,494
3077,1,English,2024-05-21,2024-05-21 08:03:00,2024-05-23 09:03:00,2031897780000,2032074180000,1,1,505
3078,1,English,2024-05-21,2024-05-21 10:03:00,2024-05-21 10:03:00,2031904980000,2031904980000,1,0,16
3079,1,English,2024-05-21,2024-05-21 12:03:00,2024-05-21 12:03:00,2031912180000,2031912180000,1,0,27
3080,1,English,2024-05-21,2024-05-21 14:03:00,2024-05-21 14:03:00,2031919380000,2031919380000,1,0,38
3081,1,English,2024-05-21,2024-05-21 16:03:00,2024-05-21 16:03:00,2031926580000,2031926580000,1,0,49
3082,1,English,2024-05-21,2024-05-21 18:03:00,2024-05-21 18:03:00,2031933780000,2031933780000,1,0,60
3083,1,English,2024-05-21,2024-05-21 20:03:00,2024-05-21 20:03:00,2031940980000,2031940980000,1,0,71
3084,1,English,2024-05-21,2024-05-21 22:03:00,2024-05-24 23:03:00,2031948180000,2032210980000,1,1,82
3085,2,Simplified Chinese,2024-05-21,2024-05-21 00:06:00,2024-05-21 00:06:00,2031869160000,2031869160000,1,0,466
3086,2,Simplified Chinese,2024-05-21,2024-05-21 02:06:00,2024-05-21 02:06:00,2031876360000,2031876360000,1,0,477
3087,2,Simplified Chinese,2024-05-21,2024-05-21 04:06:00,2024-05-21 04:06:00,2031883560000,2031883560000,1,0,488
3088,2,Simplified Chinese,2024-05-21,2024-05-21 06:06:00,2024-05-21 06:06:00,2031890760000,2031890760000,1,0,499
3089,2,Simplified Chinese,2024-05-21,2024-05-21 08:06:00,2024-05-21 08:06:00,2031897960000,2031897960000,1,0,10
3090,2,Simplified Chinese,2024-05-21,2024-05-21 10:06:00,2024-05-21 10:06:00,2031905160000,2031905160000,1,0,21
3091,2,Simplified Chinese,2024-05-21,2024-05-21 12:06:00,2024-05-21 12:06:00,2031912360000,2031912360000,1,0,32
3092,2,Simplified Chinese,2024-05-21,2024-05-21 14:06:00,2024-05-23 16:06:00,2031919560000,2032099560000,1,1,43
3093,2,Simplified Chinese,2024-05-21,2024-05-21 16:06:00,2024-05-21 16:06:00,2031926760000,2031926760000,0,0,54
3094,2,Simplified Chinese,2024-05-21,2024-05-21 18:06:00,2024-05-21 18:06:00,2031933960000,2031933960000,1,0,65
3095,2,Simplified Chinese,2024-05-21,2024-05-21 20:06:00,2024-05-21 20:06:00,2031941160000,2031941160000,1,0,76
3096,2,Simplified Chinese,2024-05-21,2024-05-21 22:06:00,2024-05-21 22:06:00,2031948360000,2031948360000,1,0,87
3097,3,Spanish,2024-05-21,2024-05-21 00:09:00,2024-05-21 00:09:00,2031869340000,2031869340000,1,0,471
3098,3,Spanish,2024-05-21,2024-05-21 02:09:00,2024-05-21 02:09:00,2031876540000,2031876540000,0,0,482
3099,3,Spanish,2024-05-21,2024-05-21 04:09:00,2024-05-21 04:09:00,2031883740000,2031883740000,1,0,493
3100,3,Spanish,2024-05-21,2024-05-21 06:09:00,2024-05-21 06:09:00,2031890940000,2031890940000,1,0,504
3101,3,Spanish,2024-05-21,2024-05-21 08:09:00,2024-05-21 08:09:00,2031898140000,2031898140000,1,0,15
3102,3,Spanish,2024-05-21,2024-05-21 10:09:00,2024-05-21 10:09:00,2031905340000,2031905340000,1,0,26
3103,3,Spanish,2024-05-21,2024-05-21 12:09:00,2024-05-21 12:09:00,2031912540000,2031912540000,1,0,37
3104,3,Spanish,2024-05-21,2024-05-21 14:09:00,2024-05-21 14:09:00,2031919740000,2031919740000,1,0,48
3105,3,Spanish,2024-05-21,2024-05-21 16:09:00,2024-05-21 16:09:00,2031926940000,2031926940000,1,0,59
3106,3,Spanish,2024-05-21,2024-05-21 18:09:00,2024-05-21 18:09:00,2031934140000,2031934140000,1,0,70
3107,3,Spanish,2024-05-21,2024-05-21 20:09:00,2024-05-23 23:09:00,2031941340000,2032124940000,1,1,81
3108,3,Spanish,2024-05-21,2024-05-21 22:09:00,2024-05-21 22:09:00,2031948540000,2031948540000,1,0,92
3109,4,Japanese,2024-05-21,2024-05-21 00:12:00,2024-05-21 00:12:00,2031869520000,2031869520000,1,0,476
3110,4,Japanese,2024-05-21,2024-05-21 02:12:00,2024-05-21 02:12:00,2031876720000,2031876720000,1,0,487
3111,4,Japanese,2024-05-21,2024-05-21 04:12:00,2024-05-21 04:12:00,2031883920000,2031883920000,1,0,498
3112,4,Japanese,2024-05-21,2024-05-21 06:12:00,2024-05-21 06:12:00,2031891120000,2031891120000,1,0,9
3113,4,Japanese,2024-05-21,2024-05-21 08:12:00,2024-05-21 08:12:00,2031898320000,2031898320000,1,0,20
3114,4,Japanese,2024-05-21,2024-05-21 10:12:00,2024-05-21 10:12:00,2031905520000,2031905520000,1,0,31
3115,4,Japanese,2024-05-21,2024-05-21 12:12:00,2024-05-21 12:12:00,2031912720000,2031912720000,1,0,42
3116,4,Japanese,2024-05-21,2024-05-21 14:12:00,2024-05-21 14:12:00,2031919920000,2031919920000,1,0,53
3117,4,Japanese,2024-05-21,2024-05-21 16:12:00,2024-05-21 16:12:00,2031927120000,2031927120000,1,0,64
3118,4,Japanese,2024-05-21,2024-05-21 18:12:00,2024-05-21 18:12:00,2031934320000,2031934320000,1,0,75
3119,4,Japanese,2024-05-21,2024-05-21 20:12:00,2024-05-21 20:12:00,2031941520000,2031941520000,0,0,86
3120,4,Japanese,2024-05-21,2024-05-21 22:12:00,2024-05-21 22:12:00,2031948720000,2031948720000,1,0,97
3121,1,English,2024-05-22,2024-05-22 00:03:00,2024-05-22 00:03:00,2031955380000,2031955380000,1,0,468
3122,1,English,2024-05-22,2024-05-22 02:03:00,2024-05-22 02:03:00,2031962580000,2031962580000,1,0,479
3123,1,English,2024-05-22,2024-05-22 04:03:00,2024-05-22 04:03:00,2031969780000,2031969780000,1,0,490
3124,1,English,2024-05-22,2024-05-22 06:03:00,2024-05-22 06:03:00,2031976980000,2031976980000,1,0,501
3125,1,English,2024-05-22,2024-05-22 08:03:00,2024-05-22 08:03:00,2031984180000,2031984180000,1,0,12
3126,1,English,2024-05-22,2024-05-22 10:03:00,2024-05-22 10:03:00,2031991380000,2031991380000,1,0,23
3127,1,English,2024-05-22,2024-05-22 12:03:00,2024-05-22 12:03:00,2031998580000,2031998580000,1,0,34
3128,1,English,2024-05-22,2024-05-22 14:03:00,2024-05-22 14:03:00,2032005780000,2032005780000,1,0,45
3129,1,English,2024-05-22,2024-05-22 16:03:00,2024-05-22 16:03:00,2032012980000,2032012980000,1,0,56
3130,1,English,2024-05-22,2024-05-22 18:03:00,2024-05-22 18:03:00,2032020180000,2032020180000,1,0,67
3131,1,English,2024-05-22,2024-05-22 20:03:00,2024-05-22 20:03:00,2032027380000,2032027380000,1,0,78
3132,1,English,2024-05-22,2024-05-22 22:03:00,2024-05-22 22:03:00,2032034580000,2032034580000,1,0,89
3133,2,Simplified Chinese,2024-05-22,2024-05-22 00:06:00,2024-05-22 00:06:00,2031955560000,2031955560000,1,0,473
3134,2,Simplified Chinese,2024-05-22,2024-05-22 02:06:00,2024-05-22 02:06:00,2031962760000,2031962760000,1,0,484
3135,2,Simplified Chinese,2024-05-22,2024-05-22 04:06:00,2024-05-22 04:06:00,2031969960000,2031969960000,1,0,495
3136,2,Simplified Chinese,2024-05-22,2024-05-22 06:06:00,2024-05-22 06:06:00,2031977160000,2031977160000,1,0,506
3137,2,Simplified Chinese,2024-05-22,2024-05-22 08:06:00,2024-05-22 08:06:00,2031984360000,2031984360000,1,0,17
3138,2,Simplified Chinese,2024-05-22,2024-05-22 10:06:00,2024-05-22 10:06:00,2031991560000,2031991560000,1,0,28
3139,2,Simplified Chinese,2024-05-22,2024-05-22 12:06:00,2024-05-22 12:06:00,2031998760000,2031998760000,1,0,39
3140,2,Simplified Chinese,2024-05-22,2024-05-22 14:06:00,2024-05-22 14:06:00,2032005960000,2032005960000,1,0,50
3141,2,Simplified Chinese,2024-05-22,2024-05-22 16:06:00,2024-05-22 16:06:00,2032013160000,2032013160000,1,0,61
3142,2,Simplified Chinese,2024-05-22,2024-05-22 18:06:00,2024-05-22 18:06:00,2032020360000,2032020360000,1,0,72
3143,2,Simplified Chinese,2024-05-22,2024-05-22 20:06:00,2024-05-22 20:06:00,2032027560000,2032027560000,1,0,83
3144,2,Simplified Chinese,2024-05-22,2024-05-22 22:06:00,2024-05-22 22:06:00,2032034760000,2032034760000,1,0,94
3145,3,Spanish,2024-05-22,2024-05-22 00:09:00,2024-05-22 00:09:00,2031955740000,2031955740000,1,0,478
3146,3,Spanish,2024-05-22,2024-05-22 02:09:00,2024-05-22 02:09:00,2031962940000,2031962940000,1,0,489
3147,3,Spanish,2024-05-22,2024-05-22 04:09:00,2024-05-22 04:09:00,2031970140000,2031970140000,1,0,500
3148,3,Spanish,2024-05-22,2024-05-22 06:09:00,2024-05-22 06:09:00,2031977340000,2031977340000,1,0,11
3149,3,Spanish,2024-05-22,2024-05-22 08:09:00,2024-05-22 08:09:00,2031984540000,2031984540000,1,0,22
3150,3,Spanish,2024-05-22,2024-05-22 10:09:00,2024-05-22 10:09:00,2031991740000,2031991740000,1,0,33
3151,3,Spanish,2024-05-22,2024-05-22 12:09:00,2024-05-22 12:09:00,2031998940000,2031998940000,1,0,44
3152,3,Spanish,2024-05-22,2024-05-22 14:09:00,2024-05-22 14:09:00,2032006140000,2032006140000,1,0,55
3153,3,Spanish,2024-05-22,2024-05-22 16:09:00,2024-05-22 16:09:00,2032013340000,2032013340000,1,0,66
3154,3,Spanish,2024-05-22,2024-05-22 18:09:00,2024-05-22 18:09:00,2032020540000,2032020540000,1,0,77
3155,3,Spanish,2024-05-22,2024-05-22 20:09:00,2024-05-22 20:09:00,2032027740000,2032027740000,0,0,88
3156,3,Spanish,2024-05-22,2024-05-22 22:09:00,2024-05-22 22:09:00,2032034940000,2032034940000,1,0,99
3157,4,Japanese,2024-05-22,2024-05-22 00:12:00,2024-05-22 00:12:00,2031955920000,2031955920000,1,0,483
3158,4,Japanese,2024-05-22,2024-05-22 02:12:00,2024-05-22 02:12:00,2031963120000,2031963120000,1,0,494
3159,4,Japanese,2024-05-22,2024-05-22 04:12:00,2024-05-22 04:12:00,2031970320000,2031970320000,1,0,505
3160,4,Japanese,2024-05-22,2024-05-22 06:12:00,2024-05-22 06:12:00,2031977520000,2031977520000,0,0,16
3161,4,Japanese,2024-05-22,2024-05-22 08:12:00,2024-05-22 08:12:00,2031984720000,2031984720000,1,0,27
3162,4,Japanese,2024-05-22,2024-05-22 10:12:00,2024-05-22 10:12:00,2031991920000,2031991920000,1,0,38
3163,4,Japanese,2024-05-22,2024-05-22 12:12:00,2024-05-22 12:12:00,2031999120000,2031999120000,1,0,49
3164,4,Japanese,2024-05-22,2024-05-22 14:12:00,2024-05-22 14:12:00,2032006320000,2032006320000,1,0,60
3165,4,Japanese,2024-05-22,2024-05-22 16:12:00,2024-05-22 16:12:00,2032013520000,2032013520000,1,0,71
3166,4,Japanese,2024-05-22,2024-05-22 18:12:00,2024-05-22 18:12:00,2032020720000,2032020720000,1,0,82
3167,4,Japanese,2024-05-22,2024-05-22 20:12:00,2024-05-22 20:12:00,2032027920000,2032027920000,1,0,93
3168,4,Japanese,2024-05-22,2024-05-22 22:12:00,2024-05-22 22:12:00,2032035120000,2032035120000,1,0,104
3169,1,English,2024-05-23,2024-05-23 00:03:00,2024-05-23 00:03:00,2032041780000,2032041780000,1,0,475
3170,1,English,2024-05-23,2024-05-23 02:03:00,2024-05-23 02:03:00,2032048980000,2032048980000,1,0,486
3171,1,English,2024-05-23,2024-05-23 04:03:00,2024-05-23 04:03:00,2032056180000,2032056180000,1,0,497
3172,1,English,2024-05-23,2024-05-23 06:03:00,2024-05-23 06:03:00,2032063380000,2032063380000,1,0,8
3173,1,English,2024-05-23,2024-05-23 08:03:00,2024-05-23 08:03:00,2032070580000,2032070580000,1,0,19
3174,1,English,2024-05-23,2024-05-23 10:03:00,2024-05-23 10:03:00,2032077780000,2032077780000,1,0,30
3175,1,English,2024-05-23,2024-05-23 12:03:00,2024-05-23 12:03:00,2032084980000,2032084980000,1,0,41
3176,1,English,2024-05-23,2024-05-23 14:03:00,2024-05-23 14:03:00,2032092180000,2032092180000,1,0,52
3177,1,English,2024-05-23,2024-05-23 16:03:00,2024-05-23 16:03:00,2032099380000,2032099380000,1,0,63
3178,1,English,2024-05-23,2024-05-23 18:03:00,2024-05-23 18:03:00,2032106580000,2032106580000,1,0,74
3179,1,English,2024-05-23,2024-05-23 20:03:00,2024-05-23 20:03:00,2032113780000,2032113780000,1,0,85
3180,1,English,2024-05-23,2024-05-23 22:03:00,2024-05-23 22:03:00,2032120980000,2032120980000,1,0,96
3181,2,Simplified Chinese,2024-05-23,2024-05-23 00:06:00,2024-05-23 00:06:00,2032041960000,2032041960000,1,0,480
3182,2,Simplified Chinese,2024-05-23,2024-05-23 02:06:00,2024-05-23 02:06:00,2032049160000,2032049160000,1,0,491
3183,2,Simplified Chinese,2024-05-23,2024-05-23 04:06:00,2024-05-26 06:06:00,2032056360000,2032322760000,1,1,502
3184,2,Simplified Chinese,2024-05-23,2024-05-23 06:06:00,2024-05-23 06:06:00,2032063560000,2032063560000,1,0,13
3185,2,Simplified Chinese,2024-05-23,2024-05-23 08:06:00,2024-05-23 08:06:00,2032070760000,2032070760000,1,0,24
3186,2,Simplified Chinese,2024-05-23,2024-05-23 10:06:00,2024-05-23 10:06:00,2032077960000,2032077960000,1,0,35
3187,2,Simplified Chinese,2024-05-23,2024-05-23 12:06:00,2024-05-23 12:06:00,2032085160000,2032085160000,1,0,46
3188,2,Simplified Chinese,2024-05-23,2024-05-23 14:06:00,2024-05-23 14:06:00,2032092360000,2032092360000,1,0,57
3189,2,Simplified Chinese,2024-05-23,2024-05-23 16:06:00,2024-05-23 16:06:00,2032099560000,2032099560000,1,0,68
3190,2,Simplified Chinese,2024-05-23,2024-05-23 18:06:00,2024-05-24 20:06:00,2032106760000,2032200360000,1,1,79
3191,2,Simplified Chinese,2024-05-23,2024-05-23 20:06:00,2024-05-23 20:06:00,2032113960000,2032113960000,0,0,90
3192,2,Simplified Chinese,2024-05-23,2024-05-23 22:06:00,2024-05-23 22:06:00,2032121160000,2032121160000,1,0,101
3193,3,Spanish,2024-05-23,2024-05-23 00:09:00,2024-05-23 00:09:00,2032042140000,2032042140000,1,0,485
3194,3,Spanish,2024-05-23,2024-05-23 02:09:00,2024-05-23 02:09:00,2032049340000,2032049340000,1,0,496
3195,3,Spanish,2024-05-23,2024-05-23 04:09:00,2024-05-23 04:09:00,2032056540000,2032056540000,1,0,507
3196,3,Spanish,2024-05-23,2024-05-23 06:09:00,2024-05-23 06:09:00,2032063740000,2032063740000,0,0,18
3197,3,Spanish,2024-05-23,2024-05-23 08:09:00,2024-05-23 08:09:00,2032070940000,2032070940000,1,0,29
3198,3,Spanish,2024-05-23,2024-05-23 10:09:00,2024-05-26 13:09:00,2032078140000,2032348140000,1,1,40
3199,3,Spanish,2024-05-23,2024-05-23 12:09:00,2024-05-23 12:09:00,2032085340000,2032085340000,1,0,51
3200,3,Spanish,2024-05-23,2024-05-23 14:09:00,2024-05-23 14:09:00,2032092540000,2032092540000,1,0,62
3201,3,Spanish,2024-05-23,2024-05-23 16:09:00,2024-05-23 16:09:00,2032099740000,2032099740000,1,0,73
3202,3,Spanish,2024-05-23,2024-05-23 18:09:00,2024-05-23 18:09:00,2032106940000,2032106940000,1,0,84
3203,3,Spanish,2024-05-23,2024-05-23 20:09:00,2024-05-23 20:09:00,2032114140000,2032114140000,1,0,95
3204,3,Spanish,2024-05-23,2024-05-23 22:09:00,2024-05-23 22:09:00,2032121340000,2032121340000,1,0,106
3205,4,Japanese,2024-05-23,2024-05-23 00:12:00,2024-05-23 00:12:00,2032042320000,2032042320000,1,0,490
3206,4,Japanese,2024-05-23,2024-05-23 02:12:00,2024-05-23 02:12:00,2032049520000,2032049520000,1,0,501
3207,4,Japanese,2024-05-23,2024-05-23 04:12:00,2024-05-23 04:12:00,2032056720000,2032056720000,1,0,12
3208,4,Japanese,2024-05-23,2024-05-23 06:12:00,2024-05-23 06:12:00,2032063920000,2032063920000,1,0,23
3209,4,Japanese,2024-05-23,2024-05-23 08:12:00,2024-05-23 08:12:00,2032071120000,2032071120000,1,0,34
3210,4,Japanese,2024-05-23,2024-05-23 10:12:00,2024-05-23 10:12:00,2032078320000,2032078320000,1,0,45
3211,4,Japanese,2024-05-23,2024-05-23 12:12:00,2024-05-23 12:12:00,2032085520000,2032085520000,1,0,56
3212,4,Japanese,2024-05-23,2024-05-23 14:12:00,2024-05-23 14:12:00,2032092720000,2032092720000,1,0,67
3213,4,Japanese,2024-05-23,2024-05-23 16:12:00,2024-05-26 20:12:00,2032099920000,2032373520000,1,1,78
3214,4,Japanese,2024-05-23,2024-05-23 18:12:00,2024-05-23 18:12:00,2032107120000,2032107120000,1,0,89
3215,4,Japanese,2024-05-23,2024-05-23 20:12:00,2024-05-23 20:12:00,2032114320000,2032114320000,1,0,100
3216,4,Japanese,2024-05-23,2024-05-23 22:12:00,2024-05-23 22:12:00,2032121520000,2032121520000,1,0,111
3217,1,English,2024-05-24,2024-05-24 00:03:00,2024-05-24 00:03:00,2032128180000,2032128180000,1,0,482
3218,1,English,2024-05-24,2024-05-24 02:03:00,2024-05-24 02:03:00,2032135380000,2032135380000,1,0,493
3219,1,English,2024-05-24,2024-05-24 04:03:00,2024-05-24 04:03:00,2032142580000,2032142580000,1,0,504
3220,1,English,2024-05-24,2024-05-24 06:03:00,2024-05-24 06:03:00,2032149780000,2032149780000,1,0,15
3221,1,English,2024-05-24,2024-05-24 08:03:00,2024-05-24 08:03:00,2032156980000,2032156980000,1,0,26
3222,1,English,2024-05-24,2024-05-24 10:03:00,2024-05-24 10:03:00,2032164180000,2032164180000,1,0,37
3223,1,English,2024-05-24,2024-05-24 12:03:00,2024-05-24 12:03:00,2032171380000,2032171380000,1,0,48
3224,1,English,2024-05-24,2024-05-24 14:03:00,2024-05-24 14:03:00,2032178580000,2032178580000,1,0,59
3225,1,English,2024-05-24,2024-05-24 16:03:00,2024-05-24 16:03:00,2032185780000,2032185780000,1,0,70
3226,1,English,2024-05-24,2024-05-24 18:03:00,2024-05-24 18:03:00,2032192980000,2032192980000,1,0,81
3227,1,English,2024-05-24,2024-05-24 20:03:00,2024-05-24 20:03:00,2032200180000,2032200180000,1,0,92
3228,1,English,2024-05-24,2024-05-24 22:03:00,2024-05-24 22:03:00,2032207380000,2032207380000,1,0,103
3229,2,Simplified Chinese,2024-05-24,2024-05-24 00:06:00,2024-05-24 00:06:00,2032128360000,2032128360000,1,0,487
3230,2,Simplified Chinese,2024-05-24,2024-05-24 02:06:00,2024-05-24 02:06:00,2032135560000,2032135560000,1,0,498
3231,2,Simplified Chinese,2024-05-24,2024-05-24 04:06:00,2024-05-24 04:06:00,2032142760000,2032142760000,1,0,9
3232,2,Simplified Chinese,2024-05-24,2024-05-24 06:06:00,2024-05-24 06:06:00,2032149960000,2032149960000,1,0,20
3233,2,Simplified Chinese,2024-05-24,2024-05-24 08:06:00,2024-05-24 08:06:00,2032157160000,2032157160000,1,0,31
3234,2,Simplified Chinese,2024-05-24,2024-05-24 10:06:00,2024-05-24 10:06:00,2032164360000,2032164360000,1,0,42
3235,2,Simplified Chinese,2024-05-24,2024-05-24 12:06:00,2024-05-24 12:06:00,2032171560000,2032171560000,1,0,53
3236,2,Simplified Chinese,2024-05-24,2024-05-24 14:06:00,2024-05-24 14:06:00,2032178760000,2032178760000,1,0,64
3237,2,Simplified Chinese,2024-05-24,2024-05-24 16:06:00,2024-05-24 16:06:00,2032185960000,2032185960000,1,0,75
3238,2,Simplified Chinese,2024-05-24,2024-05-24 18:06:00,2024-05-24 18:06:00,2032193160000,2032193160000,1,0,86
3239,2,Simplified Chinese,2024-05-24,2024-05-24 20:06:00,2024-05-24 20:06:00,2032200360000,2032200360000,1,0,97
3240,2,Simplified Chinese,2024-05-24,2024-05-24 22:06:00,2024-05-24 22:06:00,2032207560000,2032207560000,1,0,108
3241,3,Spanish,2024-05-24,2024-05-24 00:09:00,2024-05-24 00:09:00,2032128540000,2032128540000,1,0,492
3242,3,Spanish,2024-05-24,2024-05-24 02:09:00,2024-05-24 02:09:00,2032135740000,2032135740000,1,0,503
3243,3,Spanish,2024-05-24,2024-05-24 04:09:00,2024-05-24 04:09:00,2032142940000,2032142940000,1,0,14
3244,3,Spanish,2024-05-24,2024-05-24 06:09:00,2024-05-24 06:09:00,2032150140000,2032150140000,1,0,25
3245,3,Spanish,2024-05-24,2024-05-24 08:09:00,2024-05-24 08:09:00,2032157340000,2032157340000,1,0,36
3246,3,Spanish,2024-05-24,2024-05-24 10:09:00,2024-05-24 10:09:00,2032164540000,2032164540000,1,0,47
3247,3,Spanish,2024-05-24,2024-05-24 12:09:00,2024-05-24 12:09:00,2032171740000,2032171740000,1,0,58
3248,3,Spanish,2024-05-24,2024-05-24 14:09:00,2024-05-24 14:09:00,2032178940000,2032178940000,1,0,69
3249,3,Spanish,2024-05-24,2024-05-24 16:09:00,2024-05-24 16:09:00,2032186140000,2032186140000,1,0,80
3250,3,Spanish,2024-05-24,2024-05-24 18:09:00,2024-05-24 18:09:00,2032193340000,2032193340000,1,0,91
3251,3,Spanish,2024-05-24,2024-05-24 20:09:00,2024-05-24 20:09:00,2032200540000,2032200540000,1,0,102
3252,3,Spanish,2024-05-24,2024-05-24 22:09:00,2024-05-24 22:09:00,2032207740000,2032207740000,1,0,113
3253,4,Japanese,2024-05-24,2024-05-24 00:12:00,2024-05-24 00:12:00,2032128720000,2032128720000,1,0,497
3254,4,Japanese,2024-05-24,2024-05-24 02:12:00,2024-05-24 02:12:00,2032135920000,2032135920000,1,0,8
3255,4,Japanese,2024-05-24,2024-05-24 04:12:00,2024-05-24 04:12:00,2032143120000,2032143120000,1,0,19
3256,4,Japanese,2024-05-24,2024-05-24 06:12:00,2024-05-24 06:12:00,2032150320000,2032150320000,1,0,30
3257,4,Japanese,2024-05-24,2024-05-24 08:12:00,2024-05-24 08:12:00,2032157520000,2032157520000,1,0,41
3258,4,Japanese,2024-05-24,2024-05-24 10:12:00,2024-05-24 10:12:00,2032164720000,2032164720000,0,0,52
3259,4,Japanese,2024-05-24,2024-05-24 12:12:00,2024-05-24 12:12:00,2032171920000,2032171920000,1,0,63
3260,4,Japanese,2024-05-24,2024-05-24 14:12:00,2024-05-24 14:12:00,2032179120000,2032179120000,1,0,74
3261,4,Japanese,2024-05-24,2024-05-24 16:12:00,2024-05-24 16:12:00,2032186320000,2032186320000,1,0,85
3262,4,Japanese,2024-05-24,2024-05-24 18:12:00,2024-05-24 18:12:00,2032193520000,2032193520000,1,0,96
3263,4,Japanese,2024-05-24,2024-05-24 20:12:00,2024-05-24 20:12:00,2032200720000,2032200720000,1,0,107
3264,4,Japanese,2024-05-24,2024-05-24 22:12:00,2024-05-24 22:12:00,2032207920000,2032207920000,1,0,118
